state,city,lat,lon
AK,Adak,55.99972,-161.20778
AK,Akiachak,60.89185,-161.39233
AK,Akiak,60.89063,-161.19932
AK,Akutan,54.14301,-165.78537
AK,Alakanuk,62.74697,-164.60228
AK,Aleknagik,59.26969,-158.61988
AK,Allakaket,66.5432,-152.71215
AK,Ambler,67.46951,-156.45565
AK,Anaktuvuk Pass,68.11878,-151.679
AK,Anchor Point,59.78882,-151.73293
AK,Anchorage,61.21157,-149.87608
AK,Anderson,64.30069,-149.1718
AK,Angoon,57.56983,-134.37105
AK,Aniak,61.69165,-157.7585
AK,Anvik,62.83091,-160.13044
AK,Arctic Village,68.07739,-145.42311
AK,Atka,52.19917,-174.21333
AK,Atqasuk,71.29056,-156.78861
AK,Auke Bay,58.3833,-134.6597
AK,Barrow,71.23464,-156.81741
AK,Beaver,66.33883,-147.2798
AK,Bethel,60.83239,-161.82405
AK,Bettles Field,67.10049,-151.06241
AK,Big Lake,61.5842,-149.4401
AK,Brevig Mission,65.33419,-166.47858
AK,Buckland,65.98105,-161.13168
AK,Cantwell,63.39546,-148.89735
AK,Central,65.46806,-144.74886
AK,Chalkyitsik,66.719,-143.63812
AK,Chefornak,60.15375,-164.21029
AK,Chevak,61.58398,-164.77646
AK,Chicken,64.075,-141.93333
AK,Chignik,56.30164,-158.4157
AK,Chignik Lagoon,56.25128,-158.67353
AK,Chignik Lake,56.25556,-158.7625
AK,Chitina,61.51667,-144.43667
AK,Chugiak,61.4098,-149.45374
AK,Circle,65.82454,-144.08262
AK,Clam Gulch,60.2016,-151.42263
AK,Clarks Point,58.84921,-158.45124
AK,Clear,64.41812,-149.13988
AK,Coffman Cove,55.34222,-131.64611
AK,Cold Bay,55.61095,-161.94294
AK,Cooper Landing,60.47669,-149.82351
AK,Copper Center,61.91581,-144.97793
AK,Cordova,60.10256,-147.94332
AK,Craig,55.47317,-133.11708
AK,Crooked Creek,61.81807,-158.00248
AK,Deering,66.06226,-162.71195
AK,Delta Junction,64.00543,-145.61361
AK,Denali National Park,63.51608,-149.53953
AK,Dillingham,59.05928,-158.97353
AK,Douglas,58.2756,-134.39504
AK,Dutch Harbor,53.36276,-167.51066
AK,Eagle,64.78333,-141.2
AK,Eagle River,61.31136,-149.50851
AK,Eek,60.21506,-162.03234
AK,Egegik,58.20617,-157.3422
AK,Eielson Afb,64.67352,-147.08051
AK,Ekwok,59.36279,-157.47821
AK,Elfin Cove,58.195,-136.35833
AK,Elim,64.62166,-162.26037
AK,Elmendorf Afb,61.25153,-149.81267
AK,Emmonak,62.8274,-164.1313
AK,Ester,64.84667,-148.01667
AK,Fairbanks,64.84024,-147.71043
AK,False Pass,54.84103,-163.43685
AK,Fort Greely,64.03667,-145.73333
AK,Fort Richardson,61.27526,-149.67545
AK,Fort Wainwright,64.8283,-147.65567
AK,Fort Yukon,66.52074,-145.30644
AK,Gakona,62.65474,-143.56839
AK,Galena,64.76078,-156.7977
AK,Gambell,63.77656,-171.70168
AK,Girdwood,60.9425,-149.16639
AK,Glennallen,62.1039,-145.66168
AK,Goodnews Bay,59.08501,-161.58715
AK,Grayling,63.37201,-159.40491
AK,Gustavus,58.42835,-135.76154
AK,Haines,59.25189,-135.54203
AK,Healy,63.91712,-149.01113
AK,Holy Cross,62.19258,-159.82509
AK,Homer,59.66549,-151.46264
AK,Hoonah,58.03224,-135.55844
AK,Hooper Bay,61.53716,-165.89104
AK,Hope,60.92,-149.64167
AK,Houston,61.63361,-149.84111
AK,Hughes,66.03825,-154.26443
AK,Huslia,65.68992,-156.29198
AK,Hydaburg,55.13741,-132.63317
AK,Hyder,55.92587,-130.12491
AK,Iliamna,59.56484,-155.46256
AK,Indian,60.9804,-149.4917
AK,Juneau,58.36277,-134.52943
AK,Kake,56.97583,-133.94722
AK,Kaktovik,70.04289,-143.63133
AK,Kalskag,61.54101,-160.3261
AK,Kaltag,64.33045,-158.72425
AK,Karluk,57.57,-154.45833
AK,Kasigluk,60.89556,-162.52056
AK,Kasilof,60.31636,-151.28958
AK,Kenai,60.61447,-151.25456
AK,Ketchikan,55.37203,-131.68318
AK,Kiana,67.18026,-158.1522
AK,King Cove,55.06285,-162.30556
AK,King Salmon,58.72426,-156.6416
AK,Kipnuk,59.9232,-164.10101
AK,Kivalina,67.66586,-163.73362
AK,Klawock,55.55261,-133.0555
AK,Kobuk,66.91225,-157.06686
AK,Kodiak,57.78197,-152.50017
AK,Kongiganak,60.9888,-149.4116
AK,Kotlik,63.02947,-163.55415
AK,Kotzebue,66.84646,-162.12649
AK,Koyuk,64.93167,-161.14996
AK,Koyukuk,64.88333,-157.7
AK,Kwethluk,60.77181,-161.38849
AK,Kwigillingok,59.88102,-162.98494
AK,Lake Minchumina,63.90388,-152.43008
AK,Larsen Bay,57.53833,-153.98
AK,Levelock,59.37139,-154.97681
AK,Lower Kalskag,61.51377,-160.35997
AK,Manley Hot Springs,65.02058,-150.57327
AK,Manokotak,59.00956,-158.9897
AK,Marshall,61.83709,-161.7394
AK,Mc Grath,62.96715,-155.58515
AK,Mekoryuk,60.36568,-166.28358
AK,Metlakatla,55.12149,-131.579
AK,Meyers Chuck,55.74167,-132.25333
AK,Minto,65.0584,-149.69119
AK,Moose Pass,60.85852,-149.25591
AK,Mountain Village,62.15891,-163.88382
AK,Naknek,58.8857,-156.70541
AK,Napakiak,60.66376,-161.73814
AK,Nenana,64.55766,-149.08674
AK,New Stuyahok,59.59353,-157.2972
AK,Nightmute,60.47944,-164.72389
AK,Nikiski,60.69028,-151.28889
AK,Nikolai,63.0016,-154.38125
AK,Nikolski,52.98834,-168.78843
AK,Ninilchik,60.01083,-151.6396
AK,Noatak,66.97553,-160.50945
AK,Nome,64.50577,-165.31067
AK,Nondalton,60.03084,-154.73167
AK,Noorvik,66.83635,-161.04413
AK,North Pole,64.78049,-147.36935
AK,Northway,62.96417,-141.90861
AK,Nuiqsut,70.19274,-150.99712
AK,Nulato,64.77802,-157.99135
AK,Nunam Iqua,62.50917,-164.45333
AK,Nunapitchuk,60.89694,-162.45944
AK,Old Harbor,57.20278,-153.30389
AK,Ouzinkie,57.925,-152.49167
AK,Palmer,61.61381,-149.06532
AK,Pedro Bay,59.92238,-153.82186
AK,Pelican,57.96083,-136.2275
AK,Perryville,55.94529,-159.25933
AK,Petersburg,56.82713,-133.16068
AK,Pilot Point,57.59519,-157.44927
AK,Pilot Station,61.94616,-162.87472
AK,Platinum,58.63364,-162.0432
AK,Point Baker,56.30786,-133.37637
AK,Point Hope,68.31206,-166.72618
AK,Point Lay,69.70563,-162.90615
AK,Port Alexander,57.05,-135.33333
AK,Port Alsworth,60.63642,-154.4338
AK,Port Heiden,56.96433,-158.56637
AK,Port Lions,57.86667,-152.88333
AK,Prudhoe Bay,70.07006,-148.55964
AK,Quinhagak,59.73806,-161.87494
AK,Rampart,65.38363,-150.0112
AK,Red Devil,61.73539,-157.19597
AK,Ruby,64.72006,-155.50387
AK,Russian Mission,61.5913,-161.55841
AK,Saint George Island,56.60324,-169.54726
AK,Saint Marys,62.05411,-163.20526
AK,Saint Michael,63.47759,-162.10914
AK,Saint Paul Island,57.1787,-170.29341
AK,Salcha,64.50905,-146.95297
AK,Sand Point,55.31924,-160.49143
AK,Savoonga,63.67974,-170.47091
AK,Scammon Bay,61.84502,-165.58194
AK,Selawik,65.71354,-158.53429
AK,Seldovia,59.43667,-151.70833
AK,Seward,60.13287,-149.39849
AK,Shageluk,62.66109,-159.52816
AK,Shaktoolik,64.3755,-161.17459
AK,Shishmaref,66.23056,-166.13728
AK,Shungnak,66.95814,-157.6135
AK,Sitka,57.05144,-135.31657
AK,Skagway,59.46847,-135.30179
AK,Skwentna,61.95833,-151.18167
AK,Sleetmute,61.63455,-157.11828
AK,Soldotna,60.48178,-151.13582
AK,South Naknek,58.73622,-156.85029
AK,Stebbins,63.47847,-162.22735
AK,Sterling,60.52037,-150.84979
AK,Stevens Village,65.99589,-149.11829
AK,Sutton,61.79667,-148.46278
AK,Takotna,62.94889,-155.56639
AK,Talkeetna,62.26052,-150.1101
AK,Tanacross,63.38528,-143.34639
AK,Tanana,65.15648,-152.10375
AK,Tatitlek,60.86472,-146.67861
AK,Teller,65.24016,-166.3833
AK,Tenakee Springs,57.78,-135.21667
AK,Thorne Bay,55.66086,-132.51381
AK,Togiak,59.06667,-160.4
AK,Tok,63.33333,-142.98333
AK,Toksook Bay,60.537,-165.097
AK,Trapper Creek,61.44136,-150.28446
AK,Tuluksak,61.10885,-160.93892
AK,Tuntutuliak,60.8438,-161.6372
AK,Tununak,60.53932,-165.09746
AK,Two Rivers,64.87194,-147.03806
AK,Tyonek,61.11793,-151.3485
AK,Unalakleet,63.88348,-160.78836
AK,Unalaska,53.88711,-166.51986
AK,Valdez,60.89504,-146.19563
AK,Venetie,67.01045,-146.41372
AK,Wainwright,70.62006,-160.01253
AK,Wales,65.68821,-168.52052
AK,Ward Cove,55.40833,-131.725
AK,Wasilla,61.5814,-149.4394
AK,White Mountain,64.70279,-163.42185
AK,Whittier,60.775,-148.68333
AK,Willow,61.77151,-150.18889
AK,Wrangell,56.43352,-132.35292
AK,Yakutat,59.62021,-139.77886
AL,Abbeville,31.57548,-85.27904
AL,Abernant,33.29028,-87.19806
AL,Adamsville,33.58844,-86.95973
AL,Addison,34.20557,-87.19477
AL,Adger,33.43428,-87.16746
AL,Akron,32.87235,-87.70856
AL,Alabaster,33.23687,-86.81286
AL,Alberta,32.14489,-87.3425
AL,Albertville,34.27386,-86.20645
AL,Alexander City,32.94145,-85.95109
AL,Alexandria,33.78079,-85.89245
AL,Aliceville,33.12281,-88.16669
AL,Allgood,33.91194,-86.50944
AL,Alma,31.46389,-87.75389
AL,Alpine,33.33116,-86.20893
AL,Alton,33.57917,-86.6375
AL,Altoona,34.04292,-86.35088
AL,Andalusia,31.29714,-86.49047
AL,Anderson,34.95178,-87.27233
AL,Annemanie,32.05278,-87.57083
AL,Anniston,33.6539,-85.83815
AL,Arab,34.32834,-86.48964
AL,Ardmore,34.98045,-86.83461
AL,Ariton,31.583,-85.70772
AL,Arley,34.06323,-87.18276
AL,Arlington,32.06678,-87.55969
AL,Ashford,31.1888,-85.25349
AL,Ashland,33.24736,-85.82898
AL,Ashville,33.83737,-86.25517
AL,Athens,34.8036,-86.97073
AL,Atmore,31.05725,-87.48735
AL,Attalla,34.0296,-86.09672
AL,Auburn,32.60204,-85.489
AL,Auburn University,32.601,-85.4882
AL,Autaugaville,32.46246,-86.71494
AL,Axis,31.00682,-88.04274
AL,Baileyton,34.2683,-86.6213
AL,Banks,31.83679,-85.79984
AL,Bankston,33.70083,-87.68965
AL,Bay Minette,30.86354,-87.76444
AL,Bayou La Batre,30.40798,-88.2507
AL,Bear Creek,34.21347,-87.68608
AL,Beatrice,31.72732,-87.17191
AL,Beaverton,33.94288,-88.01567
AL,Belk,33.6475,-87.93139
AL,Bellamy,32.44889,-88.13361
AL,Belle Mina,34.65667,-86.87917
AL,Bellwood,31.17306,-85.79333
AL,Berry,33.69449,-87.62256
AL,Bessemer,33.409,-86.94755
AL,Billingsley,32.61058,-86.7163
AL,Birmingham,33.40156,-86.70551
AL,Birmingham,33.519,-86.8014
AL,Black,31.01318,-85.74563
AL,Blountsville,34.09294,-86.56863
AL,Boaz,34.17369,-86.148
AL,Boaz,34.17389,-86.12111
AL,Boligee,32.77465,-88.02665
AL,Bon Air,33.26361,-86.33556
AL,Bon Secour,30.32888,-87.72136
AL,Booth,32.50028,-86.57194
AL,Boykin,32.07778,-87.28139
AL,Brantley,31.57096,-86.27434
AL,Bremen,33.97366,-87.00428
AL,Brent,32.93567,-87.21139
AL,Brewton,31.11893,-87.06732
AL,Bridgeport,34.94464,-85.72768
AL,Brierfield,33.04275,-86.95167
AL,Brilliant,34.0377,-87.75632
AL,Brooklyn,31.2625,-86.77111
AL,Brookside,33.63778,-86.91667
AL,Brookwood,33.27752,-87.30903
AL,Brownsboro,34.71673,-86.4687
AL,Brundidge,31.70132,-85.81767
AL,Bryant,34.94503,-85.63245
AL,Bucks,31.01028,-88.02417
AL,Buhl,33.24945,-87.71889
AL,Burnt Corn,31.45801,-86.92577
AL,Burnwell,33.70778,-87.0875
AL,Butler,32.08291,-88.20639
AL,Bynum,33.61306,-85.96111
AL,Calera,33.1098,-86.75599
AL,Calvert,31.16056,-88.03111
AL,Camden,32.00473,-87.29505
AL,Camp Hill,32.78275,-85.64738
AL,Campbell,31.96351,-88.00607
AL,Capshaw,34.77306,-86.79278
AL,Carbon Hill,33.90925,-87.54033
AL,Cardiff,33.64556,-86.93361
AL,Carlton,31.32245,-87.83779
AL,Carrollton,33.24851,-88.13212
AL,Castleberry,31.32611,-87.02675
AL,Catherine,32.182,-87.48362
AL,Cecil,32.30089,-86.01124
AL,Cedar Bluff,34.24166,-85.60257
AL,Centre,34.11159,-85.60923
AL,Centreville,32.95032,-87.11924
AL,Chancellor,31.17338,-85.9109
AL,Chapman,31.67111,-86.71222
AL,Chatom,31.48764,-88.26989
AL,Chelsea,33.37158,-86.61413
AL,Cherokee,34.74419,-87.97244
AL,Childersburg,33.26693,-86.33762
AL,Choccolocco,33.65917,-85.70361
AL,Chunchula,30.99118,-88.13113
AL,Citronelle,31.04253,-88.25495
AL,Clanton,32.83553,-86.64247
AL,Clay,33.7025,-86.59972
AL,Clayton,31.88741,-85.45093
AL,Cleveland,33.99211,-86.55935
AL,Clinton,32.91361,-87.9925
AL,Clio,31.68521,-85.59042
AL,Clopton,31.60284,-85.48231
AL,Cloverdale,34.93861,-87.77139
AL,Coaling,33.15889,-87.34083
AL,Coden,30.41883,-88.16828
AL,Coffee Springs,31.13876,-85.91822
AL,Coffeeville,31.78428,-88.07154
AL,Coker,33.25261,-87.63653
AL,Collinsville,34.26796,-85.86197
AL,Columbia,31.33524,-85.14549
AL,Columbiana,33.17696,-86.61615
AL,Cook Springs,33.58972,-86.36194
AL,Coosada,32.49667,-86.33167
AL,Cordova,33.76803,-87.18406
AL,Cottondale,33.17667,-87.38705
AL,Cottonton,32.14667,-85.07389
AL,Cottonwood,31.09893,-85.37566
AL,Courtland,34.67187,-87.31426
AL,Cowarts,31.2,-85.30472
AL,Coy,31.88885,-87.39256
AL,Cragford,33.21715,-85.7108
AL,Crane Hill,34.08212,-87.04839
AL,Creola,30.90127,-88.01741
AL,Cropwell,33.50645,-86.28003
AL,Crossville,34.25878,-86.03057
AL,Cuba,32.41097,-88.36108
AL,Cullman,34.17615,-86.82978
AL,Cusseta,32.80319,-85.21579
AL,Dadeville,32.82239,-85.77039
AL,Daleville,31.28109,-85.73047
AL,Danville,34.45219,-87.05319
AL,Daphne,30.61972,-87.88952
AL,Dauphin Island,30.25206,-88.10964
AL,Daviston,33.03347,-85.75383
AL,Dawson,34.35684,-85.92916
AL,De Armanville,33.62639,-85.75139
AL,Deatsville,32.61341,-86.33821
AL,Decatur,34.5896,-86.98868
AL,Deer Park,31.18489,-88.32731
AL,Delmar,34.17,-87.60583
AL,Delta,33.4573,-85.67928
AL,Demopolis,32.49079,-87.83967
AL,Detroit,34.01087,-88.16063
AL,Dickinson,31.71717,-87.65693
AL,Dixons Mills,32.06721,-87.74536
AL,Docena,33.55944,-86.93111
AL,Dolomite,33.46542,-86.95643
AL,Dora,33.73495,-87.04015
AL,Dothan,31.20289,-85.41804
AL,Double Springs,34.13868,-87.39743
AL,Douglas,34.17361,-86.32361
AL,Dozier,31.50661,-86.36632
AL,Duncanville,33.08281,-87.49498
AL,Dutton,34.60456,-85.90673
AL,East Tallassee,32.60722,-85.80806
AL,Eastaboga,33.60313,-85.96075
AL,Echola,33.31656,-87.8072
AL,Eclectic,32.65419,-86.03161
AL,Edwardsville,33.70722,-85.50917
AL,Eight Mile,30.79507,-88.18231
AL,Elba,31.41373,-86.07773
AL,Elberta,30.39424,-87.58896
AL,Eldridge,33.93155,-87.6194
AL,Elkmont,34.91524,-86.91045
AL,Elmore,32.54538,-86.31613
AL,Elrod,33.34368,-87.80143
AL,Emelle,32.75496,-88.30575
AL,Empire,33.82559,-87.01614
AL,Enterprise,31.34079,-85.84211
AL,Epes,32.76337,-88.16144
AL,Equality,32.81391,-86.10506
AL,Estillfork,34.91302,-86.17157
AL,Ethelsville,33.38682,-88.22199
AL,Eufaula,31.90506,-85.1656
AL,Eutaw,32.88887,-87.9303
AL,Eva,34.34778,-86.70443
AL,Evergreen,31.4335,-86.95692
AL,Excel,31.42778,-87.34139
AL,Fackler,34.82589,-85.98465
AL,Fairfield,33.47349,-86.91826
AL,Fairhope,30.50116,-87.88355
AL,Falkville,34.34765,-86.91309
AL,Faunsdale,32.42326,-87.61808
AL,Fayette,33.6974,-87.83465
AL,Fitzpatrick,32.15161,-85.88833
AL,Five Points,33.04241,-85.32426
AL,Flat Rock,34.8076,-85.70837
AL,Flomaton,31.04023,-87.26636
AL,Florala,31.01719,-86.33853
AL,Florence,34.83055,-87.65599
AL,Foley,30.40066,-87.68574
AL,Forest Home,31.85318,-86.78638
AL,Forkland,32.64466,-87.88168
AL,Fort Davis,32.28945,-85.70069
AL,Fort Deposit,31.99598,-86.57614
AL,Fort Mitchell,32.34139,-85.02167
AL,Fort Payne,34.43679,-85.71239
AL,Fort Rucker,31.34801,-85.72137
AL,Fosters,33.13586,-87.73569
AL,Franklin,31.72381,-87.44124
AL,Frankville,31.64684,-88.13318
AL,Frisco City,31.42348,-87.38174
AL,Fruitdale,31.34884,-88.3766
AL,Fruithurst,33.77173,-85.43814
AL,Fulton,31.79095,-87.70807
AL,Fultondale,33.61128,-86.81361
AL,Furman,32.00667,-86.96694
AL,Fyffe,34.43728,-85.92885
AL,Gadsden,33.99725,-86.01028
AL,Gainestown,31.42582,-87.68218
AL,Gainesville,32.90836,-88.27156
AL,Gallant,33.99759,-86.23461
AL,Gallion,32.52977,-87.69854
AL,Gantt,31.41691,-86.41984
AL,Garden City,34.01444,-86.74694
AL,Gardendale,33.71891,-86.82248
AL,Gaylesville,34.35732,-85.55889
AL,Geneva,31.04144,-85.88475
AL,Georgiana,31.62866,-86.73396
AL,Geraldine,34.34386,-86.04039
AL,Gilbertown,31.8666,-88.32651
AL,Glen Allen,33.89944,-87.73028
AL,Glenwood,31.66414,-86.17097
AL,Goodsprings,33.66889,-87.23167
AL,Goodwater,33.07464,-86.07815
AL,Goodway,31.33667,-87.42583
AL,Gordo,33.34692,-87.9005
AL,Gordon,31.10019,-85.12341
AL,Goshen,31.82497,-86.10485
AL,Grady,32.0194,-86.12925
AL,Graham,33.46298,-85.33403
AL,Grand Bay,30.49829,-88.32825
AL,Grant,34.4959,-86.25904
AL,Graysville,33.63356,-86.94822
AL,Green Pond,33.225,-87.12639
AL,Greensboro,32.71672,-87.59049
AL,Greenville,31.81004,-86.62292
AL,Grove Hill,31.6755,-87.76357
AL,Groveoak,34.43587,-86.04002
AL,Guin,33.96762,-87.90238
AL,Gulf Shores,30.26895,-87.71279
AL,Guntersville,34.32193,-86.30546
AL,Gurley,34.71396,-86.39403
AL,Hackleburg,34.2678,-87.86076
AL,Haleyville,34.23142,-87.59381
AL,Hamilton,34.15341,-88.00852
AL,Hanceville,34.05157,-86.78484
AL,Hardaway,32.31294,-85.88384
AL,Harpersville,33.36746,-86.42944
AL,Hartford,31.08598,-85.7192
AL,Hartselle,34.44821,-86.92423
AL,Harvest,34.82732,-86.74993
AL,Hatchechubbee,32.28453,-85.30288
AL,Hayden,33.88581,-86.81767
AL,Hayneville,32.19571,-86.65499
AL,Hazel Green,34.94963,-86.59348
AL,Headland,31.35341,-85.33228
AL,Heflin,33.61151,-85.58847
AL,Helena,33.31698,-86.81379
AL,Henagar,34.6186,-85.72738
AL,Higdon,34.87325,-85.62251
AL,Highland Home,31.92829,-86.29711
AL,Hillsboro,34.64763,-87.18038
AL,Hodges,34.34166,-87.95902
AL,Hollins,33.1175,-86.14444
AL,Holly Pond,34.19009,-86.61744
AL,Hollytree,34.79898,-86.23363
AL,Hollywood,34.73043,-85.95317
AL,Holy Trinity,32.22222,-85.00528
AL,Honoraville,31.8784,-86.39806
AL,Hope Hull,32.22426,-86.39319
AL,Horton,34.19003,-86.31732
AL,Houston,34.11804,-87.26183
AL,Huntsville,34.72687,-86.56732
AL,Hurtsboro,32.24543,-85.3959
AL,Huxford,31.22,-87.46194
AL,Ider,34.73506,-85.64158
AL,Irvington,30.48024,-88.23956
AL,Jachin,32.24417,-88.23336
AL,Jack,31.55239,-86.04308
AL,Jackson,31.5131,-87.86719
AL,Jacksons Gap,32.8797,-85.84866
AL,Jacksonville,33.83097,-85.77518
AL,Jasper,33.87167,-87.24914
AL,Jefferson,32.38667,-87.89806
AL,Jemison,32.98054,-86.71805
AL,Jones,32.60851,-86.88927
AL,Joppa,34.28374,-86.55194
AL,Kansas,33.90167,-87.55194
AL,Kellerman,33.34056,-87.30472
AL,Kellyton,32.97907,-86.0484
AL,Kennedy,33.57496,-88.05172
AL,Kent,32.61889,-85.94861
AL,Killen,34.90163,-87.50818
AL,Kimberly,33.76835,-86.80842
AL,Kinston,31.26212,-86.06953
AL,Knoxville,32.98242,-87.79185
AL,Laceys Spring,34.49965,-86.61287
AL,Lafayette,32.92524,-85.44256
AL,Lanett,32.86161,-85.21608
AL,Langston,34.49783,-86.10563
AL,Lapine,31.98542,-86.27853
AL,Lawley,32.86456,-86.95671
AL,Leeds,33.52833,-86.57482
AL,Leesburg,34.19108,-85.77051
AL,Leighton,34.71098,-87.52213
AL,Lenox,31.32726,-87.19671
AL,Leroy,31.49102,-87.96867
AL,Lester,34.91836,-87.1434
AL,Letohatchee,32.0862,-86.48801
AL,Lexington,34.95592,-87.39352
AL,Lillian,30.39724,-87.47445
AL,Lincoln,33.60591,-86.11115
AL,Linden,32.30534,-87.79536
AL,Lineville,33.32861,-85.73461
AL,Lisman,32.21772,-88.32342
AL,Little River,31.22459,-87.7548
AL,Livingston,32.58851,-88.17359
AL,Loachapoka,32.60417,-85.59333
AL,Lockhart,31.01028,-86.34972
AL,Locust Fork,33.9075,-86.61528
AL,Logan,34.18408,-87.03812
AL,Louisville,31.79426,-85.55806
AL,Lower Peach Tree,31.85037,-87.56822
AL,Lowndesboro,32.30029,-86.60987
AL,Loxley,30.61796,-87.75624
AL,Luverne,31.70739,-86.2566
AL,Lynn,34.05298,-87.53981
AL,Madison,34.6578,-86.8056
AL,Madison,34.7837,-86.7486
AL,Magnolia,32.14193,-87.69982
AL,Magnolia Springs,30.3945,-87.78578
AL,Malcolm,31.19111,-88.0075
AL,Malvern,31.15753,-85.52233
AL,Maplesville,32.80451,-86.8717
AL,Marbury,32.63937,-86.51014
AL,Margaret,33.68611,-86.475
AL,Marion,32.6463,-87.33144
AL,Marion Junction,32.42659,-87.27018
AL,Mathews,32.12829,-86.04126
AL,Maylene,33.23169,-86.87274
AL,Mc Calla,33.28455,-87.10238
AL,Mc Intosh,31.23611,-88.0511
AL,Mc Kenzie,31.54495,-86.73561
AL,Mc Shan,33.38167,-88.14333
AL,Mc Williams,31.84556,-87.08833
AL,Megargel,31.37972,-87.42833
AL,Melvin,31.93028,-88.45889
AL,Mentone,34.58724,-85.57773
AL,Meridianville,34.86178,-86.57888
AL,Mexia,31.50694,-87.38833
AL,Midland City,31.36716,-85.51303
AL,Midway,32.09552,-85.53152
AL,Millbrook,32.49948,-86.36413
AL,Millerville,33.15896,-85.969
AL,Millport,33.54013,-88.2
AL,Millry,31.62687,-88.35587
AL,Minter,32.09539,-86.92497
AL,Mobile,30.6959,-88.0434
AL,Monroeville,31.51533,-87.34099
AL,Montevallo,33.12476,-86.86223
AL,Montgomery,32.3743,-86.3118
AL,Montrose,30.56556,-87.90167
AL,Moody,33.58413,-86.51557
AL,Mooresville,34.62833,-86.88028
AL,Morris,33.73917,-86.77255
AL,Morvin,31.9673,-87.9729
AL,Moulton,34.50584,-87.22239
AL,Moundville,32.97885,-87.61513
AL,Mount Hope,34.46297,-87.45145
AL,Mount Meigs,32.3625,-86.10194
AL,Mount Olive,33.67678,-86.87171
AL,Mount Vernon,31.09737,-88.03504
AL,Mulga,33.5407,-87.044
AL,Munford,33.54099,-85.93632
AL,Muscadine,33.75291,-85.37891
AL,Muscle Shoals,34.75614,-87.63044
AL,Myrtlewood,32.25028,-87.94972
AL,Nanafalia,32.11278,-87.98806
AL,Natural Bridge,34.09333,-87.60194
AL,Nauvoo,33.92986,-87.43245
AL,Needham,32.01217,-88.3458
AL,New Brockton,31.36898,-85.94039
AL,New Castle,33.64889,-86.76861
AL,New Hope,34.54944,-86.3961
AL,New Market,34.89999,-86.44874
AL,Newbern,32.55147,-87.56147
AL,Newton,31.33106,-85.59923
AL,Newville,31.44029,-85.32874
AL,Normal,34.78889,-86.57194
AL,Northport,33.2605,-87.5872
AL,Notasulga,32.54373,-85.68707
AL,Oak Hill,31.925,-87.0825
AL,Oakman,33.70017,-87.36857
AL,Odenville,33.67561,-86.40895
AL,Ohatchee,33.77878,-86.02536
AL,Oneonta,33.92586,-86.47412
AL,Opelika,32.62777,-85.35863
AL,Opp,31.27986,-86.2571
AL,Orange Beach,30.2906,-87.55589
AL,Orrville,32.29486,-87.22137
AL,Owens Cross Roads,34.61286,-86.46658
AL,Oxford,33.59683,-85.83347
AL,Ozark,31.43907,-85.64363
AL,Paint Rock,34.66712,-86.33256
AL,Palmerdale,33.73861,-86.64611
AL,Panola,32.95056,-88.26889
AL,Pansey,31.13178,-85.23855
AL,Parrish,33.72131,-87.26577
AL,Pelham,33.31046,-86.80618
AL,Pell City,33.59789,-86.34315
AL,Pennington,32.22624,-88.0931
AL,Perdido,30.98058,-87.62837
AL,Perdue Hill,31.51389,-87.49333
AL,Perote,32.00346,-85.74773
AL,Peterman,31.58995,-87.25998
AL,Peterson,33.2325,-87.42361
AL,Petrey,31.84861,-86.20778
AL,Phenix City,32.40782,-85.09508
AL,Phenix City,32.484,-85.0911
AL,Phil Campbell,34.34702,-87.71543
AL,Piedmont,33.83895,-85.646
AL,Pike Road,32.3357,-86.09589
AL,Pinckard,31.31139,-85.55306
AL,Pine Apple,31.92652,-87.00467
AL,Pine Hill,31.97355,-87.57709
AL,Pine Level,32.06778,-86.05972
AL,Pinson,33.70813,-86.65654
AL,Pisgah,34.6886,-85.80304
AL,Pittsview,32.17335,-85.13125
AL,Plantersville,32.61761,-86.94753
AL,Pleasant Grove,33.48834,-86.97659
AL,Point Clear,30.47389,-87.91917
AL,Prattville,32.4787,-86.42997
AL,Princeton,34.84022,-86.25007
AL,Quinton,33.65606,-87.10066
AL,Ragland,33.73668,-86.1619
AL,Rainsville,34.49888,-85.84461
AL,Ralph,33.06287,-87.74498
AL,Ramer,32.06775,-86.24633
AL,Ranburne,33.56163,-85.3786
AL,Randolph,32.88883,-86.90701
AL,Range,31.30169,-87.31974
AL,Red Bay,34.45126,-88.11291
AL,Red Level,31.43993,-86.61209
AL,Reform,33.39594,-88.02028
AL,Remlap,33.8462,-86.64166
AL,Repton,31.42557,-87.17204
AL,River Falls,31.35278,-86.53917
AL,Riverside,33.60883,-86.19834
AL,Roanoke,33.15644,-85.35785
AL,Robertsdale,30.56161,-87.63727
AL,Rockford,32.87796,-86.24001
AL,Rogersville,34.84954,-87.32367
AL,Russellville,34.50657,-87.72573
AL,Rutledge,31.75587,-86.34846
AL,Ryland,34.76972,-86.48083
AL,Safford,32.30024,-87.36934
AL,Saginaw,33.21611,-86.79194
AL,Saint Elmo,30.50333,-88.25417
AL,Saint Stephens,31.53303,-88.05209
AL,Salem,32.62116,-85.18397
AL,Samantha,33.42222,-87.60528
AL,Samson,31.10492,-86.06742
AL,Saraland,30.8332,-88.09339
AL,Sardis,32.28436,-86.99196
AL,Satsuma,30.85163,-88.05331
AL,Sawyerville,32.7578,-87.7402
AL,Sayre,33.71222,-86.97444
AL,Scottsboro,34.67227,-86.05134
AL,Seale,32.30534,-85.16773
AL,Section,34.54328,-85.994
AL,Selma,32.41972,-87.02453
AL,Seminole,30.50481,-87.46594
AL,Semmes,30.75441,-88.26671
AL,Shannon,33.40528,-86.87194
AL,Sheffield,34.75783,-87.69706
AL,Shelby,33.07848,-86.55361
AL,Shorter,32.38358,-85.91616
AL,Shorterville,31.62563,-85.14584
AL,Silas,31.76675,-88.30915
AL,Siluria,33.24417,-86.81639
AL,Silverhill,30.52224,-87.74568
AL,Sipsey,33.82472,-87.08611
AL,Skipperville,31.55159,-85.54958
AL,Slocomb,31.09556,-85.58295
AL,Smiths Station,32.52007,-85.10003
AL,Somerville,34.49955,-86.80093
AL,Spanish Fort,30.69585,-87.88668
AL,Spring Garden,33.97278,-85.55389
AL,Springville,33.73865,-86.43941
AL,Spruce Pine,34.3848,-87.71215
AL,Stanton,32.70963,-86.88685
AL,Stapleton,30.7425,-87.79333
AL,Steele,33.94168,-86.22893
AL,Sterrett,33.4461,-86.49173
AL,Stevenson,34.87689,-85.8508
AL,Stockton,31.01293,-87.86332
AL,Sulligent,33.8549,-88.15077
AL,Sumiton,33.76801,-87.04454
AL,Summerdale,30.47522,-87.69918
AL,Sunflower,31.38222,-88.00833
AL,Sweet Water,32.07727,-87.92275
AL,Sycamore,33.25111,-86.2025
AL,Sylacauga,33.17168,-86.27126
AL,Sylvania,34.55896,-85.79213
AL,Talladega,33.43545,-86.11335
AL,Tallassee,32.551,-85.89781
AL,Tanner,34.71304,-86.98915
AL,Theodore,30.54437,-88.18075
AL,Thomaston,32.25378,-87.59744
AL,Thomasville,31.90673,-87.75984
AL,Thorsby,32.92375,-86.74672
AL,Tibbie,31.37374,-88.26683
AL,Titus,32.69002,-86.23933
AL,Toney,34.91164,-86.69995
AL,Town Creek,34.64914,-87.4262
AL,Townley,33.84702,-87.43725
AL,Toxey,31.93153,-88.31794
AL,Trafford,33.81904,-86.74341
AL,Trenton,34.74007,-86.29126
AL,Trinity,34.59177,-87.09127
AL,Troy,31.7567,-85.9993
AL,Trussville,33.63393,-86.59807
AL,Tuscaloosa,33.19689,-87.56267
AL,Tuscumbia,34.68743,-87.68326
AL,Tuskegee,32.43162,-85.68606
AL,Tuskegee Institute,32.43028,-85.70528
AL,Tyler,32.28192,-86.85987
AL,Union Grove,34.40935,-86.46279
AL,Union Springs,32.16625,-85.67875
AL,Uniontown,32.44697,-87.4934
AL,Uriah,31.31347,-87.57052
AL,Valhermoso Springs,34.53815,-86.678
AL,Valley,32.81135,-85.17491
AL,Valley,32.82083,-85.17083
AL,Valley Head,34.5697,-85.62721
AL,Vance,33.17498,-87.25736
AL,Vandiver,33.4807,-86.50128
AL,Verbena,32.75957,-86.54375
AL,Vernon,33.76129,-88.09792
AL,Vina,34.37116,-88.07742
AL,Vincent,33.40105,-86.39942
AL,Vinegar Bend,31.25841,-88.38647
AL,Vinemont,34.26212,-86.91251
AL,Vredenburgh,31.73443,-87.41618
AL,Wadley,33.14919,-85.55134
AL,Wagarville,31.41021,-88.07052
AL,Walnut Grove,34.06556,-86.30639
AL,Ward,32.33406,-88.29711
AL,Warrior,33.85286,-86.81985
AL,Waterloo,34.93568,-87.96241
AL,Watson,33.63361,-86.87944
AL,Wattsville,33.68139,-86.27972
AL,Waverly,32.76317,-85.51437
AL,Weaver,33.75629,-85.81067
AL,Webb,31.26562,-85.25438
AL,Wedowee,33.30185,-85.47374
AL,Wellington,33.86384,-85.91532
AL,Weogufka,33.02381,-86.3042
AL,West Blocton,33.14243,-87.13694
AL,West Greene,32.92361,-88.08528
AL,Westover,33.34944,-86.53583
AL,Wetumpka,32.54509,-86.18804
AL,Whatley,31.63945,-87.6565
AL,Wilmer,30.81375,-88.3332
AL,Wilsonville,33.22926,-86.52989
AL,Wilton,33.07861,-86.88167
AL,Winfield,33.93026,-87.79716
AL,Wing,31.14813,-86.56119
AL,Woodland,33.35545,-85.35377
AL,Woodstock,33.16981,-87.16347
AL,Woodville,34.66893,-86.22961
AL,York,32.47277,-88.2683
AR,Adona,35.04696,-92.90332
AR,Alexander,34.63127,-92.47267
AR,Alicia,35.94233,-91.081
AR,Alix,35.43077,-93.72642
AR,Alleene,33.77,-94.26028
AR,Alma,35.50004,-94.20734
AR,Almyra,34.41459,-91.43099
AR,Alpena,36.29977,-93.2792
AR,Alpine,34.22889,-93.37889
AR,Altheimer,34.30617,-91.82892
AR,Altus,35.40487,-93.81149
AR,Amagon,35.56156,-91.07964
AR,Amity,34.25936,-93.42055
AR,Antoine,34.0283,-93.43717
AR,Arkadelphia,34.11525,-93.06899
AR,Arkansas City,33.61433,-91.23253
AR,Armorel,35.94284,-89.75812
AR,Ash Flat,36.21973,-91.61075
AR,Ashdown,33.67871,-94.1351
AR,Atkins,35.24495,-92.9507
AR,Aubrey,34.70273,-90.91133
AR,Augusta,35.27881,-91.35265
AR,Austin,35.02837,-91.9594
AR,Avoca,36.40194,-94.07056
AR,Bald Knob,35.31133,-91.5502
AR,Banks,33.54966,-92.26039
AR,Barling,35.33296,-94.30823
AR,Barton,34.5475,-90.76806
AR,Bassett,35.51381,-90.19215
AR,Batesville,35.78261,-91.63519
AR,Bauxite,34.54554,-92.36053
AR,Bay,35.74559,-90.55066
AR,Bearden,33.7298,-92.61802
AR,Beaver,36.47361,-93.76722
AR,Bee Branch,35.42337,-92.40852
AR,Beebe,35.09374,-91.90745
AR,Beech Grove,36.18317,-90.61808
AR,Beedeville,35.42027,-91.10637
AR,Beirne,33.88861,-93.20389
AR,Bella Vista,36.46509,-94.25197
AR,Belleville,35.10376,-93.45182
AR,Ben Lomond,33.83528,-94.11833
AR,Benton,34.58009,-92.59524
AR,Bentonville,36.3577,-94.22242
AR,Bergman,36.31611,-93.0075
AR,Berryville,36.35191,-93.55872
AR,Bexar,36.3061,-91.986
AR,Big Flat,36.00682,-92.39168
AR,Bigelow,34.98466,-92.63084
AR,Biggers,36.34298,-90.78447
AR,Biscoe,34.83371,-91.49003
AR,Bismarck,34.31103,-93.18724
AR,Black Oak,35.83585,-90.35423
AR,Black Rock,36.11487,-91.11763
AR,Blevins,33.87547,-93.53603
AR,Blue Mountain,35.13039,-93.7168
AR,Bluff City,33.69819,-93.18681
AR,Bluffton,34.90163,-93.59195
AR,Blytheville,35.93448,-89.9225
AR,Board Camp,34.53778,-94.09528
AR,Boles,34.76536,-94.06286
AR,Bonnerdale,34.34975,-93.31942
AR,Bono,35.90859,-90.78475
AR,Booneville,35.13638,-93.92743
AR,Bradford,35.42766,-91.51897
AR,Bradley,33.10696,-93.6275
AR,Branch,35.29706,-93.94537
AR,Brickeys,34.85481,-90.53774
AR,Briggsville,34.91607,-93.51575
AR,Brinkley,34.87812,-91.1886
AR,Brockwell,36.13576,-91.95131
AR,Brookland,35.91647,-90.57623
AR,Bryant,34.60679,-92.49201
AR,Buckner,33.37532,-93.447
AR,Bull Shoals,36.37096,-92.59377
AR,Burdette,35.81477,-89.94231
AR,Cabot,34.94572,-92.03177
AR,Caddo Gap,34.39758,-93.58638
AR,Caldwell,35.07444,-90.81667
AR,Cale,33.6164,-93.26497
AR,Calico Rock,36.14477,-92.14549
AR,Calion,33.32889,-92.53833
AR,Camden,33.57587,-92.83339
AR,Camp,36.40253,-91.72617
AR,Canehill,35.91099,-94.3862
AR,Caraway,35.75895,-90.3358
AR,Carlisle,34.79329,-91.74593
AR,Carthage,34.06363,-92.62623
AR,Casa,35.03217,-93.047
AR,Cash,35.83015,-90.94101
AR,Casscoe,34.47362,-91.3248
AR,Cave City,35.95168,-91.54443
AR,Cave Springs,36.26677,-94.20784
AR,Cecil,35.43418,-93.94293
AR,Cedarville,35.59023,-94.34462
AR,Center Ridge,35.39806,-92.55817
AR,Centerton,36.36699,-94.30891
AR,Centerville,35.11278,-93.16861
AR,Charleston,35.3115,-94.03368
AR,Charlotte,35.83339,-91.39622
AR,Cherokee Village,36.29778,-91.51583
AR,Cherry Valley,35.39912,-90.76133
AR,Chester,35.68978,-94.20203
AR,Chidester,33.70015,-93.01872
AR,Choctaw,35.52353,-92.42641
AR,Clarendon,34.66014,-91.25643
AR,Clarkedale,35.30917,-90.23611
AR,Clarkridge,36.44331,-92.35159
AR,Clarksville,35.49076,-93.49106
AR,Cleveland,35.35833,-92.71282
AR,Clinton,35.60454,-92.47583
AR,Coal Hill,35.43712,-93.67203
AR,College Station,34.70806,-92.22111
AR,Colt,35.09606,-90.7872
AR,Columbus,33.74511,-93.85588
AR,Combs,35.8483,-93.82522
AR,Compton,36.09794,-93.3099
AR,Concord,35.64135,-91.83334
AR,Conway,35.0842,-92.42357
AR,Cord,35.81844,-91.33746
AR,Corning,36.41553,-90.58702
AR,Cotter,36.28038,-92.53279
AR,Cotton Plant,35.01783,-91.22904
AR,Cove,34.41916,-94.39234
AR,Coy,34.53861,-91.87389
AR,Crawfordsville,35.21187,-90.33511
AR,Crocketts Bluff,34.42527,-91.23208
AR,Crossett,33.15237,-91.95915
AR,Crumrod,34.21617,-90.94953
AR,Curtis,33.99778,-93.10556
AR,Cushman,35.86966,-91.77645
AR,Damascus,35.29104,-92.43295
AR,Danville,35.04954,-93.39293
AR,Dardanelle,35.19551,-93.18732
AR,Datto,36.38969,-90.72312
AR,De Queen,34.04421,-94.33856
AR,De Valls Bluff,34.7447,-91.49822
AR,De Witt,34.28531,-91.33363
AR,Decatur,36.33475,-94.45341
AR,Deer,35.85298,-93.31739
AR,Delaplaine,36.19949,-90.73448
AR,Delaware,35.27801,-93.34615
AR,Delight,34.02377,-93.52467
AR,Dell,35.85012,-90.03545
AR,Dennard,35.72524,-92.55746
AR,Dermott,33.52405,-91.43939
AR,Des Arc,34.97507,-91.51134
AR,Desha,35.73152,-91.67829
AR,Diamond City,36.46444,-92.92
AR,Diaz,35.63833,-91.265
AR,Dierks,34.13232,-94.01524
AR,Doddridge,33.10545,-93.95431
AR,Dolph,36.22288,-92.11766
AR,Donaldson,34.22122,-92.90938
AR,Dover,35.40736,-93.13553
AR,Drasco,35.66161,-91.93982
AR,Driver,35.55971,-89.96053
AR,Dumas,33.8921,-91.48606
AR,Dyer,35.49222,-94.1375
AR,Dyess,35.59539,-90.21572
AR,Earle,35.27989,-90.45026
AR,Edgemont,35.62301,-92.19947
AR,Edmondson,35.02231,-90.32867
AR,Egypt,35.86806,-90.94556
AR,El Dorado,33.20735,-92.66286
AR,El Paso,35.11418,-92.09008
AR,Elaine,34.30867,-90.87349
AR,Elizabeth,36.32378,-92.09337
AR,Elkins,36.01772,-94.00732
AR,Elm Springs,36.20611,-94.23417
AR,Emerson,33.08905,-93.1987
AR,Emmet,33.6929,-93.42324
AR,England,34.55746,-91.94842
AR,Enola,35.20871,-92.21233
AR,Ethel,34.24352,-91.13984
AR,Etowah,35.71471,-90.21817
AR,Eudora,33.12135,-91.27155
AR,Eureka Springs,36.48528,-93.73194
AR,Evansville,35.81934,-94.47894
AR,Evening Shade,36.08553,-91.59801
AR,Everton,36.15337,-92.91499
AR,Fairfield Bay,35.65611,-92.31917
AR,Farmington,36.04364,-94.25387
AR,Fayetteville,36.05204,-94.1534
AR,Fifty Six,35.99196,-92.21817
AR,Fisher,35.51396,-90.955
AR,Flippin,36.26822,-92.578
AR,Floral,35.60234,-91.7341
AR,Fordyce,33.81765,-92.42248
AR,Foreman,33.71759,-94.38811
AR,Forrest City,35.00913,-90.78857
AR,Fort Smith,35.36527,-94.41103
AR,Fouke,33.30248,-93.90095
AR,Fountain Hill,33.34295,-91.83563
AR,Fox,35.76821,-92.30427
AR,Franklin,36.12909,-91.80959
AR,Frenchmans Bayou,35.47842,-90.05593
AR,Friendship,34.24123,-92.98039
AR,Fulton,33.62988,-93.80856
AR,Gamaliel,36.46179,-92.22845
AR,Garfield,36.42882,-93.9512
AR,Garland City,33.33516,-93.73162
AR,Garner,35.1303,-91.74288
AR,Gassville,36.31753,-92.47364
AR,Gateway,36.48575,-93.93502
AR,Genoa,33.38361,-93.90944
AR,Gentry,36.26516,-94.47513
AR,Gepp,36.43644,-92.09951
AR,Gilbert,35.98778,-92.71611
AR,Gillett,34.12184,-91.38005
AR,Gillham,34.157,-94.3165
AR,Gilmore,35.38641,-90.26466
AR,Glencoe,36.28896,-91.76948
AR,Glenwood,34.31921,-93.55588
AR,Goodwin,34.95915,-90.98352
AR,Goshen,36.10752,-93.98726
AR,Gosnell,35.9272,-89.9188
AR,Gould,34.0345,-91.5768
AR,Grady,34.03048,-91.67082
AR,Grannis,34.23702,-94.3255
AR,Grapevine,34.13089,-92.31094
AR,Gravelly,34.88812,-93.68025
AR,Gravette,36.41551,-94.47786
AR,Green Forest,36.32241,-93.40587
AR,Greenbrier,35.22955,-92.35779
AR,Greenland,35.99417,-94.175
AR,Greenway,36.33477,-90.22526
AR,Greenwood,35.19548,-94.25303
AR,Gregory,35.15528,-91.34306
AR,Griffithville,35.11438,-91.62423
AR,Grubbs,35.64972,-91.07389
AR,Guion,35.96014,-91.93429
AR,Gurdon,33.91249,-93.14169
AR,Guy,35.31849,-92.33154
AR,Hackett,35.19448,-94.39833
AR,Hagarville,35.52329,-93.34426
AR,Hamburg,33.2058,-91.80227
AR,Hampton,33.53761,-92.52951
AR,Hardy,36.32275,-91.41103
AR,Harrell,33.51087,-92.39124
AR,Harriet,35.97419,-92.50055
AR,Harrisburg,35.57222,-90.70375
AR,Harrison,36.24171,-93.10616
AR,Hartford,35.02223,-94.38188
AR,Hartman,35.44358,-93.6142
AR,Harvey,34.86791,-93.75254
AR,Hasty,36.01523,-93.04597
AR,Hatfield,34.4877,-94.3714
AR,Hattieville,35.29071,-92.77832
AR,Havana,35.11185,-93.57672
AR,Haynes,34.88375,-90.76662
AR,Hazen,34.78383,-91.5767
AR,Heber Springs,35.51028,-92.03921
AR,Hector,35.40574,-92.96556
AR,Helena,34.53249,-90.62978
AR,Henderson,36.35683,-92.26925
AR,Hensley,34.59113,-92.21402
AR,Hermitage,33.42221,-92.12771
AR,Heth,35.09734,-90.45855
AR,Hickory Plains,34.97864,-91.75084
AR,Hickory Ridge,35.39946,-90.98228
AR,Higden,35.54981,-92.18228
AR,Higginson,35.18825,-91.71828
AR,Hindsville,36.14221,-93.86334
AR,Hiwasse,36.44159,-94.33899
AR,Holly Grove,34.59929,-91.18438
AR,Hope,33.65664,-93.59031
AR,Horatio,33.93922,-94.29594
AR,Horseshoe Bend,36.2025,-91.75533
AR,Hot Springs National Park,34.50147,-93.02602
AR,Hot Springs Village,34.6411,-93.0574
AR,Houston,35.03621,-92.69132
AR,Hoxie,36.03257,-90.9715
AR,Hughes,34.94542,-90.47414
AR,Humnoke,34.5419,-91.75662
AR,Humphrey,34.40339,-91.67896
AR,Hunter,35.05278,-91.12611
AR,Huntington,35.09627,-94.33128
AR,Huntsville,36.10435,-93.72789
AR,Huttig,33.04589,-92.19415
AR,Ida,35.59433,-91.93008
AR,Imboden,36.19763,-91.18544
AR,Ivan,33.90298,-92.43941
AR,Jacksonport,35.64167,-91.30944
AR,Jacksonville,34.88199,-92.13044
AR,Jasper,36.0038,-93.20477
AR,Jefferson,34.35529,-92.14857
AR,Jersey,33.38891,-92.29661
AR,Jerusalem,35.37975,-92.81389
AR,Jessieville,34.69373,-93.19632
AR,Johnson,36.13278,-94.16528
AR,Joiner,35.50524,-90.14779
AR,Jones Mill,34.45362,-92.86198
AR,Jonesboro,35.83302,-90.69653
AR,Judsonia,35.32495,-91.64909
AR,Junction City,33.04397,-92.68425
AR,Keiser,35.67863,-90.09617
AR,Kensett,35.22994,-91.66967
AR,Keo,34.60407,-92.00784
AR,Kingsland,33.86002,-92.30142
AR,Kingston,36.04845,-93.50436
AR,Kirby,34.25515,-93.61672
AR,Knobel,36.31765,-90.59905
AR,Knoxville,35.3749,-93.3618
AR,La Grange,34.65639,-90.73278
AR,Lafe,36.21547,-90.50697
AR,Lake City,35.81715,-90.44233
AR,Lake Village,33.32741,-91.28249
AR,Lakeview,36.39731,-92.50442
AR,Lamar,35.43487,-93.35516
AR,Lambrook,34.33556,-90.9675
AR,Laneburg,33.685,-93.34667
AR,Langley,34.31403,-93.85094
AR,Lavaca,35.33751,-94.16564
AR,Lawson,33.19667,-92.48278
AR,Leachville,35.93322,-90.19549
AR,Lead Hill,36.43089,-92.93019
AR,Leola,34.18561,-92.59786
AR,Lepanto,35.60691,-90.33588
AR,Leslie,35.82716,-92.56629
AR,Letona,35.36167,-91.82917
AR,Lewisville,33.3736,-93.59526
AR,Lexa,34.67269,-90.78532
AR,Light,36.07,-90.74778
AR,Lincoln,35.95693,-94.42724
AR,Little Rock,34.74834,-92.28194
AR,Little Rock Air Force Base,34.89861,-92.14417
AR,Lockesburg,33.93055,-94.12759
AR,Locust Grove,35.71771,-91.74144
AR,London,35.33702,-93.23891
AR,Lonoke,34.78316,-91.92137
AR,Lonsdale,34.5562,-92.83403
AR,Louann,33.41174,-92.78276
AR,Lowell,36.24332,-94.08272
AR,Luxora,35.76079,-89.92204
AR,Lynn,36.01664,-91.25459
AR,Mabelvale,34.62176,-92.38462
AR,Madison,35.01306,-90.7225
AR,Magazine,35.15873,-93.80034
AR,Magness,35.71006,-91.48504
AR,Magnolia,33.26468,-93.23915
AR,Malvern,34.35571,-92.82916
AR,Mammoth Spring,36.40765,-91.57571
AR,Manila,35.87488,-90.18025
AR,Mansfield,35.0432,-94.22036
AR,Marble Falls,36.09512,-93.14482
AR,Marcella,35.74965,-91.94189
AR,Marianna,34.77593,-90.77852
AR,Marion,35.2077,-90.19891
AR,Marked Tree,35.53493,-90.41939
AR,Marmaduke,36.19512,-90.38368
AR,Marshall,35.9267,-92.6402
AR,Marvell,34.54854,-90.94132
AR,Maumelle,34.84909,-92.40589
AR,Mayflower,34.96685,-92.4001
AR,Maynard,36.43856,-90.87492
AR,Maysville,36.40106,-94.58128
AR,Mc Caskill,33.92304,-93.6266
AR,Mc Crory,35.24729,-91.17933
AR,Mc Dougal,36.37991,-90.39409
AR,Mc Gehee,33.62971,-91.39278
AR,Mc Neil,33.36222,-93.19301
AR,Mc Rae,35.11322,-91.82155
AR,Melbourne,36.05996,-91.9052
AR,Mellwood,34.22003,-91.00859
AR,Mena,34.58143,-94.22098
AR,Menifee,35.14833,-92.55389
AR,Midland,35.09306,-94.35306
AR,Midway,36.29045,-92.4314
AR,Mineral Springs,33.86385,-93.91883
AR,Minturn,35.9761,-91.0337
AR,Monette,35.90017,-90.34366
AR,Monroe,34.73472,-91.10444
AR,Monticello,33.62495,-91.79484
AR,Montrose,33.30752,-91.52278
AR,Moro,34.80295,-91.00603
AR,Morrilton,35.16923,-92.73544
AR,Morrow,35.85373,-94.42579
AR,Moscow,34.14639,-91.795
AR,Mount Holly,33.30853,-92.94427
AR,Mount Ida,34.56119,-93.5749
AR,Mount Judea,35.83467,-93.08239
AR,Mount Pleasant,35.97591,-91.78501
AR,Mount Vernon,35.26061,-92.13733
AR,Mountain Home,36.33115,-92.37534
AR,Mountain Pine,34.57718,-93.16004
AR,Mountain View,35.86577,-92.11476
AR,Mountainburg,35.57003,-94.10909
AR,Mulberry,35.51725,-93.98851
AR,Murfreesboro,34.10173,-93.7109
AR,Nashville,33.95765,-93.87071
AR,Natural Dam,35.67426,-94.41238
AR,New Blaine,35.31891,-93.44457
AR,New Edinburg,33.75885,-92.19391
AR,Newark,35.71183,-91.4394
AR,Newhope,34.22735,-93.89049
AR,Newport,35.59882,-91.25706
AR,Norfork,36.20657,-92.27301
AR,Norman,34.45963,-93.6743
AR,Norphlet,33.30962,-92.65762
AR,North Little Rock,34.76697,-92.26538
AR,O Kean,36.17967,-90.82407
AR,Oak Grove,36.46135,-93.43213
AR,Oakland,36.44423,-92.58319
AR,Oark,35.70945,-93.55853
AR,Oden,34.61129,-93.8211
AR,Ogden,33.58571,-94.02783
AR,Oil Trough,35.61315,-91.4703
AR,Okolona,34.05514,-93.28968
AR,Ola,35.03091,-93.21356
AR,Omaha,36.46123,-93.18875
AR,Oneida,34.40527,-90.82604
AR,Onia,35.94034,-92.34586
AR,Osceola,35.70186,-89.97976
AR,Oxford,36.21141,-91.92585
AR,Ozan,33.90277,-93.77144
AR,Ozark,35.52464,-93.83742
AR,Ozone,35.65748,-93.43111
AR,Palestine,34.96635,-90.90493
AR,Pangburn,35.42158,-91.79597
AR,Paragould,36.06003,-90.52509
AR,Paris,35.29415,-93.72647
AR,Parkdale,33.12127,-91.54279
AR,Parkin,35.25856,-90.55642
AR,Parks,34.80033,-93.95091
AR,Paron,34.78529,-92.74818
AR,Parthenon,35.94084,-93.26778
AR,Patterson,35.25667,-91.235
AR,Pea Ridge,36.45388,-94.11803
AR,Peach Orchard,36.28305,-90.67022
AR,Pearcy,34.43509,-93.24201
AR,Peel,36.44437,-92.77614
AR,Pelsor,35.69116,-93.01609
AR,Pencil Bluff,34.63995,-93.74295
AR,Perry,35.04273,-92.78798
AR,Perryville,34.9701,-92.84717
AR,Pettigrew,35.83456,-93.61808
AR,Pickens,33.80792,-91.39157
AR,Piggott,36.38699,-90.19261
AR,Pindall,36.06748,-92.88641
AR,Pine Bluff,34.2154,-91.99581
AR,Pineville,36.1677,-92.1073
AR,Plainview,34.96679,-93.3099
AR,Pleasant Grove,35.84235,-91.93191
AR,Pleasant Plains,35.5893,-91.63204
AR,Plumerville,35.15747,-92.62044
AR,Pocahontas,36.28288,-90.99678
AR,Pollard,36.43173,-90.27512
AR,Ponca,36.06623,-93.40198
AR,Poplar Grove,34.5394,-90.88127
AR,Portia,36.0807,-91.068
AR,Portland,33.23177,-91.51394
AR,Pottsville,35.23978,-93.05639
AR,Poughkeepsie,36.07153,-91.45158
AR,Powhatan,36.08004,-91.14821
AR,Poyen,34.35083,-92.59904
AR,Prairie Grove,35.99181,-94.31686
AR,Prattsville,34.30786,-92.5131
AR,Prescott,33.80403,-93.37254
AR,Prim,35.68573,-92.1346
AR,Proctor,35.0834,-90.25503
AR,Pyatt,36.24583,-92.84472
AR,Quitman,35.40499,-92.13333
AR,Ratcliff,35.27603,-93.84215
AR,Ravenden,36.20286,-91.25934
AR,Ravenden Springs,36.31038,-91.20943
AR,Rector,36.26718,-90.2702
AR,Redfield,34.45265,-92.17579
AR,Reydell,34.14328,-91.55039
AR,Reyno,36.36278,-90.75361
AR,Rison,33.94532,-92.11876
AR,Rivervale,35.67389,-90.34
AR,Roe,34.62859,-91.37706
AR,Rogers,36.33632,-94.11478
AR,Roland,34.88287,-92.51915
AR,Romance,35.21546,-92.06985
AR,Rose Bud,35.32145,-92.06199
AR,Rosie,35.66382,-91.534
AR,Rosston,33.56169,-93.30389
AR,Rover,34.94752,-93.40173
AR,Royal,34.51505,-93.28973
AR,Rudy,35.53981,-94.23738
AR,Russell,35.3625,-91.5075
AR,Russellville,35.28421,-93.13148
AR,Saffell,35.91796,-91.29775
AR,Sage,36.04248,-91.82457
AR,Saint Charles,34.3353,-91.16808
AR,Saint Francis,36.45477,-90.14499
AR,Saint Joe,35.98771,-92.79283
AR,Saint Paul,35.84958,-93.73474
AR,Salado,35.70349,-91.59792
AR,Salem,36.3654,-91.83632
AR,Saratoga,33.75988,-93.87672
AR,Scotland,35.50796,-92.58665
AR,Scott,34.69421,-92.11566
AR,Scranton,35.33082,-93.53936
AR,Searcy,35.25351,-91.76293
AR,Sedgwick,35.98597,-90.8801
AR,Sheridan,34.31653,-92.36571
AR,Sherrill,34.35815,-91.99329
AR,Sherwood,34.85929,-92.21417
AR,Shirley,35.57326,-92.29751
AR,Sidney,35.99155,-91.63459
AR,Siloam Springs,36.17997,-94.52804
AR,Sims,34.64618,-93.67407
AR,Smackover,33.33983,-92.74425
AR,Smithville,36.09081,-91.27446
AR,Snow Lake,34.06647,-91.00708
AR,Solgohachia,35.27006,-92.67539
AR,Sparkman,33.90299,-92.81098
AR,Springdale,36.18352,-94.17622
AR,Springfield,35.27488,-92.54567
AR,Stamps,33.35688,-93.50131
AR,Star City,33.94053,-91.86534
AR,State University,35.91489,-90.45425
AR,Stephens,33.45504,-93.02139
AR,Story,34.66869,-93.53759
AR,Strawberry,35.97262,-91.3754
AR,Strong,33.11953,-92.3621
AR,Sturkie,36.46387,-91.98992
AR,Stuttgart,34.48536,-91.54874
AR,Subiaco,35.31346,-93.63869
AR,Success,36.45361,-90.72813
AR,Sulphur Rock,35.75447,-91.50733
AR,Sulphur Springs,36.47943,-94.45207
AR,Summers,36.01383,-94.50003
AR,Summit,36.25222,-92.69056
AR,Sweet Home,34.68639,-92.24222
AR,Swifton,35.82737,-91.12636
AR,Taylor,33.10796,-93.44602
AR,Texarkana,33.44167,-94.0375
AR,Thida,35.55356,-91.46182
AR,Thornton,33.76769,-92.4683
AR,Tichnor,34.08931,-91.24368
AR,Tillar,33.67479,-91.52029
AR,Tilly,35.6976,-92.84421
AR,Timbo,35.89634,-92.25254
AR,Tontitown,36.17778,-94.23333
AR,Traskwood,34.45079,-92.65473
AR,Trumann,35.66891,-90.51874
AR,Tucker,34.44144,-91.91626
AR,Tuckerman,35.73068,-91.20035
AR,Tumbling Shoals,35.54698,-91.97036
AR,Tupelo,35.39306,-91.23056
AR,Turner,34.47611,-91.01861
AR,Turrell,35.29694,-90.26298
AR,Tyronza,35.48648,-90.35194
AR,Ulm,34.57994,-91.51343
AR,Umpire,34.29213,-94.03138
AR,Uniontown,35.57482,-94.43487
AR,Urbana,33.103,-92.493
AR,Valley Springs,36.14682,-92.97994
AR,Van Buren,35.45399,-94.32776
AR,Vandervoort,34.37953,-94.36979
AR,Vanndale,35.31333,-90.77389
AR,Vendor,35.94806,-93.10081
AR,Vilonia,35.07189,-92.18323
AR,Viola,36.39243,-91.9932
AR,Violet Hill,36.16297,-91.84706
AR,Wabash,34.38861,-90.82861
AR,Wabbaseka,34.39355,-91.75495
AR,Walcott,36.04333,-90.67111
AR,Waldenburg,35.56528,-90.93361
AR,Waldo,33.36002,-93.29492
AR,Waldron,34.90264,-94.07724
AR,Walnut Ridge,36.07781,-90.95281
AR,Ward,34.95316,-91.90038
AR,Warm Springs,36.46753,-91.03871
AR,Warren,33.61398,-92.07782
AR,Washington,33.7546,-93.67353
AR,Watson,33.89074,-91.28145
AR,Weiner,35.62905,-90.92893
AR,Wesley,35.95726,-93.91148
AR,West Fork,35.90815,-94.23037
AR,West Helena,34.54964,-90.65453
AR,West Memphis,35.14844,-90.17792
AR,West Point,35.20694,-91.61417
AR,West Ridge,35.68306,-90.2625
AR,Western Grove,36.08299,-92.97165
AR,Wheatley,34.9207,-91.10864
AR,Whelen Springs,33.83083,-93.12611
AR,White Hall,34.257,-92.08972
AR,Wickes,34.30881,-94.34026
AR,Wideman,36.19874,-92.0018
AR,Widener,35.05917,-90.62931
AR,Wilburn,35.45455,-91.90725
AR,Williford,36.24533,-91.37923
AR,Willisville,33.48473,-93.31212
AR,Wilmar,33.6213,-91.9257
AR,Wilmot,33.05756,-91.57228
AR,Wilson,35.566,-90.04275
AR,Wilton,33.73479,-94.13575
AR,Winchester,33.75204,-91.54306
AR,Winslow,35.83121,-94.11866
AR,Winthrop,33.85832,-94.39517
AR,Wiseman,36.22802,-91.8495
AR,Witter,35.93558,-93.621
AR,Witts Springs,35.78551,-92.81552
AR,Woodson,34.52917,-92.21083
AR,Wooster,35.19731,-92.451
AR,Wright,34.43766,-92.06308
AR,Wrightsville,34.60222,-92.21667
AR,Wynne,35.23304,-90.79303
AR,Yellville,36.22532,-92.72447
AR,Yorktown,34.01717,-91.79647
AZ,Aguila,33.94278,-113.17333
AZ,Ajo,32.37349,-112.85868
AZ,Alpine,33.82788,-109.12829
AZ,Amado,31.64376,-111.07223
AZ,Apache Junction,33.3277,-111.3259
AZ,Arivaca,31.57472,-111.33167
AZ,Arizona City,32.75583,-111.67028
AZ,Arlington,33.31332,-112.78906
AZ,Ash Fork,35.215,-112.50268
AZ,Avondale,33.43211,-112.34375
AZ,Bagdad,34.57848,-113.17553
AZ,Bapchule,33.13639,-111.8725
AZ,Bellemont,35.23806,-111.83278
AZ,Benson,31.98826,-110.29411
AZ,Bisbee,31.40856,-109.91174
AZ,Black Canyon City,34.0732,-112.13096
AZ,Blue,33.65125,-109.06849
AZ,Blue Gap,36.10083,-110.22528
AZ,Bouse,33.9325,-114.005
AZ,Bowie,32.32639,-109.48639
AZ,Buckeye,33.38896,-112.60773
AZ,Bullhead City,35.1678,-114.543
AZ,Bylas,33.12655,-110.11702
AZ,Cameron,35.7163,-111.4088
AZ,Camp Verde,34.56973,-111.85513
AZ,Carefree,33.82222,-111.9175
AZ,Casa Grande,32.89267,-111.75609
AZ,Cashion,33.43528,-112.29722
AZ,Catalina,32.49722,-110.92361
AZ,Cave Creek,33.83333,-111.95
AZ,Central,32.8675,-109.79222
AZ,Chambers,35.14304,-109.37389
AZ,Chandler,33.33009,-111.86316
AZ,Chandler Heights,33.21194,-111.68556
AZ,Chinle,36.13037,-109.60369
AZ,Chino Valley,34.77574,-112.4731
AZ,Chloride,35.41444,-114.19861
AZ,Cibecue,34.04472,-110.48472
AZ,Cibola,33.61489,-114.5122
AZ,Clarkdale,34.74779,-112.03342
AZ,Clay Springs,34.36167,-110.29472
AZ,Claypool,33.41111,-110.84194
AZ,Clifton,33.13234,-109.2462
AZ,Cochise,32.09789,-109.92393
AZ,Colorado City,36.97627,-112.95243
AZ,Concho,34.44579,-109.6741
AZ,Congress,34.17643,-112.76801
AZ,Coolidge,32.9574,-111.53438
AZ,Cornville,34.72559,-111.90856
AZ,Cortaro,32.35611,-111.08778
AZ,Cottonwood,34.70555,-112.0091
AZ,Crown King,34.22406,-112.33397
AZ,Dateland,32.86789,-113.46313
AZ,Dennehotso,36.77729,-109.861
AZ,Dewey,34.53675,-112.25666
AZ,Dolan Springs,35.77479,-114.54777
AZ,Douglas,31.35111,-109.5447
AZ,Dragoon,32.02806,-110.03806
AZ,Duncan,32.79398,-109.12958
AZ,Eagar,33.95457,-109.24693
AZ,Eden,33.02863,-109.95368
AZ,Ehrenberg,33.60417,-114.52444
AZ,El Mirage,33.60815,-112.32415
AZ,Elfrida,31.71389,-109.61928
AZ,Elgin,31.66002,-110.6114
AZ,Eloy,32.75093,-111.58328
AZ,Flagstaff,35.18591,-111.66198
AZ,Florence,32.99688,-111.36123
AZ,Forest Lakes,34.43139,-110.59333
AZ,Fort Apache,33.79056,-109.98806
AZ,Fort Defiance,35.74444,-109.07583
AZ,Fort Huachuca,31.55873,-110.34413
AZ,Fort Mcdowell,33.61181,-111.68062
AZ,Fort Mohave,35.0112,-114.5849
AZ,Fort Thomas,33.03694,-109.96472
AZ,Fountain Hills,33.60849,-111.72369
AZ,Fredonia,36.9044,-112.49786
AZ,Gadsden,32.55444,-114.78417
AZ,Ganado,35.65184,-109.28317
AZ,Gila Bend,32.93059,-112.74683
AZ,Gilbert,33.35,-111.8092
AZ,Glendale,33.53112,-112.1767
AZ,Glendale Luke Afb,33.53999,-112.35619
AZ,Globe,33.40243,-110.78925
AZ,Golden Valley,35.2102,-114.2764
AZ,Goodyear,33.43681,-112.38339
AZ,Grand Canyon,36.05444,-112.13861
AZ,Gray Mountain,35.6679,-111.484
AZ,Green Valley,31.85427,-111.00025
AZ,Greer,34.01,-109.45806
AZ,Hackberry,35.36917,-113.72639
AZ,Happy Jack,34.74333,-111.40667
AZ,Hayden,33.00472,-110.78472
AZ,Heber,34.4163,-110.56865
AZ,Hereford,31.40355,-110.20473
AZ,Higley,33.30238,-111.69693
AZ,Holbrook,34.90845,-110.14341
AZ,Hotevilla,36.21114,-110.56611
AZ,Houck,35.283,-109.2063
AZ,Huachuca City,31.6639,-110.33341
AZ,Hualapai,35.54073,-113.29532
AZ,Humboldt,34.50083,-112.23667
AZ,Indian Wells,35.40556,-110.08417
AZ,Iron Springs,34.673,-112.5211
AZ,Jerome,34.74889,-112.11306
AZ,Joseph City,34.95583,-110.33333
AZ,Kaibeto,36.4848,-111.13697
AZ,Kayenta,36.68833,-110.26523
AZ,Keams Canyon,35.80821,-110.28446
AZ,Kearny,33.05944,-110.91227
AZ,Kingman,35.25838,-114.05689
AZ,Kirkland,34.45415,-112.89664
AZ,Kykotsmovi Village,35.57908,-110.3688
AZ,Lake Havasu City,34.49288,-114.30808
AZ,Lake Montezuma,34.63222,-111.77722
AZ,Lakeside,34.16622,-109.98688
AZ,Laveen,33.34357,-112.17162
AZ,Leupp,35.33653,-110.99265
AZ,Litchfield Park,33.49413,-112.3805
AZ,Littlefield,36.86652,-113.91369
AZ,Lukachukai,36.41811,-109.24461
AZ,Lukeville,31.8825,-112.815
AZ,Lupton,35.4086,-109.07
AZ,Mammoth,32.72387,-110.64396
AZ,Many Farms,36.40826,-109.63402
AZ,Marana,32.40475,-111.27362
AZ,Marble Canyon,36.95694,-111.55817
AZ,Maricopa,32.98738,-112.07523
AZ,Mayer,34.36554,-112.12955
AZ,Mc Neal,31.50297,-109.63097
AZ,Mcnary,34.07361,-109.85639
AZ,Meadview,35.81373,-114.3277
AZ,Mesa,33.43174,-111.84693
AZ,Miami,33.43193,-110.88118
AZ,Mohave Valley,34.89294,-114.59512
AZ,Morenci,33.04359,-109.31152
AZ,Mormon Lake,34.9169,-111.45491
AZ,Morristown,33.77299,-112.54833
AZ,Mount Lemmon,32.43806,-110.73417
AZ,Munds Park,34.94556,-111.63944
AZ,Naco,31.33528,-109.9475
AZ,Nazlini,35.71139,-109.54139
AZ,New River,33.9059,-112.1345
AZ,Nogales,31.37697,-110.94351
AZ,North Rim,36.94556,-112.52583
AZ,Nutrioso,33.95306,-109.20861
AZ,Oatman,35.02639,-114.38278
AZ,Oracle,32.60051,-110.79613
AZ,Overgaard,34.39083,-110.5525
AZ,Page,36.89663,-111.43847
AZ,Palo Verde,33.34848,-112.64666
AZ,Paradise Valley,33.54944,-111.95655
AZ,Parker,34.0254,-114.26634
AZ,Parks,35.1898,-112.0187
AZ,Patagonia,31.53532,-110.69677
AZ,Paulden,35.03129,-112.54411
AZ,Payson,34.21978,-111.28777
AZ,Peach Springs,35.5378,-113.4202
AZ,Pearce,31.96661,-109.79503
AZ,Peoria,33.57614,-112.23442
AZ,Peridot,33.47887,-110.37252
AZ,Petrified Forest Natl Pk,34.77389,-109.88778
AZ,Phoenix,33.451,-112.0685
AZ,Picacho,32.71611,-111.49472
AZ,Pima,32.90966,-109.85601
AZ,Pine,34.39091,-111.47348
AZ,Pinedale,34.3075,-110.25083
AZ,Pinetop,34.11746,-109.91967
AZ,Pinon,36.10024,-110.22108
AZ,Pirtleville,31.35694,-109.56111
AZ,Polacca,35.81181,-110.51114
AZ,Pomerene,31.99944,-110.28556
AZ,Poston,33.99056,-114.39556
AZ,Prescott,34.62991,-113.02246
AZ,Prescott Valley,34.61,-112.315
AZ,Quartzsite,33.5675,-114.2731
AZ,Queen Creek,33.15109,-111.51106
AZ,Queen Creek,33.23858,-111.6436
AZ,Red Rock,32.57611,-111.325
AZ,Red Valley,35.91556,-109.02917
AZ,Rillito,32.41472,-111.15556
AZ,Rimrock,34.63799,-111.78422
AZ,Rio Rico,31.4851,-110.9898
AZ,Rio Verde,33.7316,-111.6811
AZ,Rock Point,36.71806,-109.62528
AZ,Roll,32.93664,-113.56429
AZ,Roosevelt,33.63575,-110.97488
AZ,Round Rock,36.50222,-109.55306
AZ,Sacaton,33.0977,-111.77516
AZ,Safford,32.82949,-109.62664
AZ,Sahuarita,31.94517,-111.00015
AZ,Saint David,31.89725,-110.21538
AZ,Saint Johns,34.50101,-109.37962
AZ,Saint Michaels,35.64472,-109.095
AZ,Salome,33.74814,-113.57146
AZ,San Carlos,33.31064,-110.39532
AZ,San Luis,32.48694,-114.78139
AZ,San Manuel,32.69583,-110.65679
AZ,San Simon,32.20817,-109.36715
AZ,Sanders,35.21639,-109.33306
AZ,Sasabe,31.48861,-111.54139
AZ,Scottsdale,33.52177,-111.90493
AZ,Second Mesa,35.90378,-110.6472
AZ,Sedona,34.82664,-111.75063
AZ,Sedona,34.8697,-111.7602
AZ,Seligman,35.32125,-112.9548
AZ,Sells,32.03157,-111.92221
AZ,Shonto,36.61594,-110.64774
AZ,Show Low,34.06012,-110.05463
AZ,Sierra Vista,31.53647,-110.26656
AZ,Skull Valley,34.50528,-112.68472
AZ,Snowflake,34.49586,-110.08074
AZ,Solomon,32.8125,-109.63333
AZ,Somerton,32.5634,-114.7127
AZ,Sonoita,31.86615,-110.72442
AZ,Springerville,34.11933,-109.30407
AZ,Stanfield,32.88232,-111.96599
AZ,Sun City,33.6061,-112.2797
AZ,Sun City West,33.66258,-112.25543
AZ,Sun Valley,34.25083,-111.25444
AZ,Supai,36.22416,-112.69321
AZ,Superior,33.28872,-111.09846
AZ,Surprise,33.63003,-112.33143
AZ,Tacna,32.6975,-113.95278
AZ,Taylor,34.465,-110.09056
AZ,Teec Nos Pos,36.77969,-109.35904
AZ,Tempe,33.4273,-111.9307
AZ,Temple Bar Marina,36.02556,-114.31806
AZ,Thatcher,32.8199,-109.73024
AZ,Tolleson,33.43469,-112.27744
AZ,Tombstone,31.7216,-110.05845
AZ,Tonalea,35.93456,-110.88204
AZ,Tonopah,33.4228,-112.95279
AZ,Tonto Basin,33.93028,-111.30806
AZ,Topawa,31.81389,-111.825
AZ,Topock,34.77839,-114.48167
AZ,Tortilla Flat,33.52639,-111.38917
AZ,Tsaile,36.30707,-109.21763
AZ,Tuba City,36.10373,-111.26857
AZ,Tubac,31.6125,-111.04528
AZ,Tucson,32.21387,-110.96944
AZ,Tumacacori,31.59419,-111.03969
AZ,Vail,32.03593,-110.88375
AZ,Valentine,35.3717,-113.8213
AZ,Valley Farms,32.98833,-111.44667
AZ,Vernon,34.2575,-109.69222
AZ,Waddell,33.56728,-112.43869
AZ,Wellton,32.74925,-114.17662
AZ,Wenden,33.8225,-113.54083
AZ,White Mountain Lake,34.34833,-109.99694
AZ,Whiteriver,33.83694,-109.96361
AZ,Wickenburg,33.96861,-112.72889
AZ,Wikieup,34.70333,-113.61056
AZ,Willcox,32.37298,-109.86311
AZ,Williams,35.24984,-112.19062
AZ,Willow Beach,35.8316,-114.4441
AZ,Window Rock,35.68056,-109.05194
AZ,Winkelman,33.00572,-110.77268
AZ,Winslow,35.16078,-110.51138
AZ,Wittmann,33.72642,-112.44658
AZ,Woodruff,34.51333,-110.07778
AZ,Yarnell,34.41408,-112.62166
AZ,Young,34.10139,-110.96306
AZ,Youngtown,33.59075,-112.3013
AZ,Yucca,34.87222,-114.14861
AZ,Yuma,32.70151,-114.64236
CA,Acampo,38.20041,-121.21858
CA,Acton,34.48354,-118.19593
CA,Adelanto,34.58413,-117.42419
CA,Adin,41.21751,-120.94319
CA,Agoura Hills,34.15716,-118.75718
CA,Aguanga,33.44731,-116.79969
CA,Ahwahnee,37.40763,-119.72325
CA,Alameda,37.76478,-122.26052
CA,Alamo,37.8537,-122.02287
CA,Albany,37.89005,-122.29539
CA,Albion,39.21593,-123.72137
CA,Alderpoint,40.17639,-123.61056
CA,Alhambra,34.09144,-118.12929
CA,Aliso Viejo,33.57237,-117.70891
CA,Alleghany,39.5127,-120.72718
CA,Alpaugh,35.88778,-119.48639
CA,Alpine,32.82816,-116.75433
CA,Alta,39.22803,-120.77317
CA,Altadena,34.19119,-118.13919
CA,Altaville,38.07694,-120.55222
CA,Alturas,41.47674,-120.54558
CA,Alviso,37.42766,-121.9686
CA,Amador City,38.41944,-120.82306
CA,Amboy,34.59901,-115.77491
CA,American Canyon,38.175,-122.25972
CA,Anaheim,33.84268,-117.95404
CA,Anderson,40.45743,-122.32822
CA,Angels Camp,38.06401,-120.55437
CA,Angelus Oaks,34.15315,-116.94848
CA,Angwin,38.57691,-122.44773
CA,Annapolis,38.71449,-123.31421
CA,Antelope,38.70833,-121.32889
CA,Antioch,37.99392,-121.80891
CA,Anza,33.56881,-116.71355
CA,Apple Valley,34.52908,-117.2132
CA,Applegate,38.99549,-120.99051
CA,Aptos,36.97722,-121.89833
CA,Arbuckle,39.01379,-122.02741
CA,Arcadia,34.13239,-118.02637
CA,Arcata,40.86667,-124.08167
CA,Armona,36.30946,-119.70528
CA,Arnold,38.24175,-120.34223
CA,Aromas,36.87852,-121.63978
CA,Arroyo Grande,35.11449,-120.57289
CA,Artesia,33.86657,-118.06805
CA,Artois,39.61972,-122.19278
CA,Arvin,35.19663,-118.8336
CA,Atascadero,35.47544,-120.66384
CA,Atherton,37.45625,-122.2002
CA,Atwater,37.35315,-120.60084
CA,Atwood,33.86556,-117.83
CA,Auberry,37.07263,-119.4572
CA,Auburn,38.9828,-121.0938
CA,Avalon,33.33196,-118.34371
CA,Avenal,35.98767,-120.12272
CA,Avery,38.20444,-120.36889
CA,Avila Beach,35.18,-120.73083
CA,Azusa,34.12476,-117.90308
CA,Badger,36.63139,-119.01222
CA,Baker,35.36057,-116.06375
CA,Bakersfield,35.38661,-119.01706
CA,Baldwin Park,34.08425,-117.96954
CA,Ballico,37.45246,-120.70015
CA,Bangor,39.42486,-121.3505
CA,Banning,33.92816,-116.88993
CA,Bard,32.78917,-114.55528
CA,Barstow,34.89145,-117.0387
CA,Bass Lake,37.32436,-119.55684
CA,Bayside,40.82238,-124.0273
CA,Beale Afb,39.14583,-121.59028
CA,Beaumont,33.95043,-116.97008
CA,Beckwourth,39.82028,-120.37778
CA,Belden,39.92175,-121.32592
CA,Bell,33.96918,-118.17205
CA,Bell Gardens,33.9775,-118.18611
CA,Bella Vista,40.74095,-122.07245
CA,Bellflower,33.88668,-118.12653
CA,Belmont,37.51743,-122.29267
CA,Belvedere Tiburon,37.88988,-122.47263
CA,Ben Lomond,37.08618,-122.08387
CA,Benicia,38.06846,-122.16139
CA,Benton,37.7981,-118.49853
CA,Berkeley,37.8691,-122.2696
CA,Berry Creek,39.63839,-121.38547
CA,Bethel Island,38.015,-121.63944
CA,Beverly Hills,34.0732,-118.3927
CA,Bieber,41.12139,-121.14306
CA,Big Bar,40.74796,-123.22901
CA,Big Bear City,34.24223,-116.92041
CA,Big Bear Lake,34.24389,-116.91056
CA,Big Bend,41.02083,-121.91
CA,Big Creek,37.205,-119.245
CA,Big Oak Flat,37.82361,-120.25722
CA,Big Pine,37.16786,-118.2916
CA,Big Sur,36.2458,-121.7009
CA,Biggs,39.41492,-121.69587
CA,Biola,36.80222,-120.01528
CA,Birds Landing,38.1504,-121.84432
CA,Bishop,37.3863,-118.44156
CA,Blairsden-graeagle,39.78475,-120.6274
CA,Blocksburg,40.27611,-123.63528
CA,Bloomington,34.0662,-117.39929
CA,Blue Jay,34.24611,-117.20889
CA,Blue Lake,40.9287,-123.8967
CA,Blythe,33.60571,-114.59713
CA,Bodega,38.33926,-122.95136
CA,Bodega Bay,38.33092,-123.03731
CA,Bodfish,35.58705,-118.48466
CA,Bolinas,37.90787,-122.69465
CA,Bonita,32.66714,-117.02206
CA,Bonsall,33.29403,-117.18969
CA,Boonville,39.03501,-123.40195
CA,Boron,35.00375,-117.66292
CA,Borrego Springs,33.23865,-116.35139
CA,Boulder Creek,37.14993,-122.13305
CA,Boulevard,32.67193,-116.31998
CA,Boyes Hot Springs,38.31389,-122.48083
CA,Bradley,35.80926,-120.97279
CA,Brandeis,34.3216,-118.7027
CA,Branscomb,39.70053,-123.55498
CA,Brawley,32.97918,-115.52961
CA,Brea,33.9252,-117.8895
CA,Brentwood,37.93241,-121.68943
CA,Bridgeport,38.2566,-119.20803
CA,Bridgeville,40.46857,-123.54935
CA,Brisbane,37.6811,-122.40012
CA,Brookdale,37.10639,-122.105
CA,Brooks,38.73928,-122.13339
CA,Browns Valley,39.28443,-121.34648
CA,Brownsville,39.45253,-121.26118
CA,Bryn Mawr,34.04833,-117.23
CA,Buellton,34.62093,-120.19223
CA,Buena Park,33.84061,-118.01136
CA,Burbank,34.18624,-118.3009
CA,Burlingame,37.57588,-122.36295
CA,Burney,40.89493,-121.65504
CA,Burnt Ranch,40.77224,-123.46125
CA,Burrel,36.48833,-119.98417
CA,Burson,38.18389,-120.88944
CA,Butte City,39.45635,-121.97805
CA,Buttonwillow,35.40327,-119.46593
CA,Byron,37.90262,-121.60221
CA,Cabazon,33.90858,-116.77395
CA,Calabasas,34.14185,-118.6641
CA,Calexico,32.68323,-115.50281
CA,Caliente,35.3568,-118.41026
CA,California City,35.12583,-117.985
CA,California Hot Springs,35.89242,-118.64632
CA,Calimesa,33.99459,-117.04304
CA,Calipatria,33.16696,-115.5114
CA,Calistoga,38.5823,-122.58138
CA,Callahan,41.38326,-122.76405
CA,Calpella,39.15028,-123.20667
CA,Calpine,39.6517,-120.4442
CA,Camarillo,34.23133,-119.04636
CA,Cambria,35.55657,-121.08403
CA,Camino,38.74494,-120.67198
CA,Camp Meeker,38.42528,-122.95833
CA,Camp Nelson,36.13028,-118.81722
CA,Camp Pendleton,33.32793,-117.40945
CA,Campbell,37.28001,-121.95539
CA,Campo,32.66049,-116.49046
CA,Campo Seco,38.22722,-120.85222
CA,Camptonville,39.45078,-121.02307
CA,Canby,41.46636,-120.92177
CA,Canoga Park,34.19926,-118.59828
CA,Cantil,35.28256,-117.99387
CA,Cantua Creek,36.49212,-120.33525
CA,Canyon,37.83167,-122.18667
CA,Canyon Country,34.4262,-118.44901
CA,Canyon Dam,40.20796,-121.15632
CA,Capay,38.69696,-122.10099
CA,Capistrano Beach,33.45911,-117.66266
CA,Capitola,36.97736,-121.95215
CA,Cardiff By The Sea,33.02526,-117.27437
CA,Carlotta,40.50703,-123.97429
CA,Carlsbad,33.16024,-117.325
CA,Carmel,36.4478,-121.8395
CA,Carmel By The Sea,36.5546,-121.9203
CA,Carmel Valley,36.47871,-121.72436
CA,Carmichael,38.62839,-121.32868
CA,Carnelian Bay,39.23194,-120.07533
CA,Carpinteria,34.40359,-119.51826
CA,Carson,33.82297,-118.26835
CA,Caruthers,36.53585,-119.84458
CA,Casmalia,34.83806,-120.53028
CA,Caspar,39.3651,-123.79849
CA,Cassel,40.90783,-121.5245
CA,Castaic,34.48889,-118.62194
CA,Castella,41.13861,-122.31667
CA,Castro Valley,37.70153,-122.07818
CA,Castroville,36.77142,-121.74737
CA,Cathedral City,33.80984,-116.4665
CA,Catheys Valley,37.44141,-120.06902
CA,Cayucos,35.44461,-120.89079
CA,Cazadero,38.56634,-123.1829
CA,Cedar Glen,34.25389,-117.16389
CA,Cedar Ridge,39.19889,-121.02
CA,Cedarpines Park,34.25,-117.325
CA,Cedarville,41.47587,-120.15155
CA,Ceres,37.5881,-120.94994
CA,Cerritos,33.85833,-118.06389
CA,Challenge,39.4875,-121.2225
CA,Chatsworth,34.25825,-118.59136
CA,Chester,40.29746,-121.22734
CA,Chicago Park,39.14528,-120.96611
CA,Chico,39.75647,-121.85181
CA,Chilcoot,39.80568,-120.17521
CA,Chinese Camp,37.85683,-120.40667
CA,Chino,34.01222,-117.68806
CA,Chino Hills,33.97973,-117.73079
CA,Chowchilla,37.10137,-120.26908
CA,Chualar,36.59504,-121.43196
CA,Chula Vista,32.64,-117.0833
CA,Cima,35.23778,-115.49833
CA,Citrus Heights,38.69457,-121.26921
CA,City Of Industry,34.0197,-117.9577
CA,Claremont,34.10917,-117.71829
CA,Clarksburg,38.39596,-121.55685
CA,Clayton,37.91544,-121.90997
CA,Clearlake,38.95714,-122.63609
CA,Clearlake Oaks,39.03484,-122.66873
CA,Clearlake Park,38.96778,-122.65389
CA,Clements,38.19083,-121.08722
CA,Clio,39.74326,-120.56046
CA,Clipper Mills,39.53278,-121.15639
CA,Cloverdale,38.7994,-123.01172
CA,Clovis,36.8243,-119.6824
CA,Coachella,33.67497,-116.17723
CA,Coalinga,36.16244,-120.34893
CA,Coarsegold,37.22138,-119.74555
CA,Cobb,38.82222,-122.72194
CA,Coleville,38.5029,-119.48278
CA,Colfax,39.07694,-120.96016
CA,Coloma,38.8,-120.88917
CA,Colton,34.05796,-117.31858
CA,Columbia,38.03975,-120.40555
CA,Colusa,39.21311,-122.01156
CA,Comptche,39.24992,-123.58565
CA,Compton,33.89065,-118.23904
CA,Concord,37.95043,-122.0263
CA,Cool,38.90363,-120.97296
CA,Copperopolis,37.93725,-120.63837
CA,Corcoran,36.08646,-119.56067
CA,Corning,39.92957,-122.19599
CA,Corona,33.8815,-117.6078
CA,Corona Del Mar,33.60207,-117.87433
CA,Coronado,32.68069,-117.16982
CA,Corte Madera,37.92226,-122.5132
CA,Costa Mesa,33.67771,-117.90962
CA,Cotati,38.32592,-122.70483
CA,Cottonwood,40.36907,-122.33746
CA,Coulterville,37.73864,-119.98581
CA,Courtland,38.30576,-121.5543
CA,Covelo,39.80186,-123.21501
CA,Covina,34.09716,-117.90654
CA,Coyote,37.21672,-121.74602
CA,Crescent City,41.7854,-124.17845
CA,Crescent Mills,40.08192,-120.88199
CA,Cressey,37.41972,-120.66639
CA,Crest Park,34.23389,-117.19556
CA,Crestline,34.24194,-117.28472
CA,Creston,35.49154,-120.55424
CA,Crockett,38.05186,-122.21766
CA,Crows Landing,37.43896,-121.01989
CA,Culver City,33.99493,-118.39911
CA,Cupertino,37.31736,-122.0386
CA,Cutler,36.52427,-119.28702
CA,Cutten,40.77,-124.14167
CA,Cypress,33.81861,-118.0387
CA,Daggett,34.86677,-116.88756
CA,Daly City,37.7074,-122.4587
CA,Dana Point,33.47696,-117.70048
CA,Danville,37.82083,-121.90667
CA,Dardanelle,38.34111,-119.83278
CA,Darwin,36.26806,-117.59083
CA,Davenport,37.06306,-122.22574
CA,Davis,38.55482,-121.7485
CA,Davis Creek,41.86256,-120.32355
CA,Death Valley,36.46717,-116.89368
CA,Deer Park,38.57583,-122.44889
CA,Del Mar,32.97147,-117.23731
CA,Del Rey,36.65431,-119.59291
CA,Delano,35.77151,-119.24594
CA,Delhi,37.42863,-120.77549
CA,Denair,37.53842,-120.79647
CA,Descanso,32.87297,-116.60273
CA,Desert Center,33.60494,-115.0526
CA,Desert Hot Springs,33.90497,-116.36622
CA,Diablo,37.83883,-121.96095
CA,Diamond Bar,34.00659,-117.80982
CA,Diamond Springs,38.66302,-120.83607
CA,Dillon Beach,38.25083,-122.96417
CA,Dinuba,36.53493,-119.39087
CA,Discovery Bay,37.90854,-121.60023
CA,Dixon,38.45869,-121.81583
CA,Dobbins,39.37147,-121.23439
CA,Dorris,41.9675,-121.91694
CA,Dos Palos,37.00253,-120.63335
CA,Dos Rios,39.7093,-123.29829
CA,Douglas City,40.63415,-122.92387
CA,Douglas Flat,38.08722,-120.47194
CA,Downey,33.94,-118.13167
CA,Downieville,39.57026,-120.67777
CA,Doyle,40.0008,-120.10769
CA,Drytown,38.39306,-120.80139
CA,Duarte,34.13944,-117.97639
CA,Dublin,37.7166,-121.92259
CA,Ducor,35.89167,-119.04639
CA,Dulzura,32.61517,-116.72852
CA,Duncans Mills,38.45389,-123.05389
CA,Dunlap,36.74464,-119.08993
CA,Dunnigan,38.89367,-121.99658
CA,Dunsmuir,41.21244,-122.2734
CA,Durham,39.6416,-121.79198
CA,Dutch Flat,39.19779,-120.82622
CA,Eagleville,41.31639,-120.11472
CA,Earlimart,35.85419,-119.25341
CA,Earp,34.14914,-114.33928
CA,East Irvine,33.67583,-117.75889
CA,Echo Lake,38.81025,-120.0705
CA,Edison,35.3475,-118.87083
CA,Edwards,34.93051,-117.91538
CA,El Cajon,32.77773,-116.91906
CA,El Centro,32.78933,-115.56651
CA,El Cerrito,37.91563,-122.29852
CA,El Dorado,38.68278,-120.84667
CA,El Dorado Hills,38.6851,-121.0685
CA,El Granada,37.50278,-122.46833
CA,El Monte,34.07914,-118.03711
CA,El Nido,37.13452,-120.48323
CA,El Portal,37.67472,-119.78306
CA,El Segundo,33.92428,-118.41192
CA,El Sobrante,37.96929,-122.29009
CA,El Toro,33.62583,-117.69278
CA,El Verano,38.29778,-122.49056
CA,Eldridge,38.34889,-122.50972
CA,Elk,39.1604,-123.72396
CA,Elk Creek,39.59891,-122.55724
CA,Elk Grove,38.41274,-121.35991
CA,Elmira,38.34833,-121.90889
CA,Elverta,38.71642,-121.43104
CA,Emeryville,37.83647,-122.28036
CA,Emigrant Gap,39.28691,-120.6629
CA,Empire,37.63833,-120.90111
CA,Encinitas,33.03694,-117.29111
CA,Encino,34.16548,-118.51754
CA,Escalon,37.80443,-120.99004
CA,Escondido,33.11012,-117.06999
CA,Esparto,38.69419,-122.02139
CA,Essex,34.56063,-115.28034
CA,Etna,41.4683,-122.91419
CA,Eureka,40.77624,-124.15589
CA,Exeter,36.30405,-119.12928
CA,Fair Oaks,38.65541,-121.26107
CA,Fairfax,37.98829,-122.59371
CA,Fairfield,38.26708,-122.03565
CA,Fall River Mills,41.03931,-121.46056
CA,Fallbrook,33.36901,-117.22895
CA,Farmersville,36.30017,-119.20536
CA,Farmington,37.94477,-120.85234
CA,Fawnskin,34.26806,-116.94167
CA,Feather Falls,39.59333,-121.25528
CA,Fellows,35.20258,-119.56476
CA,Felton,37.06312,-122.06216
CA,Ferndale,40.57449,-124.25227
CA,Fiddletown,38.53141,-120.71593
CA,Fields Landing,40.72472,-124.21389
CA,Fillmore,34.40256,-118.90407
CA,Finley,39.00444,-122.87444
CA,Firebaugh,36.8651,-120.47005
CA,Fish Camp,37.51692,-119.642
CA,Five Points,36.42944,-120.10194
CA,Floriston,39.44575,-120.02542
CA,Flournoy,39.92056,-122.435
CA,Folsom,38.68789,-121.14093
CA,Fontana,34.0589,-117.4383
CA,Foothill Ranch,33.66682,-117.665
CA,Forbestown,39.54171,-121.21344
CA,Forest Falls,34.08805,-116.91415
CA,Forest Knolls,38.01218,-122.69074
CA,Forest Ranch,40.12993,-121.5002
CA,Foresthill,39.00229,-120.86113
CA,Forestville,38.48944,-122.89668
CA,Forks Of Salmon,41.25698,-123.09781
CA,Fort Bidwell,41.86444,-120.16198
CA,Fort Bragg,39.43745,-123.78835
CA,Fort Dick,41.8382,-124.166
CA,Fort Irwin,35.40148,-116.64476
CA,Fort Jones,41.61703,-122.88321
CA,Fortuna,40.58493,-124.14065
CA,Fountain Valley,33.71076,-117.95232
CA,Fowler,36.62815,-119.67103
CA,Frazier Park,34.82278,-118.94389
CA,Freedom,36.93648,-121.77676
CA,Fremont,37.56049,-121.99993
CA,French Camp,37.87798,-121.2827
CA,French Gulch,40.70352,-122.62287
CA,Fresno,36.84111,-119.80036
CA,Friant,37.00242,-119.6965
CA,Fullerton,33.8796,-117.8951
CA,Fulton,38.49473,-122.77608
CA,Galt,38.26985,-121.29383
CA,Garberville,40.10028,-123.79389
CA,Garden Grove,33.7857,-117.9318
CA,Garden Valley,38.8665,-120.85667
CA,Gardena,33.89246,-118.29612
CA,Gasquet,41.86277,-123.91247
CA,Gazelle,41.51049,-122.53712
CA,Georgetown,38.91989,-120.79339
CA,Gerber,40.043,-122.16494
CA,Geyserville,38.7004,-122.88892
CA,Gilroy,37.016,-121.57825
CA,Glen Ellen,38.36254,-122.521
CA,Glencoe,38.35156,-120.59455
CA,Glendale,34.17161,-118.28989
CA,Glendora,34.12866,-117.85515
CA,Glenhaven,38.99008,-122.52204
CA,Glenn,39.60687,-122.03844
CA,Glennville,35.73768,-118.71693
CA,Gold Run,39.1751,-120.85691
CA,Goleta,34.4901,-120.0384
CA,Gonzales,36.49004,-121.41035
CA,Goodyears Bar,39.57289,-120.8207
CA,Goshen,36.35111,-119.41917
CA,Granada Hills,34.27707,-118.4992
CA,Grand Terrace,34.03389,-117.31278
CA,Granite Bay,38.7438,-121.1898
CA,Grass Valley,39.20762,-121.0374
CA,Graton,38.43497,-122.86677
CA,Green Valley Lake,34.23778,-117.07972
CA,Greenbrae,37.9506,-122.5355
CA,Greenfield,36.32018,-121.24507
CA,Greenview,41.55083,-122.90444
CA,Greenville,40.1424,-120.9273
CA,Greenwood,38.93623,-120.91659
CA,Grenada,41.61251,-122.52583
CA,Gridley,39.35885,-121.68978
CA,Grimes,39.07444,-121.89278
CA,Grizzly Flats,38.62866,-120.54251
CA,Groveland,37.8409,-120.19181
CA,Grover Beach,35.12097,-120.61735
CA,Guadalupe,34.95999,-120.57033
CA,Gualala,38.80362,-123.55397
CA,Guasti,34.065,-117.58556
CA,Guatay,32.84889,-116.55639
CA,Guerneville,38.50957,-122.99442
CA,Guinda,38.81657,-122.18966
CA,Gustine,37.24246,-121.00396
CA,Hacienda Heights,33.99774,-117.9652
CA,Half Moon Bay,37.47906,-122.44593
CA,Hamilton City,39.74278,-122.0125
CA,Hanford,36.33142,-119.64909
CA,Happy Camp,41.8018,-123.38805
CA,Harbor City,33.79701,-118.29911
CA,Harmony,35.50861,-121.02167
CA,Hat Creek,40.76767,-121.46369
CA,Hathaway Pines,38.19194,-120.36444
CA,Hawaiian Gardens,33.82958,-118.07296
CA,Hawthorne,33.91321,-118.34698
CA,Hayfork,40.55043,-123.16342
CA,Hayward,37.6564,-122.0957
CA,Healdsburg,38.61553,-122.85653
CA,Heber,32.69892,-115.42828
CA,Helendale,34.74986,-117.33666
CA,Helm,36.49923,-120.0936
CA,Hemet,33.74161,-116.97297
CA,Herald,38.31282,-121.1589
CA,Hercules,38.00665,-122.2637
CA,Herlong,40.14849,-120.17127
CA,Hermosa Beach,33.86431,-118.39551
CA,Hesperia,34.42639,-117.3
CA,Hickman,37.61999,-120.71722
CA,Hidden Valley Lake,39.96258,-123.81466
CA,Highland,34.12697,-117.20872
CA,Hilmar,37.40838,-120.85614
CA,Hinkley,34.92788,-117.18087
CA,Hollister,36.8484,-121.3871
CA,Holt,37.93444,-121.42611
CA,Holtville,32.81039,-115.37746
CA,Holy City,37.15694,-121.97778
CA,Homeland,33.74528,-117.11185
CA,Homewood,39.07816,-120.17903
CA,Honeydew,40.24444,-124.12167
CA,Hood,38.36833,-121.51639
CA,Hoopa,41.10594,-123.69275
CA,Hopland,38.97206,-123.11696
CA,Hornbrook,41.90774,-122.52653
CA,Hornitos,37.49223,-120.22644
CA,Hughson,37.59436,-120.86528
CA,Hume,36.785,-118.91278
CA,Huntington Beach,33.7152,-118.0088
CA,Huntington Park,33.97688,-118.21605
CA,Huron,36.23714,-120.10196
CA,Hyampom,40.6175,-123.45139
CA,Hydesville,40.54958,-124.08449
CA,Idyllwild,33.73043,-116.71067
CA,Igo,40.4318,-122.65402
CA,Imperial,32.84695,-115.57298
CA,Imperial Beach,32.57829,-117.11478
CA,Independence,36.83958,-118.20481
CA,Indian Wells,33.71633,-116.33813
CA,Indio,33.7219,-116.23573
CA,Inglewood,33.95505,-118.35558
CA,Inverness,38.08351,-122.85677
CA,Inyokern,35.6745,-117.83484
CA,Ione,38.35188,-120.94326
CA,Irvine,33.7357,-117.7672
CA,Isleton,38.15539,-121.60486
CA,Ivanhoe,36.38562,-119.21888
CA,Jackson,38.35751,-120.75488
CA,Jacumba,32.62493,-116.19518
CA,Jamestown,37.90654,-120.49457
CA,Jamul,32.71629,-116.83233
CA,Janesville,40.29633,-120.50982
CA,Jenner,38.47409,-123.13538
CA,Johannesburg,35.37065,-117.63733
CA,Jolon,35.97083,-121.175
CA,Joshua Tree,34.15016,-116.30376
CA,Julian,33.05336,-116.56581
CA,Junction City,40.76819,-123.06267
CA,June Lake,37.77732,-119.08249
CA,Kaweah,36.46972,-118.9175
CA,Keeler,36.48722,-117.87306
CA,Keene,35.2375,-118.60756
CA,Kelseyville,38.94616,-122.78171
CA,Kentfield,37.95222,-122.55611
CA,Kenwood,38.41679,-122.55468
CA,Kerman,36.73058,-120.07244
CA,Kernville,35.755,-118.40472
CA,Kettleman City,36.0215,-119.96436
CA,Keyes,37.55667,-120.91444
CA,King City,36.20278,-121.12733
CA,Kings Beach,39.24012,-120.02329
CA,Kings Canyon National Pk,36.7806,-119.0682
CA,Kingsburg,36.50805,-119.5433
CA,Kirkwood,38.70278,-120.07167
CA,Kit Carson,38.43194,-120.57083
CA,Klamath,41.54207,-124.03391
CA,Klamath River,41.8637,-122.81969
CA,Kneeland,40.71262,-123.94642
CA,Knights Landing,38.82203,-121.72
CA,Knightsen,37.9818,-121.67215
CA,Korbel,40.82437,-123.85941
CA,Kyburz,38.78004,-120.25529
CA,La Canada Flintridge,34.20928,-118.19901
CA,La Crescenta,34.23162,-118.24569
CA,La Grange,37.67892,-120.35813
CA,La Habra,33.93217,-117.9497
CA,La Honda,37.27228,-122.29389
CA,La Jolla,32.84549,-117.25208
CA,La Mesa,32.76043,-117.01154
CA,La Mirada,33.8953,-118.0024
CA,La Palma,33.84902,-118.04062
CA,La Puente,34.02943,-117.9341
CA,La Quinta,34.3278,-118.6406
CA,La Verne,34.1159,-117.77077
CA,Ladera Ranch,33.5554,-117.6384
CA,Lafayette,37.8961,-122.11194
CA,Laguna Beach,33.54293,-117.77235
CA,Laguna Hills,33.60028,-117.70854
CA,Laguna Niguel,33.5225,-117.70667
CA,Laguna Woods,33.6087,-117.7311
CA,Lagunitas,38.01393,-122.70158
CA,Lake Arrowhead,34.24833,-117.18833
CA,Lake City,41.66821,-120.18142
CA,Lake Elsinore,33.65982,-117.34853
CA,Lake Forest,33.64001,-117.68819
CA,Lake Hughes,34.6683,-118.44472
CA,Lake Isabella,35.61789,-118.44126
CA,Lakehead,40.95878,-122.35928
CA,Lakeport,39.05515,-122.91508
CA,Lakeshore,37.253,-119.1738
CA,Lakeside,32.85618,-116.92009
CA,Lakewood,33.8517,-118.1328
CA,Lamont,35.25706,-118.91242
CA,Lancaster,34.69089,-118.14913
CA,Landers,34.40306,-116.59167
CA,Larkspur,37.93674,-122.5362
CA,Lathrop,37.8209,-121.28265
CA,Laton,36.43783,-119.71556
CA,Lawndale,33.88791,-118.35101
CA,Laytonville,39.66781,-123.48686
CA,Le Grand,37.23418,-120.25174
CA,Lebec,34.82886,-118.87913
CA,Lee Vining,37.98899,-119.12341
CA,Leggett,39.86583,-123.71306
CA,Lemon Cove,36.39608,-119.00499
CA,Lemon Grove,32.73323,-117.03265
CA,Lemoore,36.30953,-119.83102
CA,Lewiston,40.74599,-122.84259
CA,Likely,41.23056,-120.50306
CA,Lincoln,38.90404,-121.29554
CA,Lincoln Acres,32.66778,-117.07194
CA,Linden,38.02187,-121.07444
CA,Lindsay,36.20955,-119.08843
CA,Litchfield,40.36279,-120.25397
CA,Little Lake,35.93667,-117.90583
CA,Little River,39.27104,-123.75309
CA,Littlerock,34.54737,-117.9574
CA,Live Oak,39.2669,-121.66393
CA,Livermore,37.68299,-121.76298
CA,Livingston,37.37617,-120.71616
CA,Llano,34.49591,-117.79884
CA,Lockeford,38.16244,-121.13561
CA,Lockwood,35.98929,-121.20595
CA,Lodi,38.12358,-121.26303
CA,Loleta,40.6531,-124.22883
CA,Loma Linda,34.0524,-117.2618
CA,Loma Mar,37.25444,-122.282
CA,Lomita,33.79334,-118.31693
CA,Lompoc,34.65835,-120.4506
CA,Lone Pine,36.57978,-118.05782
CA,Long Barn,38.20336,-120.00116
CA,Long Beach,33.7705,-118.1885
CA,Lookout,41.20806,-121.15417
CA,Loomis,38.80711,-121.16983
CA,Los Alamitos,33.79529,-118.06989
CA,Los Alamos,34.74444,-120.27722
CA,Los Altos,37.38143,-122.12575
CA,Los Angeles,33.97309,-118.2479
CA,Los Banos,37.06266,-120.85439
CA,Los Gatos,37.1536,-121.9812
CA,Los Gatos,37.21168,-121.97868
CA,Los Molinos,40.04973,-122.09918
CA,Los Olivos,34.66778,-120.11389
CA,Los Osos,35.3172,-120.83326
CA,Lost Hills,35.61311,-119.72157
CA,Lotus,38.80171,-120.92886
CA,Lower Lake,38.86068,-122.57543
CA,Loyalton,39.66297,-120.22966
CA,Lucerne,39.08339,-122.78512
CA,Lucerne Valley,34.44695,-116.91886
CA,Ludlow,34.90178,-116.3862
CA,Lynwood,33.92408,-118.20129
CA,Lytle Creek,34.25576,-117.51861
CA,Macdoel,41.88303,-121.94447
CA,Mad River,40.35235,-123.41399
CA,Madeline,41.05111,-120.47444
CA,Madera,36.9528,-119.8806
CA,Madison,38.68016,-121.97213
CA,Magalia,39.83173,-121.59745
CA,Malibu,34.0382,-118.7082
CA,Mammoth Lakes,37.64236,-118.97638
CA,Manchester,38.99209,-123.67096
CA,Manhattan Beach,33.88959,-118.39956
CA,Manteca,37.80875,-121.21856
CA,Manton,40.43312,-121.83652
CA,March Air Reserve Base,33.89556,-117.27611
CA,Maricopa,35.03835,-119.40766
CA,Marina,36.68492,-121.79338
CA,Marina Del Rey,33.97788,-118.45248
CA,Mariposa,37.50392,-119.8925
CA,Markleeville,38.76473,-119.80728
CA,Marshall,38.17622,-122.89001
CA,Martell,38.36694,-120.795
CA,Martinez,37.99325,-122.11169
CA,Marysville,39.14165,-121.52247
CA,Mather,38.54922,-121.28239
CA,Maxwell,39.29249,-122.19516
CA,Maywood,33.98899,-118.18769
CA,Mc Farland,35.67578,-119.22716
CA,Mc Kittrick,35.3031,-119.63663
CA,Mcarthur,41.11141,-121.2149
CA,Mcclellan,38.65542,-121.40311
CA,Mccloud,41.25211,-122.13562
CA,Mckinleyville,40.87583,-124.08306
CA,Meadow Valley,39.91849,-121.05629
CA,Meadow Vista,39.0031,-121.02916
CA,Mecca,33.57167,-116.07639
CA,Mendocino,39.32321,-123.78846
CA,Mendota,36.74236,-120.40929
CA,Menifee,33.66474,-117.1743
CA,Menlo Park,37.4534,-122.17914
CA,Mentone,34.07737,-117.11258
CA,Merced,37.30072,-120.46167
CA,Meridian,39.11681,-121.88138
CA,Mi Wuk Village,38.10558,-120.13176
CA,Middletown,38.7825,-122.64352
CA,Midpines,37.57101,-119.94655
CA,Midway City,33.74479,-117.98354
CA,Milford,40.18276,-120.38951
CA,Mill Creek,40.32639,-121.52167
CA,Mill Valley,37.89576,-122.53388
CA,Millbrae,37.60038,-122.40198
CA,Millville,40.56532,-122.11109
CA,Milpitas,37.43649,-121.89289
CA,Mineral,40.32883,-121.52481
CA,Mira Loma,33.99385,-117.52357
CA,Miramonte,36.68938,-119.04772
CA,Miranda,40.23472,-123.8225
CA,Mission Hills,34.26187,-118.45866
CA,Mission Viejo,33.6,-117.6711
CA,Moccasin,37.81083,-120.29889
CA,Modesto,37.67465,-121.0113
CA,Mojave,35.04777,-118.17347
CA,Mokelumne Hill,38.32892,-120.56771
CA,Mono Hot Springs,37.168,-119.2095
CA,Monrovia,34.14396,-118.00138
CA,Montague,41.72429,-122.4638
CA,Montara,37.54222,-122.515
CA,Montclair,34.0733,-117.69867
CA,Monte Rio,38.46267,-123.00447
CA,Montebello,34.01334,-118.11299
CA,Monterey,36.59564,-121.8848
CA,Monterey Park,34.05341,-118.12714
CA,Montgomery Creek,40.91238,-121.92331
CA,Montrose,34.21142,-118.23053
CA,Moorpark,34.28556,-118.88111
CA,Moraga,37.84365,-122.12418
CA,Moreno Valley,33.8858,-117.2211
CA,Morgan Hill,37.12917,-121.64636
CA,Morongo Valley,34.06065,-116.56564
CA,Morro Bay,35.37953,-120.84475
CA,Moss Beach,37.53104,-122.50683
CA,Moss Landing,36.80444,-121.78583
CA,Mount Aukum,38.55,-120.7304
CA,Mount Hamilton,37.31609,-121.63995
CA,Mount Hermon,37.05111,-122.0575
CA,Mount Laguna,32.87222,-116.4175
CA,Mount Shasta,41.31744,-122.32402
CA,Mount Wilson,34.22639,-118.06528
CA,Mountain Center,33.53167,-116.58195
CA,Mountain Pass,35.47028,-115.54417
CA,Mountain Ranch,38.22036,-120.54814
CA,Mountain View,37.41001,-122.05194
CA,Mt Baldy,34.21808,-117.58022
CA,Murphys,38.1269,-120.46177
CA,Murrieta,33.56307,-117.27384
CA,Myers Flat,40.19476,-123.82271
CA,Napa,38.32814,-122.30552
CA,National City,32.67492,-117.08975
CA,Navarro,39.06583,-123.44389
CA,Needles,34.78237,-114.58713
CA,Nelson,39.55222,-121.76444
CA,Nevada City,39.2754,-121.01963
CA,New Almaden,37.17611,-121.81972
CA,New Cuyama,34.99671,-119.82381
CA,Newark,37.53681,-122.03196
CA,Newberry Springs,34.885,-116.74637
CA,Newbury Park,34.18417,-118.90972
CA,Newcastle,38.87247,-121.14262
CA,Newhall,34.37952,-118.523
CA,Newman,37.31759,-121.02594
CA,Newport Beach,33.6398,-117.8643
CA,Newport Coast,33.59638,-117.85532
CA,Nicasio,38.05462,-122.6964
CA,Nice,39.12234,-122.84241
CA,Nicolaus,38.88273,-121.55304
CA,Niland,33.37837,-115.69646
CA,Nipomo,35.02981,-120.48941
CA,Nipton,35.46761,-115.48144
CA,Norco,33.94,-117.55333
CA,Norden,39.31957,-120.40088
CA,North Fork,37.21253,-119.51432
CA,North Highlands,38.68855,-121.37491
CA,North Hills,34.23664,-118.47582
CA,North Hollywood,34.16867,-118.37127
CA,North Palm Springs,33.90028,-116.52722
CA,North San Juan,39.35404,-121.13498
CA,Northridge,34.23674,-118.54659
CA,Norwalk,33.90564,-118.08177
CA,Novato,38.1163,-122.57142
CA,Nubieber,41.09583,-121.18194
CA,Nuevo,33.80771,-117.1187
CA,O Neals,37.08687,-119.74537
CA,Oak Park,34.13639,-118.77361
CA,Oak Run,40.68631,-122.04093
CA,Oak View,34.40202,-119.29817
CA,Oakdale,37.77532,-120.84947
CA,Oakhurst,37.34756,-119.64485
CA,Oakland,37.78059,-122.21659
CA,Oakley,37.99403,-121.70362
CA,Oakville,38.43694,-122.40111
CA,Obrien,40.81222,-122.32306
CA,Occidental,38.39691,-122.98819
CA,Oceano,35.10187,-120.60804
CA,Oceanside,33.1951,-117.3776
CA,Ocotillo,32.73861,-115.99333
CA,Ojai,34.44512,-119.25648
CA,Olancha,36.32083,-118.02556
CA,Old Station,40.62557,-121.45848
CA,Olema,38.04083,-122.78694
CA,Olivehurst,39.08948,-121.55006
CA,Olympic Valley,39.15556,-120.215
CA,Ontario,34.0631,-117.6197
CA,Onyx,35.71358,-118.19023
CA,Orange,33.7877,-117.8755
CA,Orange Cove,36.62428,-119.3135
CA,Orangevale,38.68238,-121.2229
CA,Oregon House,39.31439,-121.20923
CA,Orick,41.30724,-124.05032
CA,Orinda,37.87866,-122.17285
CA,Orland,39.74458,-122.15788
CA,Orleans,41.31809,-123.52956
CA,Oro Grande,34.61783,-117.33273
CA,Orosi,36.54637,-119.28152
CA,Oroville,39.53297,-121.5784
CA,Oxnard,34.21414,-119.17495
CA,Pacific Grove,36.61674,-121.92196
CA,Pacific Palisades,34.0541,-118.53687
CA,Pacifica,37.61956,-122.48161
CA,Pacoima,34.25808,-118.42069
CA,Paicines,36.49478,-121.03285
CA,Pala,33.37766,-117.07173
CA,Palermo,39.43615,-121.54539
CA,Palm Desert,33.7611,-116.3249
CA,Palm Springs,33.84141,-116.53466
CA,Palmdale,34.57148,-118.06131
CA,Palo Alto,37.44432,-122.14969
CA,Palo Cedro,40.57666,-122.23981
CA,Palo Verde,33.43278,-114.73139
CA,Palomar Mountain,33.32278,-116.87778
CA,Palos Verdes Peninsula,33.77009,-118.37476
CA,Panorama City,34.22616,-118.44701
CA,Paradise,39.74639,-121.63611
CA,Paramount,33.89687,-118.16315
CA,Parker Dam,34.29798,-114.15597
CA,Parlier,36.61026,-119.53748
CA,Pasadena,34.14676,-118.13912
CA,Paskenta,39.88472,-122.54472
CA,Paso Robles,35.63525,-120.67068
CA,Patterson,37.49059,-121.14073
CA,Patton,34.13583,-117.22306
CA,Pauma Valley,33.30629,-116.95955
CA,Paynes Creek,40.35142,-121.76495
CA,Pearblossom,34.49112,-117.90289
CA,Pebble Beach,36.59074,-121.94204
CA,Penn Valley,39.21878,-121.19352
CA,Penngrove,38.31595,-122.67177
CA,Penryn,38.85665,-121.17915
CA,Perris,33.79754,-117.28001
CA,Pescadero,37.20652,-122.36488
CA,Petaluma,38.24035,-122.67773
CA,Petrolia,40.30056,-124.25124
CA,Phelan,34.42611,-117.57139
CA,Phillipsville,40.20917,-123.78472
CA,Philo,39.12,-123.53822
CA,Pico Rivera,33.98857,-118.08827
CA,Piedmont,37.8276,-122.2507
CA,Piedra,36.81028,-119.38111
CA,Piercy,39.96639,-123.79417
CA,Pilot Hill,38.82631,-121.02976
CA,Pine Grove,38.39678,-120.64371
CA,Pine Valley,32.83505,-116.51273
CA,Pinecrest,38.34106,-119.86519
CA,Pinole,37.9969,-122.28748
CA,Pinon Hills,34.44294,-117.64026
CA,Pioneer,38.46027,-120.53181
CA,Pioneertown,34.15667,-116.49528
CA,Piru,34.41528,-118.79306
CA,Pismo Beach,35.14278,-120.64028
CA,Pittsburg,38.01689,-121.90818
CA,Pixley,35.95529,-119.25643
CA,Placentia,33.881,-117.8553
CA,Placerville,38.71948,-120.80456
CA,Planada,37.29083,-120.3175
CA,Platina,40.31653,-122.91801
CA,Playa Del Rey,33.95775,-118.43731
CA,Pleasant Grove,38.78777,-121.50797
CA,Pleasant Hill,37.954,-122.07371
CA,Pleasanton,37.6658,-121.8755
CA,Plymouth,38.48811,-120.87026
CA,Point Arena,38.91526,-123.66076
CA,Point Mugu Nawc,34.12343,-119.09931
CA,Point Reyes Station,38.06479,-122.81621
CA,Pollock Pines,38.74558,-120.58511
CA,Pomona,34.04327,-117.75209
CA,Pope Valley,38.67819,-122.47224
CA,Port Costa,38.04601,-122.18665
CA,Port Hueneme,34.16257,-119.19732
CA,Port Hueneme Cbc Base,34.16212,-119.20601
CA,Porter Ranch,34.27419,-118.54124
CA,Porterville,36.06864,-119.03155
CA,Portola,39.81088,-120.46686
CA,Portola Vally,37.37886,-122.20813
CA,Posey,35.8135,-118.66429
CA,Potrero,32.62048,-116.60375
CA,Potter Valley,39.32964,-123.10418
CA,Poway,32.97562,-117.04022
CA,Prather,36.9938,-119.52677
CA,Princeton,39.42831,-122.03018
CA,Proberta,40.08167,-122.16944
CA,Quincy,39.9405,-120.92849
CA,Rackerby,39.4059,-121.33619
CA,Rail Road Flat,38.34333,-120.51111
CA,Raisin City,36.59893,-119.90316
CA,Ramona,33.02935,-116.85355
CA,Ranchita,33.24055,-116.53912
CA,Rancho Cordova,38.6019,-121.28943
CA,Rancho Cucamonga,34.13392,-117.59915
CA,Rancho Mirage,33.76428,-116.42245
CA,Rancho Palos Verdes,33.78778,-118.35722
CA,Rancho Santa Fe,33.0231,-117.1996
CA,Rancho Santa Margarita,33.65182,-117.58839
CA,Randsburg,35.35218,-117.7264
CA,Ravendale,40.8317,-120.16001
CA,Raymond,37.27898,-119.87657
CA,Red Bluff,40.17954,-122.23828
CA,Red Mountain,35.37278,-117.63389
CA,Redcrest,40.40646,-123.94205
CA,Redding,40.56049,-122.41163
CA,Redlands,34.03966,-117.18035
CA,Redondo Beach,33.83066,-118.38322
CA,Redway,40.11008,-123.84419
CA,Redwood City,37.46466,-122.23041
CA,Redwood Estates,37.15639,-121.98556
CA,Redwood Valley,39.26945,-123.21329
CA,Reedley,36.60441,-119.43779
CA,Represa,38.68833,-121.44778
CA,Rescue,38.71935,-120.99453
CA,Reseda,34.20066,-118.53907
CA,Rialto,34.11315,-117.37713
CA,Richgrove,35.79667,-119.10694
CA,Richmond,37.94004,-122.36201
CA,Richvale,39.49389,-121.74361
CA,Ridgecrest,35.63138,-117.67973
CA,Rimforest,34.22972,-117.22417
CA,Rio Dell,40.49515,-124.10439
CA,Rio Linda,38.68931,-121.44515
CA,Rio Nido,38.52111,-122.97583
CA,Rio Oso,38.961,-121.50531
CA,Rio Vista,38.16373,-121.70163
CA,Ripon,37.75329,-121.12291
CA,River Pines,38.5463,-120.743
CA,Riverbank,37.73281,-120.94302
CA,Riverdale,36.42952,-119.87195
CA,Riverside,33.9924,-117.36942
CA,Robbins,38.87028,-121.70528
CA,Rocklin,38.7919,-121.24341
CA,Rodeo,38.03069,-122.25814
CA,Rohnert Park,38.3269,-122.7061
CA,Rosamond,34.86312,-118.19636
CA,Rosemead,34.06577,-118.08529
CA,Roseville,38.73461,-121.23397
CA,Ross,37.9625,-122.55389
CA,Rough And Ready,39.22859,-121.15086
CA,Round Mountain,40.79417,-121.94083
CA,Rowland Heights,33.98178,-117.89695
CA,Rumsey,38.8762,-122.25374
CA,Running Springs,34.20778,-117.10833
CA,Rutherford,38.45861,-122.42139
CA,Ryde,38.23861,-121.55944
CA,Sacramento,38.5816,-121.4933
CA,Saint Helena,38.51378,-122.46192
CA,Salida,37.70713,-121.09048
CA,Salinas,36.66769,-121.65959
CA,Salton City,33.29861,-115.95528
CA,Salyer,40.89095,-123.54783
CA,Samoa,40.80371,-124.19357
CA,San Andreas,38.18673,-120.6687
CA,San Anselmo,37.98458,-122.57106
CA,San Ardo,35.98568,-120.86119
CA,San Bernardino,34.11052,-117.28975
CA,San Bruno,37.62474,-122.42902
CA,San Carlos,37.49686,-122.26736
CA,San Clemente,33.43081,-117.61014
CA,San Diego,32.71852,-117.15932
CA,San Dimas,34.10226,-117.81694
CA,San Fernando,34.28751,-118.43524
CA,San Francisco,37.62194,-122.38194
CA,San Francisco,37.775,-122.4183
CA,San Gabriel,34.11549,-118.08566
CA,San Geronimo,38.01716,-122.67784
CA,San Gregorio,37.32551,-122.35555
CA,San Jacinto,33.78389,-116.95778
CA,San Joaquin,36.60587,-120.18893
CA,San Jose,37.3894,-121.8868
CA,San Juan Bautista,36.84986,-121.53272
CA,San Juan Capistrano,33.51171,-117.65741
CA,San Leandro,37.72047,-122.1587
CA,San Lorenzo,37.67867,-122.12955
CA,San Lucas,36.12889,-121.01944
CA,San Luis Obispo,35.26345,-120.65093
CA,San Luis Rey,33.29437,-117.3064
CA,San Marcos,33.14439,-117.16972
CA,San Marino,34.1207,-118.11174
CA,San Martin,37.09112,-121.5999
CA,San Mateo,37.57227,-122.32026
CA,San Miguel,35.75321,-120.69653
CA,San Pablo,37.97237,-122.33693
CA,San Pedro,33.73389,-118.29143
CA,San Quentin,37.9428,-122.4894
CA,San Rafael,37.96914,-122.5105
CA,San Ramon,37.78,-121.97694
CA,San Simeon,35.66681,-121.14403
CA,San Ysidro,32.55194,-117.04222
CA,Sanger,36.7243,-119.5478
CA,Santa Ana,33.75016,-117.85766
CA,Santa Barbara,34.41967,-119.70782
CA,Santa Clara,37.34732,-121.95408
CA,Santa Clarita,34.45974,-118.48896
CA,Santa Cruz,36.98295,-122.04361
CA,Santa Fe Springs,33.94641,-118.0838
CA,Santa Margarita,35.34125,-120.3202
CA,Santa Maria,34.95454,-120.43245
CA,Santa Monica,34.01763,-118.49071
CA,Santa Paula,34.35472,-119.07133
CA,Santa Rita Park,37.0475,-120.59417
CA,Santa Rosa,38.44312,-122.75172
CA,Santa Ynez,34.62397,-120.07133
CA,Santa Ysabel,33.14758,-116.69635
CA,Santee,32.84864,-116.98615
CA,Saratoga,37.27287,-122.01824
CA,Sausalito,37.86015,-122.49456
CA,Scotia,40.45466,-124.03907
CA,Scott Bar,41.77364,-122.98818
CA,Scotts Valley,37.05784,-122.01496
CA,Seal Beach,33.76097,-118.08428
CA,Seaside,36.60921,-121.83572
CA,Sebastopol,38.39154,-122.8385
CA,Seeley,32.79306,-115.69028
CA,Seiad Valley,41.88659,-123.24376
CA,Selma,36.56952,-119.61703
CA,Sequoia National Park,36.57388,-118.77227
CA,Shafter,35.49699,-119.28007
CA,Shandon,35.65127,-120.37205
CA,Shasta,40.6109,-122.49685
CA,Shasta Lake,40.68026,-122.3654
CA,Shaver Lake,37.1397,-119.27303
CA,Sheep Ranch,38.20944,-120.46306
CA,Sheridan,38.99153,-121.36206
CA,Sherman Oaks,34.15141,-118.46032
CA,Shingle Springs,38.66562,-120.97593
CA,Shingletown,40.50496,-121.88567
CA,Shoshone,35.89924,-116.26448
CA,Sierra City,39.55925,-120.62413
CA,Sierra Madre,34.1651,-118.05192
CA,Sierraville,39.59429,-120.34779
CA,Signal Hill,33.8037,-118.1688
CA,Silverado,33.74611,-117.63611
CA,Simi Valley,34.2694,-118.7805
CA,Skyforest,34.23528,-117.17833
CA,Sloughhouse,38.50747,-121.09409
CA,Smartville,39.2043,-121.26672
CA,Smith River,41.93622,-124.16612
CA,Snelling,37.51436,-120.48162
CA,Soda Springs,39.33847,-120.46549
CA,Solana Beach,32.99374,-117.2598
CA,Soledad,36.41964,-121.32429
CA,Solvang,34.60993,-120.12929
CA,Somerset,38.60741,-120.66631
CA,Somes Bar,41.43304,-123.47593
CA,Somis,34.27975,-119.01154
CA,Sonoma,38.29566,-122.47284
CA,Sonora,37.99569,-120.3385
CA,Soquel,37.00353,-121.95025
CA,Soulsbyville,37.99279,-120.25989
CA,South Dos Palos,36.96444,-120.65222
CA,South El Monte,34.05568,-118.04438
CA,South Gate,33.94617,-118.20135
CA,South Lake Tahoe,38.91698,-119.98647
CA,South Pasadena,34.11094,-118.1547
CA,South San Francisco,37.65382,-122.4347
CA,Spreckels,36.62194,-121.64583
CA,Spring Valley,32.7447,-116.998
CA,Springville,36.13631,-118.79606
CA,Squaw Valley,36.70715,-119.18145
CA,Standard,37.98417,-120.38111
CA,Standish,40.35086,-120.40685
CA,Stanford,37.42357,-122.16187
CA,Stanton,33.80303,-117.99471
CA,Stevenson Ranch,34.38107,-118.58213
CA,Stevinson,37.32575,-120.86986
CA,Stewarts Point,38.65194,-123.39806
CA,Stinson Beach,37.90199,-122.6393
CA,Stirling City,39.90778,-121.52694
CA,Stockton,37.958,-121.2876
CA,Stonyford,39.33365,-122.51781
CA,Storrie,39.51389,-121.55528
CA,Stratford,36.17898,-119.82356
CA,Strathmore,36.14724,-119.07916
CA,Strawberry,38.20167,-119.99778
CA,Strawberry Valley,39.60414,-121.07457
CA,Studio City,34.14303,-118.39131
CA,Sugarloaf,34.26111,-116.84417
CA,Suisun City,38.24083,-122.042
CA,Sultana,36.54556,-119.33917
CA,Summerland,34.42454,-119.59602
CA,Sun City,33.74452,-117.1719
CA,Sun Valley,34.22091,-118.36985
CA,Sunland,34.26102,-118.32136
CA,Sunnyvale,37.36889,-122.03528
CA,Sunol,37.6094,-121.89864
CA,Sunset Beach,33.71639,-118.06806
CA,Surfside,33.72778,-118.08139
CA,Susanville,40.41639,-120.65194
CA,Sutter,39.16811,-121.75653
CA,Sutter Creek,38.41857,-120.78545
CA,Sylmar,34.30538,-118.43218
CA,Taft,35.14816,-119.45567
CA,Tahoe City,39.18062,-120.14453
CA,Tahoe Vista,39.24475,-120.05213
CA,Tahoma,39.06441,-120.13575
CA,Talmage,39.13083,-123.165
CA,Tarzana,34.16708,-118.54135
CA,Taylorsville,40.06491,-120.8018
CA,Tecate,32.5922,-116.6064
CA,Tecopa,35.89793,-115.82982
CA,Tehachapi,35.12978,-118.52223
CA,Tehama,40.02722,-122.12222
CA,Temecula,33.4936,-117.1475
CA,Temple City,34.10159,-118.05365
CA,Templeton,35.55508,-120.71074
CA,Termo,40.94667,-120.51738
CA,Terra Bella,35.95698,-119.03124
CA,The Sea Ranch,38.72563,-123.46749
CA,Thermal,33.54342,-116.11584
CA,Thornton,38.22611,-121.42361
CA,Thousand Oaks,34.17056,-118.83667
CA,Thousand Palms,33.80816,-116.37131
CA,Three Rivers,36.43769,-118.88754
CA,Tipton,36.05457,-119.30781
CA,Tollhouse,36.99434,-119.39141
CA,Toluca Lake,34.1578,-118.3794
CA,Tomales,38.24639,-122.90444
CA,Topanga,34.10759,-118.60227
CA,Topaz,38.64151,-119.51216
CA,Torrance,33.82682,-118.31183
CA,Trabuco Canyon,33.66389,-117.58944
CA,Tracy,37.75444,-121.36972
CA,Tranquillity,36.65838,-120.26166
CA,Traver,36.45528,-119.48389
CA,Travis Afb,38.27431,-121.94632
CA,Tres Pinos,36.79,-121.32
CA,Trinidad,41.08795,-124.10125
CA,Trinity Center,41.06155,-122.72392
CA,Trona,35.76082,-117.38299
CA,Truckee,39.32806,-120.18222
CA,Tujunga,34.25439,-118.28486
CA,Tulare,36.20215,-119.33802
CA,Tulelake,41.93162,-121.43469
CA,Tuolumne,37.97134,-120.2375
CA,Tupman,35.28855,-119.34199
CA,Turlock,37.50361,-120.85051
CA,Tustin,33.7382,-117.8207
CA,Twain,40.00277,-121.15073
CA,Twain Harte,38.04472,-120.2155
CA,Twentynine Palms,34.14551,-116.06013
CA,Twin Bridges,38.80862,-120.12885
CA,Twin Peaks,34.23889,-117.23278
CA,Ukiah,39.15192,-123.20069
CA,Union City,37.58946,-122.0497
CA,Universal City,34.1378,-118.3563
CA,Upland,34.1368,-117.6598
CA,Upper Lake,39.16083,-122.89611
CA,Vacaville,38.34192,-121.96228
CA,Valencia,34.44661,-118.53744
CA,Vallecito,38.10147,-120.46788
CA,Vallejo,38.14834,-122.24933
CA,Valley Center,33.24905,-117.01223
CA,Valley Ford,38.31573,-122.92446
CA,Valley Springs,38.15436,-120.85974
CA,Valley Village,34.16722,-118.3989
CA,Valyermo,34.33901,-117.8271
CA,Van Nuys,34.2012,-118.4742
CA,Venice,33.99377,-118.46346
CA,Ventura,34.29053,-119.28882
CA,Verdugo City,34.21139,-118.23861
CA,Vernalis,37.6185,-121.259
CA,Victor,38.13806,-121.205
CA,Victorville,34.50392,-117.31924
CA,Vidal,34.15611,-114.5656
CA,Villa Grande,38.47306,-123.02444
CA,Villa Park,33.8165,-117.8112
CA,Vina,39.93306,-122.05278
CA,Vineburg,38.2725,-122.4375
CA,Vinton,39.72072,-120.20499
CA,Visalia,36.31138,-119.30647
CA,Vista,33.1694,-117.242
CA,Volcano,38.47732,-120.61776
CA,Wallace,38.19417,-120.97694
CA,Walnut,34.0176,-117.8636
CA,Walnut Creek,37.87532,-122.07026
CA,Walnut Grove,38.23636,-121.52485
CA,Warner Springs,33.30367,-116.72138
CA,Wasco,35.59338,-119.34473
CA,Washington,39.35944,-120.79806
CA,Waterford,37.65099,-120.75386
CA,Watsonville,36.92052,-121.76344
CA,Waukena,36.09806,-119.55944
CA,Weaverville,40.7317,-122.9353
CA,Weed,41.43947,-122.3848
CA,Weimar,39.0375,-120.97139
CA,Weldon,35.63908,-118.28586
CA,Wendel,40.34623,-120.35216
CA,Weott,40.32194,-123.92056
CA,West Covina,34.06734,-117.93664
CA,West Hills,34.19634,-118.63889
CA,West Hollywood,34.09057,-118.37875
CA,West Point,38.4062,-120.51586
CA,West Sacramento,38.59242,-121.52638
CA,Westlake Village,34.1462,-118.8013
CA,Westlake Village,34.1656,-118.8307
CA,Westley,37.54944,-121.19806
CA,Westminster,33.75276,-117.99131
CA,Westmorland,33.04106,-115.63072
CA,Westport,39.64406,-123.76426
CA,Westwood,40.27036,-121.10922
CA,Wheatland,39.0192,-121.42213
CA,Whiskeytown,40.63889,-122.55861
CA,White Water,33.92759,-116.69315
CA,Whitethorn,40.02389,-123.94194
CA,Whitmore,40.65255,-121.87708
CA,Whittier,34.00112,-118.03714
CA,Wildomar,33.60211,-117.26395
CA,Williams,39.14885,-122.16237
CA,Willits,39.41143,-123.35027
CA,Willow Creek,40.93889,-123.63106
CA,Willows,39.52375,-122.1992
CA,Wilmington,33.78547,-118.26445
CA,Wilseyville,38.38457,-120.44236
CA,Wilton,38.41207,-121.22566
CA,Winchester,33.62427,-117.08852
CA,Windsor,38.54318,-122.80437
CA,Winnetka,34.2092,-118.57492
CA,Winterhaven,32.83292,-114.63663
CA,Winters,38.52946,-121.97454
CA,Winton,37.39233,-120.6132
CA,Wishon,37.28103,-119.55701
CA,Witter Springs,39.18212,-122.97105
CA,Wofford Heights,35.72456,-118.45588
CA,Woodacre,38.00693,-122.63825
CA,Woodbridge,38.15512,-121.30863
CA,Woodlake,36.43133,-119.09176
CA,Woodland,38.67429,-121.77932
CA,Woodland Hills,34.15565,-118.60002
CA,Woody,35.70681,-118.84387
CA,Wrightwood,34.36284,-117.6249
CA,Yermo,34.905,-116.81944
CA,Yettem,36.48639,-119.25861
CA,Yolo,38.73194,-121.80667
CA,Yorba Linda,33.8913,-117.8191
CA,Yorkville,38.90895,-123.23387
CA,Yosemite National Park,37.74667,-119.58361
CA,Yountville,38.40381,-122.35851
CA,Yreka,41.72056,-122.6376
CA,Yuba City,39.12862,-121.6216
CA,Yucaipa,34.0282,-117.04892
CA,Yucca Valley,34.15594,-116.43131
CA,Zamora,38.7999,-121.90654
CA,Zenia,40.20556,-123.49083
CO,Agate,39.42026,-103.98458
CO,Aguilar,37.3933,-104.67693
CO,Akron,40.18032,-103.22589
CO,Alamosa,37.47027,-105.8786
CO,Allenspark,40.22678,-105.52006
CO,Alma,39.28389,-106.06222
CO,Almont,38.64997,-106.6271
CO,Amherst,40.68239,-102.17057
CO,Anton,39.68653,-103.4343
CO,Antonito,37.08547,-106.03795
CO,Arapahoe,38.84172,-102.19401
CO,Arboles,37.10163,-107.39075
CO,Arlington,38.40677,-103.36974
CO,Arriba,39.30253,-103.27097
CO,Arvada,39.8039,-105.0859
CO,Aspen,39.19514,-106.82359
CO,Atwood,40.51743,-103.0393
CO,Ault,40.59377,-104.73563
CO,Aurora,39.73679,-104.86462
CO,Aurora,39.73781,-104.81523
CO,Austin,38.79754,-107.97384
CO,Avon,39.63139,-106.52167
CO,Avondale,38.2116,-104.35969
CO,Bailey,39.44823,-105.46928
CO,Basalt,39.35347,-106.99875
CO,Battlement Mesa,39.35833,-107.91417
CO,Bayfield,37.26033,-107.61373
CO,Bedrock,38.38435,-108.95322
CO,Bellvue,40.62653,-105.26098
CO,Bennett,39.7254,-104.42728
CO,Berthoud,40.29933,-105.10546
CO,Bethune,39.34477,-102.42814
CO,Beulah,38.08371,-104.97245
CO,Black Hawk,39.8011,-105.50399
CO,Blanca,37.4317,-105.51778
CO,Boncarbo,37.21667,-104.69444
CO,Bond,39.86912,-106.67627
CO,Boone,38.26461,-104.25851
CO,Boulder,40.04973,-105.21426
CO,Branson,37.05177,-103.87412
CO,Breckenridge,39.48167,-106.03778
CO,Briggsdale,40.63919,-104.28707
CO,Brighton,39.98055,-104.81028
CO,Brighton,40.00722,-104.71556
CO,Broomfield,39.876,-105.10284
CO,Broomfield,39.92451,-105.0609
CO,Brush,40.26026,-103.62788
CO,Buena Vista,38.838,-106.14712
CO,Buffalo Creek,39.32722,-105.37139
CO,Burlington,39.31065,-102.25828
CO,Burns,39.87389,-106.885
CO,Byers,39.69845,-104.20187
CO,Cahone,37.69163,-108.57944
CO,Calhan,38.96477,-104.35527
CO,Campo,37.11955,-102.54642
CO,Canon City,38.44507,-105.21783
CO,Capulin,37.28389,-106.11083
CO,Carbondale,39.38543,-107.17101
CO,Carr,40.86655,-104.88586
CO,Cascade,38.92131,-104.99368
CO,Castle Rock,39.39256,-104.86019
CO,Cedaredge,38.91188,-107.92679
CO,Center,37.7343,-106.09063
CO,Central City,39.80194,-105.51361
CO,Chama,37.16194,-105.37778
CO,Cheraw,38.10694,-103.50972
CO,Cheyenne Wells,38.81976,-102.35817
CO,Chimney Rock,37.19444,-107.30056
CO,Chromo,37.03639,-106.84278
CO,Cimarron,38.38763,-107.48237
CO,Clark,40.72678,-106.92148
CO,Clifton,39.0805,-108.44963
CO,Climax,39.2988,-106.25803
CO,Coal Creek,38.36111,-105.14778
CO,Coaldale,38.36556,-105.75722
CO,Coalmont,40.53825,-106.53213
CO,Collbran,39.24527,-107.92494
CO,Colorado City,37.94528,-104.83472
CO,Colorado Springs,38.8335,-104.8206
CO,Commerce City,39.82588,-104.91135
CO,Como,39.31611,-105.89222
CO,Conejos,37.08833,-106.01917
CO,Conifer,39.51973,-105.31687
CO,Cope,39.74623,-102.9881
CO,Cortez,37.35495,-108.58373
CO,Cory,38.78806,-107.98667
CO,Cotopaxi,38.37028,-105.6875
CO,Cowdrey,40.85972,-106.3125
CO,Craig,40.52235,-107.56146
CO,Crawford,38.69408,-107.61486
CO,Creede,37.81637,-106.92768
CO,Crested Butte,38.86908,-106.9619
CO,Crestone,37.99639,-105.69917
CO,Cripple Creek,38.74667,-105.17778
CO,Crook,40.87474,-102.84717
CO,Crowley,38.193,-103.8555
CO,Dacono,40.08361,-104.9297
CO,De Beque,39.31176,-108.23041
CO,Deer Trail,39.59312,-104.068
CO,Del Norte,37.67135,-106.3505
CO,Delta,38.73489,-108.06042
CO,Denver,39.6941,-104.8786
CO,Denver,39.74693,-105.06204
CO,Denver,39.7507,-104.989
CO,Denver,39.84056,-105.00799
CO,Dillon,39.57483,-106.05734
CO,Dinosaur,40.25661,-108.96518
CO,Divide,38.95762,-105.19937
CO,Dolores,37.46657,-108.47175
CO,Dove Creek,37.7632,-108.91815
CO,Drake,40.44326,-105.29693
CO,Dumont,39.76472,-105.59972
CO,Dupont,39.83806,-104.91139
CO,Durango,37.28739,-107.86168
CO,Eads,38.44414,-102.50536
CO,Eagle,39.63414,-106.75884
CO,Eastlake,39.92972,-104.94889
CO,Eaton,40.52727,-104.71456
CO,Eckert,38.84498,-107.96245
CO,Eckley,40.11377,-102.48278
CO,Edwards,39.645,-106.59361
CO,Egnar,37.93445,-108.92989
CO,Elbert,39.09689,-104.57463
CO,Eldorado Springs,39.9325,-105.27639
CO,Elizabeth,39.38362,-104.59196
CO,Empire,39.76139,-105.68389
CO,Englewood,39.64603,-104.99002
CO,Erie,40.05975,-105.06858
CO,Estes Park,40.39361,-105.49417
CO,Evans,40.38025,-104.6971
CO,Evergreen,39.63333,-105.31667
CO,Fairplay,39.22562,-105.99942
CO,Firestone,40.1125,-104.93611
CO,Flagler,39.31265,-103.06239
CO,Fleming,40.63702,-102.86882
CO,Florence,38.38502,-105.12323
CO,Florissant,38.82767,-105.22611
CO,Fort Collins,40.58129,-105.10388
CO,Fort Garland,37.42698,-105.40488
CO,Fort Lupton,40.07888,-104.86564
CO,Fort Lyon,39.1,-103.15
CO,Fort Morgan,40.25408,-103.80312
CO,Fountain,38.69956,-104.70047
CO,Fowler,38.12307,-104.02991
CO,Franktown,39.37284,-104.72557
CO,Fraser,39.945,-105.81667
CO,Frederick,40.09917,-104.93667
CO,Frisco,39.46889,-106.15639
CO,Fruita,39.16366,-108.72176
CO,Galeton,40.51503,-104.59725
CO,Garcia,37.00417,-105.53667
CO,Gardner,37.76375,-105.2374
CO,Gateway,38.91514,-108.79134
CO,Genoa,39.33833,-103.46069
CO,Georgetown,39.70611,-105.69694
CO,Gilcrest,40.28194,-104.77722
CO,Gill,40.46959,-104.49999
CO,Glade Park,38.99333,-108.74028
CO,Glen Haven,40.45389,-105.44861
CO,Glenwood Springs,39.52961,-107.32519
CO,Golden,39.73055,-105.19153
CO,Granada,38.05448,-102.32712
CO,Granby,40.01283,-105.88992
CO,Grand Junction,39.07833,-108.54569
CO,Grand Lake,40.22886,-105.86049
CO,Granite,39.09529,-106.31142
CO,Grant,39.45972,-105.66111
CO,Greeley,40.41397,-104.70476
CO,Green Mountain Falls,38.93444,-105.0175
CO,Grover,40.87163,-104.23461
CO,Guffey,38.81458,-105.57835
CO,Gunnison,38.55106,-106.93101
CO,Gypsum,39.66185,-106.96708
CO,Hamilton,40.32504,-107.58409
CO,Hartman,38.14529,-102.18661
CO,Hartsel,39.02167,-105.79528
CO,Hasty,38.10735,-102.93314
CO,Haswell,38.44743,-103.15054
CO,Haxtun,40.64059,-102.60518
CO,Hayden,40.49449,-107.25705
CO,Henderson,39.8983,-104.87183
CO,Hereford,40.975,-104.30528
CO,Hesperus,37.16537,-108.12192
CO,Hillrose,40.30719,-103.54182
CO,Hillside,38.26528,-105.61111
CO,Hoehne,37.28111,-104.38056
CO,Holly,38.0205,-102.14147
CO,Holyoke,40.58254,-102.28254
CO,Homelake,37.57556,-106.09639
CO,Hooper,37.7232,-105.87119
CO,Hot Sulphur Springs,40.07306,-106.10222
CO,Hotchkiss,38.81242,-107.74717
CO,Howard,38.38852,-105.74712
CO,Hudson,40.06056,-104.65321
CO,Hugo,39.08432,-103.49897
CO,Hygiene,40.18861,-105.18028
CO,Idaho Springs,39.74019,-105.59826
CO,Idalia,39.73315,-102.21156
CO,Idledale,39.66611,-105.24361
CO,Ignacio,37.12641,-107.63947
CO,Iliff,40.76917,-103.09681
CO,Indian Hills,39.61667,-105.23667
CO,Jamestown,40.10056,-105.41897
CO,Jaroso,37.00278,-105.62361
CO,Jefferson,39.30093,-105.78633
CO,Joes,39.67277,-102.61513
CO,Johnstown,40.33553,-104.92356
CO,Julesburg,40.97083,-102.2575
CO,Karval,38.71194,-103.50061
CO,Keenesburg,40.09585,-104.44637
CO,Kersey,40.3963,-104.52877
CO,Kim,37.33119,-103.35835
CO,Kiowa,39.32397,-104.45226
CO,Kirk,39.61707,-102.47755
CO,Kit Carson,38.80398,-102.81984
CO,Kittredge,39.65472,-105.29917
CO,Kremmling,40.06322,-106.39547
CO,La Jara,37.29073,-106.00543
CO,La Junta,37.99155,-103.54907
CO,La Salle,40.32114,-104.72678
CO,La Veta,37.49829,-105.01299
CO,Lafayette,39.99796,-105.09635
CO,Lake City,37.98677,-107.30204
CO,Lake George,39.03423,-105.43465
CO,Lamar,38.08414,-102.6192
CO,Laporte,40.63468,-105.14876
CO,Larkspur,39.20108,-104.85459
CO,Las Animas,38.06551,-103.20849
CO,Lazear,38.78,-107.78111
CO,Leadville,39.24974,-106.30155
CO,Lewis,37.47101,-108.61891
CO,Limon,39.26389,-103.69167
CO,Lindon,39.83085,-103.31447
CO,Littleton,39.55061,-104.8972
CO,Littleton,39.59685,-105.07766
CO,Littleton,39.59943,-105.0044
CO,Livermore,40.77988,-105.36774
CO,Log Lane Village,40.25028,-103.79944
CO,Loma,39.2279,-108.8149
CO,Longmont,40.13061,-104.95045
CO,Longmont,40.17792,-105.10095
CO,Louisville,39.97894,-105.14556
CO,Louviers,39.47778,-105.00667
CO,Loveland,40.38492,-105.09164
CO,Lucerne,40.48194,-104.69917
CO,Lyons,40.23571,-105.32307
CO,Mack,39.25537,-108.9296
CO,Manassa,37.17417,-105.93694
CO,Mancos,37.34713,-108.29824
CO,Manitou Springs,38.85499,-104.90584
CO,Manzanola,38.11086,-103.8766
CO,Marvel,37.1125,-108.12611
CO,Masonville,40.4875,-105.21028
CO,Matheson,39.13204,-103.91317
CO,Maybell,40.65065,-108.27226
CO,Mc Clave,38.15048,-102.81693
CO,Mc Coy,39.91338,-106.73091
CO,Mead,40.23333,-104.99806
CO,Meeker,40.03873,-107.8925
CO,Meredith,39.33535,-106.67823
CO,Merino,40.51155,-103.34471
CO,Mesa,39.16116,-108.1044
CO,Mesa Verde National Park,37.23306,-108.47917
CO,Milliken,40.31066,-104.87614
CO,Minturn,39.53278,-106.39333
CO,Model,37.47853,-104.13074
CO,Moffat,38.04519,-105.84105
CO,Molina,39.18917,-108.05972
CO,Monarch,38.53278,-106.04944
CO,Monte Vista,37.5731,-106.14083
CO,Montrose,38.46783,-107.87518
CO,Monument,39.10073,-104.85416
CO,Morrison,39.61245,-105.17464
CO,Mosca,37.6358,-105.80687
CO,Nathrop,38.71034,-106.11658
CO,Naturita,38.22256,-108.57284
CO,Nederland,39.97026,-105.48126
CO,New Castle,39.57092,-107.54276
CO,New Raymer,40.68508,-103.83898
CO,Niwot,40.10389,-105.17028
CO,Norwood,38.11041,-108.28447
CO,Nucla,38.26822,-108.54764
CO,Nunn,40.72648,-104.78501
CO,Oak Creek,40.25673,-106.92962
CO,Ohio City,38.54556,-106.58889
CO,Olathe,38.59757,-107.99212
CO,Olney Springs,38.20188,-103.94103
CO,Ophir,37.8562,-107.85196
CO,Orchard,40.36395,-104.09732
CO,Ordway,38.20955,-103.80028
CO,Otis,40.20299,-102.93922
CO,Ouray,38.02576,-107.67261
CO,Ovid,40.94586,-102.3874
CO,Padroni,40.95491,-103.35816
CO,Pagosa Springs,37.25234,-107.0385
CO,Palisade,39.10318,-108.36798
CO,Palmer Lake,39.1205,-104.91479
CO,Paoli,40.61222,-102.47222
CO,Paonia,38.86498,-107.59848
CO,Parachute,39.44073,-108.03804
CO,Paradox,38.36833,-108.96167
CO,Parker,39.50547,-104.7349
CO,Parlin,38.50876,-106.67799
CO,Parshall,40.05376,-106.22549
CO,Peetz,40.95195,-103.11661
CO,Penrose,38.43362,-105.01132
CO,Peyton,38.9541,-104.54722
CO,Phippsburg,40.23222,-106.94306
CO,Pierce,40.63591,-104.76376
CO,Pine,39.46667,-105.37412
CO,Pinecliffe,39.9429,-105.354
CO,Pitkin,38.60854,-106.51677
CO,Placerville,38.00876,-108.02478
CO,Platteville,40.21312,-104.80278
CO,Pleasant View,37.58876,-108.80949
CO,Poncha Springs,38.51278,-106.07667
CO,Powderhorn,38.28216,-107.10845
CO,Pritchett,37.35589,-102.89311
CO,Pueblo,38.28788,-104.58483
CO,Ramah,39.07357,-104.12473
CO,Rand,40.45389,-106.18083
CO,Rangely,40.08284,-108.79915
CO,Red Cliff,39.51222,-106.3675
CO,Red Feather Lakes,40.79645,-105.62445
CO,Redvale,38.18645,-108.38954
CO,Rico,37.69278,-108.02972
CO,Ridgway,38.13807,-107.75334
CO,Rifle,39.54907,-107.7898
CO,Rockvale,38.11944,-105.16389
CO,Rocky Ford,38.04902,-103.72514
CO,Roggen,40.20744,-104.31575
CO,Rollinsville,39.91076,-105.4726
CO,Romeo,37.17222,-105.98472
CO,Rush,38.76425,-104.02406
CO,Rye,37.93715,-104.88626
CO,Saguache,38.09775,-106.18759
CO,Salida,38.52591,-105.99782
CO,San Luis,37.05057,-105.57563
CO,San Pablo,37.13487,-105.3462
CO,Sanford,37.20872,-105.92859
CO,Sargents,38.40417,-106.41444
CO,Sedalia,39.33011,-105.0083
CO,Sedgwick,40.91032,-102.52912
CO,Seibert,39.31833,-102.88218
CO,Severance,40.52417,-104.85056
CO,Shawnee,39.42111,-105.55361
CO,Sheridan Lake,38.46217,-102.29537
CO,Silt,39.54146,-107.65741
CO,Silver Plume,39.69611,-105.72528
CO,Silverthorne,39.6375,-106.06139
CO,Silverton,37.809,-107.66669
CO,Simla,39.14646,-104.08624
CO,Slater,40.94799,-107.49718
CO,Snowmass,39.25006,-106.95084
CO,Snowmass Village,39.21306,-106.93722
CO,Snyder,40.33066,-103.59713
CO,Somerset,38.9468,-107.37815
CO,South Fork,37.67248,-106.61245
CO,Springfield,37.40673,-102.61732
CO,Steamboat Springs,40.485,-106.8311
CO,Sterling,40.63062,-103.22118
CO,Stoneham,40.68699,-103.63869
CO,Strasburg,39.78136,-104.26826
CO,Stratton,39.30873,-102.59793
CO,Sugar City,38.24437,-103.65556
CO,Swink,38.01444,-103.62778
CO,Tabernash,39.99361,-105.8425
CO,Telluride,37.94003,-107.82137
CO,Timnath,40.52917,-104.98472
CO,Toponas,40.1196,-106.90817
CO,Towaoc,37.20841,-108.71999
CO,Trinchera,37.07566,-104.11835
CO,Trinidad,37.17547,-104.50071
CO,Twin Lakes,39.09023,-106.43508
CO,Two Buttes,37.57476,-102.32013
CO,U S A F Academy,38.99045,-104.86014
CO,Vail,39.62379,-106.46345
CO,Vernon,39.93313,-102.31934
CO,Victor,38.71,-105.13944
CO,Vilas,37.37304,-102.44374
CO,Villa Grove,38.2952,-106.11018
CO,Vona,39.32356,-102.73929
CO,Walden,40.70998,-106.27673
CO,Walsenburg,37.63816,-104.8043
CO,Walsh,37.35206,-102.25372
CO,Ward,40.07257,-105.50802
CO,Watkins,39.76232,-104.58339
CO,Weldona,40.36809,-103.96775
CO,Wellington,40.72552,-105.03184
CO,Westcliffe,38.12302,-105.43315
CO,Westminster,39.85424,-105.03709
CO,Weston,37.17021,-104.82475
CO,Wetmore,38.18986,-105.10644
CO,Wheat Ridge,39.77404,-105.09619
CO,Whitewater,38.97442,-108.39904
CO,Wiggins,40.20565,-104.05281
CO,Wild Horse,38.82583,-103.01111
CO,Wiley,38.15898,-102.71473
CO,Windsor,40.48366,-104.89944
CO,Winter Park,39.89167,-105.7625
CO,Wolcott,39.70278,-106.67806
CO,Woodland Park,38.99693,-105.06229
CO,Woodrow,39.93811,-103.57803
CO,Woody Creek,39.27694,-106.89083
CO,Wray,40.10492,-102.23375
CO,Yampa,40.1525,-106.90806
CO,Yellow Jacket,37.49953,-108.78517
CO,Yoder,38.77525,-104.21835
CO,Yuma,40.13006,-102.70717
CT,Abington,41.86056,-72.00722
CT,Amston,41.62897,-72.3646
CT,Andover,41.73322,-72.37672
CT,Ansonia,41.34271,-73.07421
CT,Ashford,41.86434,-72.15873
CT,Avon,41.7905,-72.86532
CT,Ballouville,41.87667,-71.86167
CT,Baltic,41.62629,-72.0775
CT,Bantam,41.72148,-73.25203
CT,Barkhamsted,41.92487,-72.98268
CT,Beacon Falls,41.43692,-73.05966
CT,Berlin,41.62083,-72.77048
CT,Bethany,41.42619,-73.0007
CT,Bethel,41.3813,-73.40083
CT,Bethlehem,41.63868,-73.2091
CT,Bloomfield,41.83165,-72.72493
CT,Bolton,41.76889,-72.43958
CT,Botsford,41.36639,-73.2575
CT,Bozrah,41.54651,-72.17108
CT,Branford,41.27999,-72.81064
CT,Bridgeport,41.1669,-73.2052
CT,Bridgewater,41.52868,-73.36094
CT,Bristol,41.68229,-72.93019
CT,Broad Brook,41.91141,-72.54367
CT,Brookfield,41.46504,-73.39799
CT,Brooklyn,41.78075,-71.95413
CT,Burlington,41.7573,-72.94439
CT,Canaan,42.02482,-73.32318
CT,Canterbury,41.6844,-72.00099
CT,Canton,41.8384,-72.89873
CT,Canton Center,41.87159,-72.90585
CT,Centerbrook,41.34743,-72.41731
CT,Central Village,41.72278,-71.90722
CT,Chaplin,41.80258,-72.1372
CT,Cheshire,41.5104,-72.9044
CT,Chester,41.4049,-72.46429
CT,Clinton,41.29117,-72.52797
CT,Cobalt,41.56222,-72.55583
CT,Colchester,41.5662,-72.34412
CT,Colebrook,42.02822,-73.10407
CT,Collinsville,41.85132,-72.92827
CT,Columbia,41.69727,-72.30717
CT,Cornwall,41.84361,-73.32972
CT,Cornwall Bridge,41.77008,-73.36747
CT,Cos Cob,41.05295,-73.5935
CT,Coventry,41.7822,-72.33325
CT,Cromwell,41.61049,-72.66632
CT,Danbury,41.39166,-73.45316
CT,Danielson,41.79825,-71.8807
CT,Darien,41.07676,-73.48525
CT,Dayville,41.85404,-71.86834
CT,Deep River,41.37648,-72.44857
CT,Derby,41.32286,-73.08003
CT,Durham,41.46495,-72.68752
CT,East Berlin,41.61277,-72.71901
CT,East Canaan,42.01169,-73.27846
CT,East Glastonbury,41.69417,-72.53417
CT,East Granby,41.93221,-72.74589
CT,East Haddam,41.46957,-72.40588
CT,East Hampton,41.57606,-72.50934
CT,East Hartford,41.78029,-72.61801
CT,East Hartland,42.00162,-72.92421
CT,East Haven,41.28052,-72.87414
CT,East Killingly,41.84876,-71.79853
CT,East Lyme,41.36681,-72.23299
CT,East Windsor,41.9099,-72.60295
CT,East Windsor Hill,41.86028,-72.60361
CT,East Woodstock,41.98361,-71.97778
CT,Eastford,41.8771,-72.08945
CT,Easton,41.25233,-73.28711
CT,Ellington,41.91142,-72.4626
CT,Enfield,41.98902,-72.56522
CT,Essex,41.35494,-72.3965
CT,Fabyan,42.01361,-71.94028
CT,Fairfield,41.1648,-73.2657
CT,Falls Village,41.95784,-73.35166
CT,Farmington,41.7323,-72.7917
CT,Gales Ferry,41.42852,-72.06719
CT,Gaylordsville,41.64863,-73.48352
CT,Georgetown,41.25556,-73.43528
CT,Gilman,41.58117,-72.12662
CT,Glastonbury,41.70733,-72.5727
CT,Goshen,41.83345,-73.24288
CT,Granby,41.96023,-72.79938
CT,Greens Farms,41.12389,-73.31972
CT,Greenwich,41.03024,-73.63005
CT,Grosvenor Dale,41.96833,-71.89528
CT,Groton,41.35717,-72.05795
CT,Guilford,41.31537,-72.69679
CT,Haddam,41.46272,-72.50499
CT,Hadlyme,41.42028,-72.40694
CT,Hamden,41.36199,-72.93613
CT,Hampton,41.76167,-72.06798
CT,Hanover,41.6425,-72.06583
CT,Hartford,41.7636,-72.6855
CT,Harwinton,41.77014,-73.07282
CT,Hawleyville,41.4275,-73.35556
CT,Hebron,41.68416,-72.39855
CT,Higganum,41.46825,-72.57514
CT,Ivoryton,41.3421,-72.44039
CT,Jewett City,41.60518,-71.98076
CT,Kent,41.73162,-73.45834
CT,Killingworth,41.36962,-72.57119
CT,Lakeside,41.69001,-73.23824
CT,Lakeville,41.95163,-73.43766
CT,Lebanon,41.63299,-72.24403
CT,Ledyard,41.44014,-71.99563
CT,Litchfield,41.75407,-73.20001
CT,Madison,41.30902,-72.61525
CT,Manchester,41.77773,-72.52444
CT,Mansfield Center,41.76981,-72.20111
CT,Mansfield Depot,41.80139,-72.30694
CT,Marion,41.56361,-72.92611
CT,Marlborough,41.64123,-72.46087
CT,Mashantucket,41.4757,-71.9574
CT,Meriden,41.5334,-72.79973
CT,Middle Haddam,41.55389,-72.55056
CT,Middlebury,41.53428,-73.11307
CT,Middlefield,41.51679,-72.71862
CT,Middletown,41.55689,-72.66523
CT,Milford,41.21747,-73.05495
CT,Milldale,41.56583,-72.89222
CT,Monroe,41.33117,-73.22433
CT,Montville,41.44533,-72.12648
CT,Moodus,41.50781,-72.44188
CT,Moosup,41.72103,-71.88496
CT,Morris,41.68812,-73.17651
CT,Mystic,41.36163,-71.97736
CT,Naugatuck,41.49204,-73.04934
CT,New Britain,41.66111,-72.78
CT,New Canaan,41.15102,-73.49436
CT,New Fairfield,41.473,-73.49778
CT,New Hartford,41.8468,-73.01037
CT,New Haven,41.308,-72.9286
CT,New London,41.35072,-72.10625
CT,New Milford,41.58174,-73.41275
CT,New Preston Marble Dale,41.68937,-73.3493
CT,Newington,41.6864,-72.72975
CT,Newtown,41.3931,-73.31674
CT,Niantic,41.3253,-72.21082
CT,Norfolk,41.98539,-73.1992
CT,North Branford,41.32798,-72.77603
CT,North Canton,41.92352,-72.90414
CT,North Franklin,41.61614,-72.14254
CT,North Granby,42.02193,-72.84094
CT,North Grosvenordale,41.98788,-71.90273
CT,North Haven,41.38216,-72.85852
CT,North Stonington,41.45311,-71.8727
CT,North Westchester,41.58083,-72.40167
CT,North Windham,41.74514,-72.16011
CT,Northfield,41.70738,-73.13208
CT,Northford,41.39622,-72.78091
CT,Norwalk,41.12222,-73.43583
CT,Norwich,41.53706,-72.08494
CT,Oakdale,41.47057,-72.19036
CT,Oakville,41.59093,-73.08731
CT,Old Greenwich,41.03544,-73.56725
CT,Old Lyme,41.33474,-72.30856
CT,Old Mystic,41.39139,-71.96222
CT,Old Saybrook,41.2913,-72.38502
CT,Oneco,41.69361,-71.80889
CT,Orange,41.28153,-73.02872
CT,Oxford,41.42024,-73.12961
CT,Pawcatuck,41.37347,-71.84776
CT,Pequabuck,41.67278,-72.99361
CT,Pine Meadow,41.87639,-72.9675
CT,Plainfield,41.67753,-71.92197
CT,Plainville,41.67265,-72.86437
CT,Plantsville,41.57975,-72.89903
CT,Plymouth,41.66112,-73.04489
CT,Pomfret,41.8975,-71.96306
CT,Pomfret Center,41.86968,-71.98201
CT,Poquonock,41.90472,-72.67917
CT,Portland,41.58522,-72.6128
CT,Preston,41.52206,-72.02108
CT,Prospect,41.5022,-72.9788
CT,Putnam,41.91853,-71.8968
CT,Quaker Hill,41.40324,-72.11722
CT,Quinebaug,42.02175,-71.93914
CT,Redding,41.30691,-73.3935
CT,Redding Center,41.30444,-73.38083
CT,Redding Ridge,41.31389,-73.35083
CT,Ridgefield,41.29768,-73.49727
CT,Riverside,41.038,-73.58114
CT,Riverton,41.9614,-73.02547
CT,Rockfall,41.53409,-72.69967
CT,Rocky Hill,41.6583,-72.6632
CT,Rogers,41.84028,-71.90667
CT,Roxbury,41.5509,-73.29935
CT,Salem,41.49663,-72.27245
CT,Salisbury,42.00145,-73.42149
CT,Sandy Hook,41.40871,-73.24852
CT,Scotland,41.68985,-72.07826
CT,Seymour,41.38621,-73.08174
CT,Sharon,41.87145,-73.45776
CT,Shelton,41.30469,-73.12944
CT,Sherman,41.57137,-73.49469
CT,Simsbury,41.87371,-72.82127
CT,Somers,41.99781,-72.45827
CT,Somersville,41.98278,-72.48833
CT,South Britain,41.47083,-73.25194
CT,South Glastonbury,41.66068,-72.55431
CT,South Kent,41.69505,-73.46902
CT,South Lyme,41.30528,-72.25889
CT,South Willington,41.85528,-72.30194
CT,South Windham,41.66772,-72.16811
CT,South Windsor,41.83408,-72.55759
CT,South Woodstock,41.93889,-71.96
CT,Southbury,41.47669,-73.22408
CT,Southington,41.60522,-72.87268
CT,Southport,41.13639,-73.28389
CT,Stafford,41.98472,-72.28944
CT,Stafford Springs,41.96613,-72.28986
CT,Staffordville,41.99389,-72.25917
CT,Stamford,41.05308,-73.53904
CT,Sterling,41.71563,-71.81959
CT,Stevenson,41.38306,-73.185
CT,Stonington,41.36644,-71.91554
CT,Storrs Mansfield,41.80536,-72.25717
CT,Stratford,41.2044,-73.13559
CT,Suffield,41.99003,-72.642
CT,Taconic,42.03556,-73.40833
CT,Taftville,41.56526,-72.05288
CT,Tariffville,41.90772,-72.76779
CT,Terryville,41.6762,-73.00921
CT,Thomaston,41.67864,-73.08856
CT,Thompson,41.98029,-71.83759
CT,Tolland,41.86965,-72.37179
CT,Torrington,41.81307,-73.11558
CT,Trumbull,41.25641,-73.21106
CT,Uncasville,41.46217,-72.11256
CT,Unionville,41.74771,-72.88741
CT,Vernon Rockville,41.85007,-72.46486
CT,Versailles,41.60167,-72.03778
CT,Voluntown,41.58305,-71.855
CT,Wallingford,41.46,-72.82218
CT,Washington,41.63459,-73.29352
CT,Washington Depot,41.65592,-73.32735
CT,Waterbury,41.558,-73.0519
CT,Waterford,41.34685,-72.14582
CT,Watertown,41.60565,-73.12212
CT,Wauregan,41.74417,-71.90972
CT,Weatogue,41.83715,-72.82525
CT,West Cornwall,41.86889,-73.33127
CT,West Granby,41.96551,-72.8555
CT,West Hartford,41.75555,-72.75322
CT,West Hartland,42.0075,-72.97111
CT,West Haven,41.27008,-72.96384
CT,West Mystic,41.35417,-71.96694
CT,West Simsbury,41.8718,-72.85775
CT,West Suffield,42.01146,-72.73623
CT,Westbrook,41.29266,-72.45631
CT,Weston,41.2195,-73.37147
CT,Westport,41.14343,-73.34958
CT,Wethersfield,41.70133,-72.67631
CT,Willimantic,41.71492,-72.2134
CT,Willington,41.874,-72.27277
CT,Wilton,41.20176,-73.43832
CT,Winchester Center,41.9,-73.13528
CT,Windham,41.70265,-72.15261
CT,Windsor,41.8525,-72.64417
CT,Windsor Locks,41.92608,-72.64576
CT,Winsted,41.92521,-73.06634
CT,Wolcott,41.59699,-72.9828
CT,Woodbridge,41.35167,-73.0139
CT,Woodbury,41.55206,-73.20826
CT,Woodstock,41.96022,-72.00403
CT,Woodstock Valley,41.9153,-72.09366
CT,Yantic,41.55972,-72.12417
DC,Naval Anacost Annex,38.895,-77.0366
DC,Washington,38.91222,-77.01769
DC,Washington Navy Yard,38.8742,-76.9943
DE,Bear,39.61019,-75.67473
DE,Bethany Beach,38.53101,-75.0674
DE,Bethel,38.56852,-75.6243
DE,Bridgeville,38.73663,-75.60877
DE,Camden Wyoming,39.0991,-75.59656
DE,Cheswold,39.21917,-75.58611
DE,Claymont,39.80443,-75.46494
DE,Clayton,39.25639,-75.69036
DE,Dagsboro,38.55956,-75.21133
DE,Delaware City,39.57778,-75.58917
DE,Delmar,38.47695,-75.57589
DE,Dover,39.15664,-75.53598
DE,Dover Afb,39.12025,-75.47897
DE,Ellendale,38.80574,-75.40559
DE,Felton,39.02254,-75.58291
DE,Fenwick Island,38.46028,-75.22111
DE,Frankford,38.51767,-75.20063
DE,Frederica,39.03419,-75.45446
DE,Georgetown,38.67901,-75.3932
DE,Greenwood,38.81752,-75.59355
DE,Harbeson,38.67229,-75.22362
DE,Harrington,38.92403,-75.58427
DE,Hartly,39.15421,-75.69348
DE,Hockessin,39.77604,-75.68887
DE,Houston,38.91143,-75.50635
DE,Kenton,39.2275,-75.66333
DE,Kirkwood,39.57167,-75.69667
DE,Laurel,38.55369,-75.56305
DE,Lewes,38.73815,-75.1747
DE,Lincoln,38.86128,-75.39996
DE,Little Creek,39.16694,-75.44861
DE,Magnolia,39.07353,-75.50832
DE,Marydel,39.09979,-75.72866
DE,Middletown,39.48154,-75.68318
DE,Milford,38.9218,-75.42988
DE,Millsboro,38.59344,-75.25555
DE,Millville,38.55895,-75.10776
DE,Milton,38.76869,-75.2953
DE,Montchanin,39.78972,-75.58944
DE,Nassau,38.75194,-75.18806
DE,New Castle,39.67703,-75.58994
DE,Newark,39.63487,-75.69934
DE,Ocean View,38.55553,-75.09652
DE,Odessa,39.45722,-75.66167
DE,Port Penn,39.51667,-75.57694
DE,Rehoboth Beach,38.71471,-75.10735
DE,Rockland,39.79611,-75.5725
DE,Saint Georges,39.555,-75.65056
DE,Seaford,38.64036,-75.60412
DE,Selbyville,38.46536,-75.15733
DE,Smyrna,39.29338,-75.60083
DE,Townsend,39.38188,-75.68337
DE,Viola,39.04187,-75.5726
DE,Wilmington,39.73775,-75.54966
DE,Winterthur,39.80278,-75.59194
DE,Woodside,39.07139,-75.56861
DE,Yorklyn,39.80806,-75.67583
FL,Alachua,29.797,-82.48053
FL,Alford,30.71411,-85.34838
FL,Altamonte Springs,28.66273,-81.37191
FL,Altha,30.53188,-85.17043
FL,Altoona,29.02193,-81.63232
FL,Alturas,27.87139,-81.71528
FL,Alva,26.71466,-81.63505
FL,Anna Maria,27.53083,-82.73361
FL,Anthony,29.30478,-82.12616
FL,Apalachicola,29.72546,-85.00626
FL,Apollo Beach,27.77155,-82.4102
FL,Apopka,28.66186,-81.48515
FL,Arcadia,27.1861,-81.8095
FL,Archer,29.55974,-82.51084
FL,Argyle,30.71944,-86.04444
FL,Aripeka,28.43194,-82.66444
FL,Astatula,28.70875,-81.71947
FL,Astor,29.16503,-81.53993
FL,Atlantic Beach,30.34826,-81.41587
FL,Auburndale,28.07244,-81.81223
FL,Avon Park,27.60008,-81.50149
FL,Babson Park,27.8317,-81.53422
FL,Bagdad,30.59861,-87.03111
FL,Baker,30.83157,-86.67701
FL,Balm,27.75917,-82.26139
FL,Barberville,29.18694,-81.42111
FL,Bartow,27.89566,-81.81268
FL,Bascom,30.95136,-85.09722
FL,Bay Pines,27.81389,-82.77833
FL,Bell,29.78373,-82.87111
FL,Belle Glade,26.68429,-80.67239
FL,Belleair Beach,27.9229,-82.8413
FL,Belleview,29.052,-82.042
FL,Beverly Hills,28.9166,-82.4583
FL,Big Pine Key,24.68,-81.36203
FL,Blountstown,30.4394,-85.06202
FL,Boca Grande,26.74861,-82.26222
FL,Boca Raton,26.3583,-80.0833
FL,Bokeelia,26.66273,-82.14006
FL,Bonifay,30.84637,-85.68996
FL,Bonita Springs,26.3869,-81.733
FL,Bostwick,29.77389,-81.63722
FL,Bowling Green,27.62774,-81.84506
FL,Boynton Beach,26.525,-80.0666
FL,Bradenton,27.50278,-82.51389
FL,Bradenton Beach,27.51515,-82.72103
FL,Bradley,27.79139,-81.85833
FL,Brandon,27.9378,-82.2861
FL,Branford,29.93947,-82.89929
FL,Bristol,30.42228,-84.94656
FL,Bronson,29.46095,-82.63564
FL,Brooker,29.91903,-82.29563
FL,Brooksville,28.56581,-82.37367
FL,Bryant,26.85889,-80.63389
FL,Bryceville,30.41927,-81.9724
FL,Bunnell,29.45616,-81.32443
FL,Bushnell,28.66106,-82.1553
FL,Callahan,30.55196,-81.81446
FL,Campbellton,30.95629,-85.3766
FL,Canal Point,26.85928,-80.62993
FL,Candler,29.07111,-81.96833
FL,Cantonment,30.61425,-87.32505
FL,Cape Canaveral,28.39034,-80.60427
FL,Cape Coral,26.57746,-81.95224
FL,Captiva,26.75054,-82.26102
FL,Carrabelle,29.86921,-84.63585
FL,Caryville,30.79688,-85.79979
FL,Cassadaga,28.96611,-81.23611
FL,Casselberry,28.66167,-81.31221
FL,Cedar Key,29.17101,-83.01679
FL,Center Hill,28.66348,-81.99629
FL,Century,30.96874,-87.32158
FL,Chattahoochee,30.68339,-84.82804
FL,Chiefland,29.48324,-82.8809
FL,Chipley,30.71066,-85.54865
FL,Chokoloskee,25.8125,-81.36222
FL,Christmas,28.54624,-81.01157
FL,Citra,29.39182,-82.10622
FL,Clarcona,28.6125,-81.49889
FL,Clarksville,30.35683,-85.18981
FL,Clearwater,27.9799,-82.7806
FL,Clearwater Beach,27.9831,-82.8229
FL,Clermont,28.55254,-81.75741
FL,Clewiston,26.71717,-80.94925
FL,Cocoa,28.36718,-80.74645
FL,Cocoa Beach,28.33245,-80.61207
FL,Coconut Creek,26.2441,-80.2066
FL,Coleman,28.79944,-82.07028
FL,Copeland,25.95333,-81.35611
FL,Cortez,27.47269,-82.70064
FL,Cottondale,30.80036,-85.38467
FL,Crawfordville,30.17583,-84.37528
FL,Crescent City,29.44544,-81.55791
FL,Crestview,30.77061,-86.55368
FL,Cross City,29.63417,-83.12528
FL,Crystal Beach,28.09111,-82.78
FL,Crystal River,28.9593,-82.6259
FL,Crystal Springs,28.18111,-82.15778
FL,Cypress,30.71306,-85.07389
FL,Dade City,28.4297,-82.2082
FL,Dania,26.04756,-80.14473
FL,Davenport,28.22,-81.6205
FL,Day,30.14967,-83.28505
FL,Daytona Beach,29.20117,-81.03707
FL,De Leon Springs,29.11659,-81.34876
FL,Debary,28.88457,-81.30651
FL,Deerfield Beach,26.30956,-80.09917
FL,Defuniak Springs,30.75178,-86.13801
FL,Deland,29.02659,-81.33485
FL,Delray Beach,26.45644,-80.07932
FL,Deltona,28.8989,-81.24731
FL,Destin,30.392,-86.4834
FL,Doctors Inlet,30.1,-81.77639
FL,Dover,27.99198,-82.21385
FL,Dundee,28.01941,-81.62121
FL,Dunedin,28.01944,-82.77194
FL,Dunnellon,28.9965,-82.509
FL,Dunnellon,29.0488,-82.4611
FL,Durant,27.90833,-82.18639
FL,Eagle Lake,27.97866,-81.75636
FL,Earleton,29.72216,-82.11376
FL,East Palatka,29.66086,-81.58788
FL,Eastlake Weir,29.02,-81.90833
FL,Eastpoint,29.73391,-84.8701
FL,Eaton Park,28.00833,-81.90778
FL,Ebro,30.43518,-85.88807
FL,Edgar,29.62361,-81.89056
FL,Edgewater,28.9818,-80.91034
FL,Eglin Afb,30.47941,-86.61596
FL,El Jobean,26.97608,-82.19957
FL,Elfers,28.21639,-82.7225
FL,Elkton,29.78824,-81.46199
FL,Ellenton,27.53818,-82.5006
FL,Englewood,26.92504,-82.31173
FL,Englewood,26.96674,-82.35989
FL,Estero,26.43505,-81.81024
FL,Eustis,28.85769,-81.64513
FL,Everglades City,25.85972,-81.38056
FL,Evinston,29.48667,-82.23139
FL,Fairfield,29.36667,-82.25139
FL,Fedhaven,27.87278,-81.47139
FL,Felda,26.53944,-81.43583
FL,Fellsmere,27.76427,-80.60195
FL,Fernandina Beach,30.63539,-81.46883
FL,Ferndale,28.6,-81.67417
FL,Flagler Beach,29.47498,-81.13029
FL,Fleming Island,30.107,-81.7167
FL,Florahome,29.75811,-81.86222
FL,Floral City,28.74972,-82.29694
FL,Fort Lauderdale,26.12156,-80.12878
FL,Fort Mc Coy,29.27955,-81.88776
FL,Fort Meade,27.74636,-81.78235
FL,Fort Myers,26.6204,-81.8725
FL,Fort Myers Beach,26.45195,-81.92454
FL,Fort Ogden,27.08694,-81.9525
FL,Fort Pierce,27.43823,-80.44396
FL,Fort Walton Beach,30.4473,-86.62749
FL,Fort White,29.92073,-82.68794
FL,Fountain,30.47533,-85.42927
FL,Freeport,30.4896,-86.16844
FL,Frostproof,27.72106,-81.51478
FL,Fruitland Park,28.86395,-81.89975
FL,Gainesville,29.64503,-82.31005
FL,Geneva,28.7503,-81.11137
FL,Georgetown,29.40331,-81.62978
FL,Gibsonton,27.84106,-82.36983
FL,Glen Saint Mary,30.28606,-82.20406
FL,Glenwood,29.08583,-81.35444
FL,Goldenrod,28.61278,-81.29389
FL,Gonzalez,30.58139,-87.29139
FL,Goodland,25.92444,-81.64583
FL,Gotha,28.5275,-81.52333
FL,Graceville,30.9426,-85.51362
FL,Graham,29.86,-82.21861
FL,Grand Island,28.88655,-81.73909
FL,Grand Ridge,30.71483,-85.02095
FL,Grandin,29.7275,-81.91861
FL,Grant,27.92861,-80.52667
FL,Green Cove Springs,30.00425,-81.72618
FL,Greensboro,30.56917,-84.74333
FL,Greenville,30.4512,-83.6474
FL,Greenwood,30.85251,-85.15549
FL,Gretna,30.61694,-84.66
FL,Groveland,28.56444,-81.87453
FL,Gulf Breeze,30.3847,-87.04387
FL,Gulf Hammock,29.25278,-82.73111
FL,Haines City,28.09507,-81.61471
FL,Hallandale,25.98083,-80.14861
FL,Hampton,29.85751,-82.14835
FL,Hastings,29.70515,-81.49091
FL,Havana,30.60924,-84.41434
FL,Hawthorne,29.574,-82.10563
FL,Hernando,28.89972,-82.37472
FL,Hialeah,25.905,-80.3049
FL,High Springs,29.84102,-82.61563
FL,Highland City,27.965,-81.87806
FL,Hilliard,30.68837,-81.93453
FL,Hobe Sound,27.08131,-80.15085
FL,Holder,28.96667,-82.42083
FL,Holiday,28.19127,-82.72794
FL,Hollister,29.6225,-81.81389
FL,Hollywood,26.00701,-80.12193
FL,Holmes Beach,27.46667,-82.70417
FL,Holt,30.72522,-86.70464
FL,Homeland,27.8175,-81.82472
FL,Homestead,25.47664,-80.48385
FL,Homosassa,28.7488,-82.5318
FL,Homosassa Springs,28.80333,-82.57611
FL,Horseshoe Beach,29.48689,-83.26159
FL,Hosford,30.36388,-84.80543
FL,Howey In The Hills,28.70982,-81.78998
FL,Hudson,28.36476,-82.67567
FL,Hurlburt Field,30.42833,-86.68833
FL,Immokalee,26.3751,-81.3678
FL,Indialantic,28.10906,-80.57872
FL,Indian Lake Estates,27.81361,-81.37861
FL,Indian Rocks Beach,27.884,-82.8455
FL,Indiantown,27.06146,-80.48028
FL,Inglis,29.03,-82.66889
FL,Intercession City,28.26222,-81.50806
FL,Interlachen,29.627,-81.88943
FL,Inverness,28.8337,-82.2896
FL,Islamorada,24.92333,-80.62995
FL,Island Grove,29.45333,-82.10667
FL,Istachatta,28.65972,-82.27778
FL,Jacksonville,30.0759,-81.5803
FL,Jacksonville,30.3163,-81.4175
FL,Jacksonville Beach,30.29444,-81.39333
FL,Jasper,30.50291,-82.93219
FL,Jay,30.89849,-87.13324
FL,Jennings,30.54824,-83.13497
FL,Jensen Beach,27.23557,-80.22766
FL,Jupiter,26.93394,-80.12009
FL,Kathleen,28.20522,-82.0435
FL,Kenansville,27.8767,-81.05005
FL,Key Biscayne,25.6921,-80.16248
FL,Key Colony Beach,24.7205,-81.0188
FL,Key Largo,25.14021,-80.40608
FL,Key West,24.56531,-81.76218
FL,Keystone Heights,29.79758,-81.98989
FL,Killarney,28.54694,-81.65056
FL,Kissimmee,28.12479,-81.45898
FL,Kissimmee,28.30506,-81.42421
FL,La Crosse,29.84306,-82.405
FL,Labelle,26.73209,-81.43403
FL,Lacoochee,28.46556,-82.17222
FL,Lady Lake,28.9172,-81.923
FL,Lake Alfred,28.08948,-81.72714
FL,Lake Butler,30.00349,-82.3828
FL,Lake City,30.0949,-82.7117
FL,Lake Como,29.48361,-81.57306
FL,Lake Geneva,29.77194,-82.01028
FL,Lake Hamilton,28.04417,-81.62806
FL,Lake Harbor,26.69333,-80.805
FL,Lake Helen,28.98057,-81.23337
FL,Lake Mary,28.75235,-81.33808
FL,Lake Monroe,28.82444,-81.32722
FL,Lake Panasoffkee,28.79526,-82.13628
FL,Lake Placid,27.29447,-81.36492
FL,Lake Wales,27.90373,-81.54881
FL,Lake Worth,26.6155,-80.1469
FL,Lakeland,28.03813,-81.93915
FL,Lamont,30.36534,-83.90027
FL,Lanark Village,29.88333,-84.59583
FL,Land O Lakes,28.2682,-82.465
FL,Largo,27.9163,-82.7996
FL,Laurel,27.13,-82.45333
FL,Laurel Hill,30.95236,-86.40032
FL,Lawtey,30.04716,-82.10554
FL,Lecanto,28.9303,-82.4905
FL,Lee,30.39786,-83.28439
FL,Leesburg,28.80796,-81.88577
FL,Lehigh Acres,26.6153,-81.61046
FL,Lighthouse Point,26.2787,-80.11244
FL,Lithia,27.82935,-82.13568
FL,Live Oak,30.28662,-83.02499
FL,Lloyd,30.47722,-84.02194
FL,Lochloosa,29.51139,-82.10056
FL,Long Key,24.62444,-82.86333
FL,Longboat Key,27.38669,-82.6384
FL,Longwood,28.71199,-81.35524
FL,Lorida,27.41495,-81.19653
FL,Loughman,28.24167,-81.56694
FL,Lowell,29.33028,-82.19167
FL,Loxahatchee,26.7383,-80.27601
FL,Lulu,30.07544,-82.53848
FL,Lutz,28.143,-82.4752
FL,Lynn Haven,30.23616,-85.64666
FL,Macclenny,30.27367,-82.13247
FL,Madison,30.48021,-83.40668
FL,Maitland,28.63128,-81.3546
FL,Malabar,28.00333,-80.56583
FL,Malone,30.96025,-85.16387
FL,Mango,27.97944,-82.30667
FL,Marathon,24.72792,-81.03858
FL,Marathon Shores,24.7117,-81.091
FL,Marco Island,25.9392,-81.7174
FL,Marianna,30.75859,-85.22937
FL,Mary Esther,30.41219,-86.71272
FL,Mascotte,28.57806,-81.88694
FL,Mayo,30.03998,-83.14621
FL,Mc Alpin,30.1509,-82.96618
FL,Mc David,30.87004,-87.44963
FL,Mc Intosh,29.45056,-82.22
FL,Melbourne,28.06913,-80.62001
FL,Melbourne Beach,28.02192,-80.53894
FL,Melrose,29.73246,-82.02786
FL,Merritt Island,28.32861,-80.67818
FL,Mexico Beach,29.94778,-85.41806
FL,Miami,25.779,-80.1982
FL,Miami Beach,25.7611,-80.1403
FL,Micanopy,29.52603,-82.2797
FL,Mid Florida,28.7461,-81.6672
FL,Middleburg,30.06861,-81.86056
FL,Midway,30.49528,-84.45444
FL,Milligan,30.75222,-86.64083
FL,Milton,30.66041,-87.04728
FL,Mims,28.69738,-80.86628
FL,Minneola,28.57417,-81.74639
FL,Miramar Beach,30.3823,-86.3509
FL,Molino,30.72389,-87.31417
FL,Monticello,30.51968,-83.89245
FL,Montverde,28.59715,-81.67937
FL,Moore Haven,26.83275,-81.21878
FL,Morriston,29.28126,-82.49167
FL,Mossy Head,30.76167,-86.32278
FL,Mount Dora,28.80222,-81.64472
FL,Mulberry,27.90202,-82.00149
FL,Murdock,27.0125,-82.14639
FL,Myakka City,27.36476,-82.1849
FL,Nalcrest,27.85806,-81.42528
FL,Naples,26.1377,-81.7966
FL,Navarre,30.59026,-86.9371
FL,Neptune Beach,30.31548,-81.40512
FL,New Port Richey,28.23257,-82.73272
FL,New Smyrna Beach,29.02467,-80.95844
FL,Newberry,29.66091,-82.58519
FL,Niceville,30.49577,-86.41446
FL,Nichols,27.89,-82.03167
FL,Nobleton,28.64528,-82.26417
FL,Nocatee,27.16,-81.8825
FL,Nokomis,27.11889,-82.44444
FL,Noma,30.98194,-85.61861
FL,North Fort Myers,26.67814,-81.90963
FL,North Miami Beach,25.93609,-80.13514
FL,North Palm Beach,26.82885,-80.06033
FL,North Port,27.0781,-82.1735
FL,O Brien,30.03811,-82.93005
FL,Oak Hill,28.86998,-80.85506
FL,Oakland,28.55472,-81.63333
FL,Ocala,29.1981,-82.0974
FL,Ochopee,25.98111,-81.12111
FL,Ocklawaha,29.06431,-81.88569
FL,Ocoee,28.58368,-81.53262
FL,Odessa,28.14207,-82.59051
FL,Okahumpka,28.73726,-81.88395
FL,Okeechobee,27.31153,-80.84785
FL,Old Town,29.62456,-83.05739
FL,Oldsmar,28.04603,-82.68478
FL,Olustee,30.20389,-82.42889
FL,Ona,27.41266,-81.92805
FL,Oneco,27.44722,-82.54639
FL,Opa Locka,25.90966,-80.247
FL,Orange City,28.94529,-81.29952
FL,Orange Lake,29.425,-82.21667
FL,Orange Park,30.1044,-81.7145
FL,Orange Springs,29.50583,-81.94556
FL,Orlando,28.49882,-80.58248
FL,Orlando,28.53988,-81.37267
FL,Ormond Beach,29.2855,-81.0561
FL,Osprey,27.18384,-82.48534
FL,Osteen,28.84262,-81.15622
FL,Otter Creek,29.32472,-82.77194
FL,Oviedo,28.66972,-81.20833
FL,Oxford,28.92722,-82.0375
FL,Ozona,28.06917,-82.77583
FL,Pahokee,26.8142,-80.6629
FL,Paisley,28.99932,-81.50301
FL,Palatka,29.65775,-81.65945
FL,Palm Bay,28.0146,-80.59909
FL,Palm Beach,26.72065,-80.03883
FL,Palm Beach Gardens,26.84437,-80.0873
FL,Palm City,27.16565,-80.29165
FL,Palm Coast,29.5847,-81.208
FL,Palm Harbor,28.07778,-82.76389
FL,Palmdale,26.945,-81.31639
FL,Palmetto,27.52111,-82.5725
FL,Panacea,30.01532,-84.39121
FL,Panama City,30.16062,-85.6494
FL,Panama City Beach,30.19462,-85.79198
FL,Parrish,27.55716,-82.39601
FL,Patrick Afb,28.2599,-80.60713
FL,Paxton,30.98139,-86.3075
FL,Pembroke Pines,26.02293,-80.29744
FL,Penney Farms,29.97944,-81.81056
FL,Pensacola,30.42228,-87.22476
FL,Perry,30.09749,-83.58502
FL,Pierson,29.2226,-81.43533
FL,Pineland,26.66028,-82.15361
FL,Pinellas Park,27.8387,-82.7151
FL,Pinetta,30.5997,-83.34046
FL,Placida,26.8193,-82.26164
FL,Plant City,28.0168,-82.1289
FL,Plymouth,28.69194,-81.5475
FL,Point Washington,30.37,-86.115
FL,Polk City,28.19867,-81.80828
FL,Pomona Park,29.50211,-81.63074
FL,Pompano Beach,26.23153,-80.12346
FL,Ponce De Leon,30.70415,-85.95463
FL,Ponte Vedra,30.098,-81.4395
FL,Ponte Vedra Beach,30.23944,-81.38583
FL,Port Charlotte,26.98268,-82.14117
FL,Port Orange,29.12139,-80.97667
FL,Port Richey,28.30115,-82.69271
FL,Port Saint Joe,29.83539,-85.29879
FL,Port Saint Lucie,27.2889,-80.29797
FL,Port Salerno,27.14389,-80.20083
FL,Punta Gorda,26.91516,-82.05317
FL,Putnam Hall,29.73639,-81.95944
FL,Quincy,30.58667,-84.60945
FL,Raiford,30.06361,-82.23667
FL,Reddick,29.37535,-82.24399
FL,River Ranch,27.8825,-81.47417
FL,Riverview,27.86583,-82.32667
FL,Rockledge,28.31344,-80.73193
FL,Roseland,27.83556,-80.49333
FL,Rosemary Beach,30.28333,-86.03056
FL,Rotonda West,26.90039,-82.29378
FL,Ruskin,27.7015,-82.4355
FL,Safety Harbor,28.00961,-82.69666
FL,Saint Augustine,29.8364,-81.2745
FL,Saint Cloud,28.24799,-81.28763
FL,Saint James City,26.52901,-82.09159
FL,Saint Johns,30.09558,-81.6217
FL,Saint Leo,28.33694,-82.25861
FL,Saint Marks,30.16083,-84.20639
FL,Saint Petersburg,27.77232,-82.63861
FL,Salem,29.82381,-83.38583
FL,San Antonio,28.33714,-82.28824
FL,San Mateo,29.58883,-81.5921
FL,Sanderson,30.30254,-82.33774
FL,Sanford,28.80131,-81.28504
FL,Sanibel,26.4514,-82.08683
FL,Santa Rosa Beach,30.36588,-86.24581
FL,Sarasota,27.3348,-82.5375
FL,Sarasota,27.40724,-82.5303
FL,Satellite Beach,28.17857,-80.59867
FL,Satsuma,29.55935,-81.6406
FL,Scottsmoor,28.76667,-80.87833
FL,Sebastian,27.79008,-80.47843
FL,Sebastian,27.87815,-80.51605
FL,Sebring,27.49239,-81.43571
FL,Seffner,27.98333,-82.27583
FL,Seminole,27.8438,-82.7947
FL,Seville,29.32008,-81.52789
FL,Shady Grove,30.28778,-83.63194
FL,Shalimar,30.44556,-86.57172
FL,Sharpes,28.43194,-80.76028
FL,Silver Springs,29.2076,-81.9219
FL,Sneads,30.72762,-84.93366
FL,Sopchoppy,30.07135,-84.45488
FL,Sorrento,28.80352,-81.53232
FL,South Bay,26.67013,-80.73121
FL,Sparr,29.33833,-82.11278
FL,Spring Hill,28.40508,-82.53015
FL,Spring Hill,28.46551,-82.59808
FL,Starke,29.9583,-82.11852
FL,Steinhatchee,29.67387,-83.37233
FL,Stuart,27.19683,-80.25379
FL,Sumatra,30.02,-84.97917
FL,Summerfield,28.9958,-82.0214
FL,Summerland Key,24.65532,-81.49356
FL,Sumterville,28.74472,-82.06361
FL,Sun City,27.67806,-82.47889
FL,Sun City Center,27.7205,-82.4333
FL,Suwannee,29.32861,-83.14444
FL,Sydney,27.96306,-82.2075
FL,Tallahassee,30.42856,-84.25934
FL,Tallevast,27.40139,-82.54306
FL,Tampa,27.9428,-82.4549
FL,Tampa,28.0879,-82.4593
FL,Tangerine,28.76472,-81.63083
FL,Tarpon Springs,28.14583,-82.75694
FL,Tavares,28.80103,-81.73405
FL,Tavernier,25.01079,-80.52182
FL,Telogia,30.35056,-84.81917
FL,Terra Ceia,27.57917,-82.58056
FL,The Villages,28.9335,-82.0046
FL,Thonotosassa,28.06175,-82.30821
FL,Titusville,28.56971,-80.81914
FL,Trenton,29.62637,-82.80934
FL,Trilby,28.46222,-82.195
FL,Umatilla,28.93144,-81.67165
FL,Valparaiso,30.5092,-86.50091
FL,Valrico,27.91243,-82.24656
FL,Vanderbilt Beach,26.1627,-81.7912
FL,Venice,27.0993,-82.4489
FL,Venus,27.13463,-81.35941
FL,Vernon,30.62668,-85.75529
FL,Vero Beach,27.63299,-80.40308
FL,Wabasso,27.74806,-80.43639
FL,Wacissa,30.35833,-83.98722
FL,Waldo,29.7871,-82.16079
FL,Wauchula,27.55174,-81.80739
FL,Wausau,30.63194,-85.58889
FL,Waverly,27.97861,-81.61417
FL,Webster,28.57749,-82.09297
FL,Weirsdale,28.97818,-81.89317
FL,Welaka,29.47889,-81.67167
FL,Wellborn,30.17962,-82.85053
FL,Wesley Chapel,28.21036,-82.28896
FL,West Palm Beach,26.71396,-80.06587
FL,Westville,30.87469,-85.91297
FL,Wewahitchka,30.09325,-85.20483
FL,Wewahitchka,30.26324,-85.20647
FL,White Springs,30.33875,-82.77645
FL,Wildwood,28.84535,-82.03473
FL,Williston,29.39774,-82.4856
FL,Wimauma,27.7015,-82.31514
FL,Windermere,28.50061,-81.53541
FL,Winter Beach,27.71889,-80.42083
FL,Winter Garden,28.4867,-81.6051
FL,Winter Haven,27.9993,-81.75151
FL,Winter Park,28.59782,-81.35344
FL,Winter Springs,28.6831,-81.28137
FL,Woodville,30.31389,-84.2475
FL,Worthington Springs,29.92917,-82.42361
FL,Yalaha,28.74444,-81.82632
FL,Yankeetown,29.02972,-82.71611
FL,Youngstown,30.32691,-85.51688
FL,Yulee,30.63167,-81.60667
FL,Zellwood,28.71944,-81.57617
FL,Zephyrhills,28.2333,-82.1813
FL,Zolfo Springs,27.48004,-81.74233
GA,Abbeville,31.96484,-83.30684
GA,Acworth,34.06583,-84.67694
GA,Acworth,34.07563,-84.64774
GA,Adairsville,34.35953,-84.91763
GA,Adel,31.12514,-83.42135
GA,Adrian,32.5635,-82.56951
GA,Ailey,32.21426,-82.47619
GA,Alamo,32.13298,-82.79444
GA,Alapaha,31.39403,-83.21321
GA,Albany,31.56778,-84.16192
GA,Allenhurst,31.77406,-81.61858
GA,Allentown,32.65383,-83.1898
GA,Alma,31.54652,-82.4633
GA,Alpharetta,34.1048,-84.2949
GA,Alston,32.08056,-82.47778
GA,Alto,34.45908,-83.602
GA,Ambrose,31.53671,-82.99764
GA,Americus,32.07077,-84.22473
GA,Americus,32.0881,-84.2362
GA,Andersonville,32.12991,-84.10101
GA,Appling,33.62709,-82.28563
GA,Arabi,31.86292,-83.72856
GA,Aragon,34.06656,-85.06956
GA,Argyle,31.07389,-82.64861
GA,Arlington,31.43972,-84.725
GA,Armuchee,34.44108,-85.1843
GA,Arnoldsville,33.88034,-83.23414
GA,Ashburn,31.70588,-83.66078
GA,Athens,33.9761,-83.36317
GA,Atlanta,33.74979,-84.31685
GA,Atlanta,33.7564,-84.3918
GA,Attapulgus,30.74889,-84.48389
GA,Auburn,34.01361,-83.82778
GA,Augusta,33.46008,-81.97296
GA,Augusta,33.51169,-82.0995
GA,Austell,33.8337,-84.6252
GA,Avera,33.141,-82.51497
GA,Avondale Estates,33.77173,-84.26069
GA,Axson,31.30345,-82.73194
GA,Baconton,31.3878,-84.11345
GA,Bainbridge,30.9355,-84.5809
GA,Baldwin,34.45641,-83.52978
GA,Ball Ground,34.33926,-84.37576
GA,Barnesville,33.04571,-84.15147
GA,Barney,31.00742,-83.52193
GA,Bartow,32.86319,-82.47079
GA,Barwick,30.89194,-83.73833
GA,Baxley,31.78366,-82.34864
GA,Bellville,32.15222,-81.97444
GA,Berlin,31.06806,-83.62389
GA,Bethlehem,33.92612,-83.72823
GA,Bishop,33.80809,-83.47765
GA,Blackshear,31.29306,-82.26171
GA,Blairsville,34.87625,-83.99203
GA,Blakely,31.3775,-84.93417
GA,Bloomingdale,32.11765,-81.30846
GA,Blue Ridge,34.85552,-84.32809
GA,Bluffton,31.52278,-84.86778
GA,Blythe,33.29409,-82.20304
GA,Bogart,33.93404,-83.50546
GA,Bolingbroke,32.94917,-83.80333
GA,Bonaire,32.54604,-83.60474
GA,Boneville,33.43333,-82.43889
GA,Boston,30.78555,-83.79708
GA,Bostwick,33.73722,-83.51444
GA,Bowdon,33.53726,-85.25329
GA,Bowdon Junction,33.66306,-85.14694
GA,Bowersville,34.39959,-83.04836
GA,Bowman,34.19193,-83.02844
GA,Box Springs,32.56556,-84.61295
GA,Braselton,34.13894,-83.78116
GA,Bremen,33.73087,-85.12864
GA,Brinson,30.97667,-84.73778
GA,Bristol,31.40278,-82.24959
GA,Bronwood,31.83083,-84.36444
GA,Brookfield,31.41833,-83.39111
GA,Brooklet,32.29405,-81.628
GA,Brooks,33.29843,-84.47694
GA,Broxton,31.64843,-82.90495
GA,Brunswick,31.16965,-81.49304
GA,Buchanan,33.82828,-85.15055
GA,Buckhead,33.53684,-83.34348
GA,Buena Vista,32.3542,-84.52735
GA,Buford,34.1313,-84.0267
GA,Butler,32.5726,-84.23431
GA,Byromville,32.18519,-83.89913
GA,Byron,32.64738,-83.76224
GA,Cadwell,32.31739,-83.02677
GA,Cairo,30.9517,-84.2048
GA,Calhoun,34.49646,-84.93454
GA,Calvary,30.72667,-84.34972
GA,Camak,33.45333,-82.64611
GA,Camilla,31.21992,-84.22968
GA,Canon,34.34777,-83.12669
GA,Canton,34.20587,-84.45776
GA,Carlton,33.98522,-83.00383
GA,Carnesville,34.39472,-83.27921
GA,Carrollton,33.5809,-85.0792
GA,Cartersville,34.18697,-84.8204
GA,Cassville,34.24472,-84.85222
GA,Cataula,32.62425,-84.92069
GA,Cave Spring,34.11668,-85.33791
GA,Cecil,31.04528,-83.39222
GA,Cedar Springs,31.18333,-85.03806
GA,Cedartown,34.0112,-85.2459
GA,Centerville,32.63437,-83.67677
GA,Chatsworth,34.75893,-84.79429
GA,Chauncey,32.08353,-83.0508
GA,Cherrylog,34.77371,-84.44314
GA,Chester,32.39815,-83.17403
GA,Chestnut Mountain,34.2275,-83.88444
GA,Chickamauga,34.85796,-85.32214
GA,Chula,31.54386,-83.55086
GA,Cisco,34.84741,-84.71738
GA,Clarkdale,33.83083,-84.64972
GA,Clarkesville,34.64499,-83.5243
GA,Clarkston,33.81011,-84.23883
GA,Claxton,32.16501,-81.90803
GA,Clayton,34.88257,-83.40655
GA,Clermont,34.47609,-83.78531
GA,Cleveland,34.58395,-83.74998
GA,Climax,30.87583,-84.43139
GA,Clinchfield,32.41333,-83.63833
GA,Clyo,32.51265,-81.30857
GA,Cobb,31.96171,-83.95809
GA,Cobbtown,32.26424,-82.13327
GA,Cochran,32.39807,-83.32289
GA,Cohutta,34.93263,-84.9458
GA,Colbert,34.03825,-83.21906
GA,Coleman,31.67278,-84.88917
GA,Collins,32.18523,-82.10948
GA,Colquitt,31.17111,-84.73333
GA,Columbus,32.47304,-84.97946
GA,Comer,34.08878,-83.12198
GA,Commerce,34.21341,-83.44801
GA,Commerce,34.2216,-83.3874
GA,Concord,33.09984,-84.44702
GA,Conley,33.64472,-84.32583
GA,Conyers,33.6947,-84.0152
GA,Coolidge,30.98591,-83.87525
GA,Coosa,34.25444,-85.35444
GA,Cordele,31.96333,-83.7825
GA,Cornelia,34.52088,-83.54527
GA,Cotton,31.16139,-84.06694
GA,Covington,33.5817,-83.8467
GA,Crandall,34.94123,-84.76453
GA,Crawford,33.90953,-83.18932
GA,Crawfordville,33.5708,-82.88723
GA,Crescent,31.49675,-81.38922
GA,Culloden,32.83008,-84.04563
GA,Cumming,34.247,-84.1812
GA,Cusseta,32.29903,-84.76454
GA,Cuthbert,31.77111,-84.78944
GA,Dacula,33.98861,-83.89806
GA,Dahlonega,34.52995,-83.97984
GA,Daisy,32.15167,-81.83472
GA,Dallas,33.91631,-84.82779
GA,Dalton,34.7697,-84.9702
GA,Damascus,31.29889,-84.71889
GA,Danielsville,34.1708,-83.27584
GA,Danville,32.59302,-83.3033
GA,Darien,31.38257,-81.43117
GA,Davisboro,32.9443,-82.62274
GA,Dawson,31.77333,-84.44667
GA,Dawsonville,34.39433,-84.10371
GA,De Soto,31.95019,-84.0271
GA,Dearing,33.40702,-82.39551
GA,Decatur,33.76988,-84.29504
GA,Demorest,34.57556,-83.56963
GA,Denton,31.74584,-82.72015
GA,Dewy Rose,34.17205,-82.94089
GA,Dexter,32.43564,-83.05277
GA,Dillard,34.97966,-83.38011
GA,Dixie,30.77221,-83.67918
GA,Doerun,31.31365,-83.92532
GA,Donalsonville,31.04028,-84.87917
GA,Douglas,31.49729,-82.84647
GA,Douglasville,33.7494,-84.7459
GA,Dover,32.57694,-81.71528
GA,Dry Branch,32.70499,-83.4951
GA,Du Pont,31.0,-82.85552
GA,Dublin,32.54779,-82.90368
GA,Dudley,32.52588,-83.08992
GA,Duluth,33.9774,-84.1508
GA,Duluth,34.0243,-84.1484
GA,East Dublin,32.5475,-82.86833
GA,East Ellijay,34.68264,-84.47306
GA,Eastanollee,34.50366,-83.25868
GA,Eastman,32.20842,-83.18596
GA,Eatonton,33.31272,-83.36277
GA,Eden,32.17361,-81.39083
GA,Edison,31.55806,-84.73833
GA,Elberton,34.1082,-82.84476
GA,Elko,32.33365,-83.73039
GA,Ellabell,32.1273,-81.4983
GA,Ellaville,32.23901,-84.30387
GA,Ellenton,31.17583,-83.5875
GA,Ellenwood,33.61,-84.28806
GA,Ellerslie,32.66172,-84.8772
GA,Ellijay,34.6725,-84.50028
GA,Emerson,34.11997,-84.75705
GA,Enigma,31.3736,-83.35516
GA,Epworth,34.94425,-84.44159
GA,Esom Hill,33.94889,-85.38778
GA,Eton,34.825,-84.76333
GA,Evans,33.54119,-82.13978
GA,Experiment,33.26528,-84.28167
GA,Fairburn,33.56482,-84.58086
GA,Fairmount,34.46524,-84.76688
GA,Fargo,30.71659,-82.58006
GA,Farmington,33.77611,-83.42361
GA,Fayetteville,33.44805,-84.46359
GA,Felton,33.88707,-85.22078
GA,Fitzgerald,31.72477,-83.24953
GA,Fleming,31.86448,-81.42316
GA,Flintstone,34.92516,-85.35244
GA,Flovilla,33.25001,-83.90794
GA,Flowery Branch,34.18189,-83.90241
GA,Folkston,30.85084,-82.01162
GA,Forest Park,33.62111,-84.36583
GA,Forsyth,33.05076,-83.93621
GA,Fort Benning,32.36973,-84.94526
GA,Fort Gaines,31.60889,-85.04722
GA,Fort Oglethorpe,34.96408,-85.24281
GA,Fort Stewart,31.97909,-81.44049
GA,Fort Valley,32.54956,-83.88873
GA,Fortson,32.62884,-85.00165
GA,Fowlstown,30.80333,-84.55
GA,Franklin,33.29107,-85.10546
GA,Franklin Springs,34.28472,-83.14444
GA,Funston,31.19972,-83.87361
GA,Gainesville,34.30727,-83.8256
GA,Garfield,32.60078,-82.0856
GA,Gay,33.1499,-84.58058
GA,Geneva,32.57972,-84.55083
GA,Georgetown,31.97944,-81.23194
GA,Gibson,33.2471,-82.57659
GA,Gillsville,34.30015,-83.67568
GA,Girard,33.04369,-81.71058
GA,Glenn,33.15417,-85.20306
GA,Glennville,31.94671,-81.94831
GA,Glenwood,32.15724,-82.67588
GA,Good Hope,33.76135,-83.59495
GA,Gordon,32.90921,-83.32042
GA,Gough,33.09167,-82.22667
GA,Gracewood,33.3725,-82.03222
GA,Grantville,33.24725,-84.83498
GA,Gray,33.01718,-83.53995
GA,Grayson,33.89417,-83.95583
GA,Graysville,34.97639,-85.14139
GA,Greensboro,33.56368,-83.17019
GA,Greenville,33.03717,-84.74217
GA,Griffin,33.2549,-84.27276
GA,Grovetown,33.47662,-82.24094
GA,Guyton,32.31399,-81.38959
GA,Haddock,33.05189,-83.43122
GA,Hagan,32.15583,-81.93389
GA,Hahira,30.94159,-83.35737
GA,Hamilton,32.7418,-84.88475
GA,Hampton,33.4124,-84.29474
GA,Haralson,33.22639,-84.57139
GA,Hardwick,33.06806,-83.22361
GA,Harlem,33.41701,-82.30966
GA,Harrison,32.84201,-82.71593
GA,Hartsfield,31.21732,-83.97036
GA,Hartwell,34.35712,-82.92958
GA,Hawkinsville,32.27783,-83.49476
GA,Hazlehurst,31.86057,-82.59095
GA,Helen,34.6866,-83.73994
GA,Helena,32.07809,-82.91782
GA,Hephzibah,33.34333,-82.08869
GA,Hiawassee,34.93767,-83.7478
GA,High Shoals,33.82083,-83.50611
GA,Hillsboro,33.17999,-83.68709
GA,Hinesville,31.8488,-81.5971
GA,Hiram,33.86729,-84.76987
GA,Hoboken,31.18378,-82.18385
GA,Hogansville,33.16438,-84.93086
GA,Holly Springs,34.17389,-84.50139
GA,Homer,34.35631,-83.49743
GA,Homerville,31.04499,-82.7431
GA,Hortense,31.31995,-81.95956
GA,Hoschton,34.08658,-83.78025
GA,Howard,32.59583,-84.38444
GA,Hull,34.04781,-83.31103
GA,Ideal,32.39302,-84.14815
GA,Ila,34.1725,-83.29222
GA,Iron City,31.01333,-84.81306
GA,Irwinton,32.80885,-83.17396
GA,Irwinville,31.65424,-83.40171
GA,Jackson,33.28201,-83.97839
GA,Jacksonville,31.84808,-82.975
GA,Jakin,31.09083,-84.98222
GA,Jasper,34.46196,-84.47588
GA,Jefferson,34.1062,-83.57081
GA,Jeffersonville,32.7411,-83.3859
GA,Jekyll Island,31.07405,-81.41281
GA,Jenkinsburg,33.31862,-84.02612
GA,Jersey,33.71556,-83.79889
GA,Jesup,31.60433,-81.88706
GA,Jewell,33.32875,-82.7328
GA,Jonesboro,33.52424,-84.35897
GA,Juliette,33.11941,-83.82353
GA,Junction City,32.60805,-84.45741
GA,Kathleen,32.46722,-83.61284
GA,Kennesaw,34.02866,-84.60466
GA,Keysville,33.17191,-82.18337
GA,Kings Bay,30.79167,-81.49694
GA,Kingsland,30.79768,-81.70748
GA,Kingston,34.25005,-84.9973
GA,Kite,32.70783,-82.52736
GA,Knoxville,32.64724,-83.94301
GA,La Fayette,34.69201,-85.26021
GA,Lagrange,33.03402,-85.03951
GA,Lake Park,30.69062,-83.17529
GA,Lakeland,31.03811,-83.08886
GA,Lakemont,34.7617,-83.40376
GA,Lavonia,34.45276,-83.11299
GA,Lawrenceville,33.9435,-83.9643
GA,Leary,31.48556,-84.51389
GA,Lebanon,34.14278,-84.50944
GA,Leesburg,31.68116,-84.15926
GA,Lenox,31.2664,-83.44813
GA,Leslie,31.95395,-84.07834
GA,Lexington,33.87991,-83.08581
GA,Lilburn,33.8739,-84.1173
GA,Lilly,32.14694,-83.8775
GA,Lincolnton,33.77734,-82.44348
GA,Lindale,34.17074,-85.18249
GA,Lithia Springs,33.79389,-84.66056
GA,Lithonia,33.68231,-84.161
GA,Lizella,32.77732,-83.82501
GA,Locust Grove,33.34494,-84.09825
GA,Loganville,33.83889,-83.89806
GA,Lookout Mountain,34.93351,-85.37938
GA,Louisville,33.01634,-82.38362
GA,Louvale,32.175,-84.82528
GA,Lovejoy,33.43611,-84.31444
GA,Ludowici,31.77048,-81.74532
GA,Lula,34.39851,-83.69446
GA,Lumber City,31.92512,-82.70731
GA,Lumpkin,32.04346,-84.80223
GA,Luthersville,33.17982,-84.75771
GA,Lyerly,34.40296,-85.40383
GA,Lyons,32.17115,-82.30778
GA,Mableton,33.81861,-84.5825
GA,Macon,32.84386,-83.59869
GA,Madison,33.59468,-83.46178
GA,Manassas,32.09655,-82.05293
GA,Manchester,32.8721,-84.63117
GA,Manor,31.10883,-82.57417
GA,Mansfield,33.51861,-83.73528
GA,Marble Hill,34.41535,-84.33715
GA,Marietta,33.9043,-84.468
GA,Marshallville,32.452,-83.94348
GA,Martin,34.51548,-83.16855
GA,Matthews,33.21758,-82.28675
GA,Mauk,32.50902,-84.39991
GA,Maxeys,33.75417,-83.17361
GA,Maysville,34.27363,-83.58402
GA,Mc Caysville,34.95221,-84.36829
GA,Mc Intyre,32.84679,-83.20395
GA,Mc Rae,32.04353,-82.88766
GA,Mcdonough,33.45056,-84.15833
GA,Meansville,33.01339,-84.31694
GA,Meigs,31.06254,-84.08237
GA,Meldrim,32.14306,-81.37806
GA,Menlo,34.57091,-85.45972
GA,Meridian,31.41107,-81.42391
GA,Mershon,31.47828,-82.21699
GA,Mesena,33.45972,-82.59028
GA,Metter,32.40103,-82.06072
GA,Midland,32.56159,-84.85585
GA,Midville,32.86379,-82.20418
GA,Midway,31.8018,-81.3909
GA,Milan,31.9618,-83.05885
GA,Milledgeville,33.0769,-83.3032
GA,Millen,32.78774,-81.96181
GA,Millwood,31.25057,-82.64415
GA,Milner,33.14102,-84.17591
GA,Mineral Bluff,34.93411,-84.25407
GA,Mitchell,33.20515,-82.68165
GA,Molena,32.99784,-84.45578
GA,Monroe,33.80814,-83.70722
GA,Montezuma,32.30262,-84.00414
GA,Monticello,33.3118,-83.71405
GA,Montrose,32.56187,-83.16012
GA,Moody A F B,30.96444,-83.19667
GA,Moreland,33.27344,-84.75656
GA,Morgan,31.5375,-84.59944
GA,Morganton,34.87138,-84.21148
GA,Morris,31.79417,-84.94639
GA,Morrow,33.58493,-84.3247
GA,Morven,30.89373,-83.4498
GA,Moultrie,31.17924,-83.76409
GA,Mount Airy,34.56782,-83.47127
GA,Mount Berry,34.275,-85.18333
GA,Mount Vernon,32.18398,-82.58672
GA,Mount Zion,33.63417,-85.18722
GA,Mountain City,34.91806,-83.38556
GA,Murrayville,34.43417,-83.89492
GA,Musella,32.82023,-84.04559
GA,Mystic,31.62194,-83.33583
GA,Nahunta,31.18265,-81.97221
GA,Nashville,31.20738,-83.23195
GA,Naylor,30.89846,-83.12237
GA,Nelson,34.38139,-84.37111
GA,Newborn,33.51694,-83.69611
GA,Newington,32.58839,-81.53269
GA,Newnan,33.3894,-84.81695
GA,Newton,31.31278,-84.33583
GA,Nicholls,31.44981,-82.60321
GA,Nicholson,34.09702,-83.42103
GA,Norcross,33.9392,-84.2053
GA,Norman Park,31.06913,-83.94044
GA,Norristown,32.49889,-82.49389
GA,North Metro,33.977,-84.1493
GA,Norwood,33.47892,-82.73557
GA,Nunez,32.49111,-82.34722
GA,Oakfield,31.77977,-83.97059
GA,Oakman,34.56639,-84.70833
GA,Oakwood,34.2372,-83.89401
GA,Ochlocknee,30.95941,-84.0326
GA,Ocilla,31.59294,-83.25654
GA,Oconee,32.85528,-82.95
GA,Odum,31.69992,-81.9943
GA,Offerman,31.40944,-82.11194
GA,Oglethorpe,32.28419,-84.08299
GA,Oliver,32.52139,-81.53333
GA,Omaha,32.16523,-84.90079
GA,Omega,31.36043,-83.59394
GA,Orchard Hill,33.18639,-84.21139
GA,Oxford,33.61889,-83.8675
GA,Palmetto,33.52419,-84.679
GA,Parrott,31.89333,-84.51333
GA,Patterson,31.39034,-82.12744
GA,Pavo,30.94014,-83.74086
GA,Peachtree City,33.39147,-84.56348
GA,Pearson,31.31058,-82.8591
GA,Pelham,31.12723,-84.15637
GA,Pembroke,32.15709,-81.55334
GA,Pendergrass,34.17963,-83.66336
GA,Perkins,32.90575,-81.86957
GA,Perry,32.46051,-83.72826
GA,Pine Lake,33.79361,-84.20611
GA,Pine Mountain,32.87349,-84.89595
GA,Pine Mountain Valley,32.79185,-84.82387
GA,Pinehurst,32.19669,-83.72085
GA,Pineview,32.09073,-83.51583
GA,Pitts,31.94253,-83.55788
GA,Plains,32.03391,-84.35864
GA,Plainville,34.41447,-85.0312
GA,Pooler,32.11493,-81.25196
GA,Port Wentworth,32.1491,-81.16317
GA,Portal,32.55504,-81.91226
GA,Porterdale,33.575,-83.89389
GA,Poulan,31.46721,-83.76155
GA,Powder Springs,33.85944,-84.68389
GA,Preston,32.07403,-84.54892
GA,Pulaski,32.39,-81.95694
GA,Putney,31.47,-84.11778
GA,Quitman,30.7797,-83.55675
GA,Rabun Gap,34.95755,-83.39012
GA,Ranger,34.54036,-84.72702
GA,Ray City,31.08247,-83.21428
GA,Rayle,33.78359,-82.90998
GA,Rebecca,31.79792,-83.52348
GA,Red Oak,33.62472,-84.49861
GA,Redan,33.74528,-84.13167
GA,Register,32.33823,-81.87283
GA,Reidsville,32.05476,-82.14781
GA,Rentz,32.36383,-82.91399
GA,Resaca,34.592,-84.91625
GA,Rex,33.5808,-84.27823
GA,Reynolds,32.55411,-84.10113
GA,Rhine,32.0113,-83.19831
GA,Riceboro,31.7357,-81.46713
GA,Richland,32.08458,-84.66672
GA,Richmond Hill,31.89615,-81.29403
GA,Rincon,32.23563,-81.28778
GA,Ringgold,34.92052,-85.15491
GA,Rising Fawn,34.85349,-85.47108
GA,Riverdale,33.55313,-84.40035
GA,Roberta,32.72215,-84.04511
GA,Rochelle,31.94912,-83.44498
GA,Rock Spring,34.80653,-85.24148
GA,Rockledge,32.39151,-82.74794
GA,Rockmart,33.99791,-85.05937
GA,Rocky Face,34.77446,-85.05614
GA,Rocky Ford,32.65686,-81.74175
GA,Rome,34.25073,-85.1465
GA,Roopville,33.43223,-85.16715
GA,Rossville,34.95348,-85.29678
GA,Roswell,34.04083,-84.3859
GA,Royston,34.27779,-83.14061
GA,Rupert,32.43252,-84.27375
GA,Rutledge,33.61632,-83.6023
GA,Rydal,34.39273,-84.78032
GA,Saint George,30.52083,-82.03778
GA,Saint Marys,30.77347,-81.56521
GA,Saint Simons Island,31.16916,-81.38242
GA,Sale City,31.26,-84.0422
GA,Sandersville,32.98697,-82.81693
GA,Sapelo Island,31.42195,-81.26793
GA,Sardis,32.98095,-81.77304
GA,Sargent,33.43222,-84.86944
GA,Sasser,31.71972,-84.34722
GA,Sautee Nacoochee,34.71625,-83.69312
GA,Savannah,32.06763,-81.10239
GA,Scotland,32.04861,-82.81722
GA,Scottdale,33.7934,-84.25852
GA,Screven,31.51685,-82.03974
GA,Sea Island,31.1953,-81.3366
GA,Senoia,33.28446,-84.59178
GA,Seville,31.96028,-83.60111
GA,Shady Dale,33.40135,-83.70403
GA,Shannon,34.33667,-85.07139
GA,Sharon,33.55972,-82.795
GA,Sharpsburg,33.40129,-84.65403
GA,Shellman,31.75611,-84.61528
GA,Shiloh,32.80668,-84.74117
GA,Siloam,33.53667,-83.08111
GA,Silver Creek,34.15927,-85.14293
GA,Smarr,32.98528,-83.88222
GA,Smithville,31.88469,-84.22707
GA,Smyrna,33.8796,-84.50228
GA,Snellville,33.8039,-84.0397
GA,Social Circle,33.65611,-83.71833
GA,Soperton,32.38686,-82.5871
GA,Sparks,31.17898,-83.44759
GA,Sparta,33.26552,-82.98595
GA,Springfield,32.4121,-81.32644
GA,Stapleton,33.18942,-82.4597
GA,Statenville,30.7255,-82.97986
GA,Statesboro,32.44084,-81.77396
GA,Statham,33.96023,-83.5893
GA,Stephens,33.77147,-83.1159
GA,Stillmore,32.44194,-82.21528
GA,Stockbridge,33.56334,-84.21649
GA,Stockton,31.02286,-83.01394
GA,Stone Mountain,33.79423,-84.20175
GA,Suches,34.72529,-84.04958
GA,Sugar Valley,34.55193,-85.02605
GA,Summerville,34.4859,-85.33622
GA,Sumner,31.53925,-83.72446
GA,Sunny Side,33.34056,-84.29083
GA,Surrency,31.64893,-82.19822
GA,Suwanee,34.05139,-84.07139
GA,Swainsboro,32.58194,-82.33867
GA,Sycamore,31.65533,-83.60636
GA,Sylvania,32.77627,-81.63339
GA,Sylvester,31.53927,-83.86073
GA,Talbotton,32.6797,-84.54621
GA,Talking Rock,34.53936,-84.49115
GA,Tallapoosa,33.76017,-85.30005
GA,Tallulah Falls,34.73333,-83.39167
GA,Talmo,34.19506,-83.71872
GA,Tarrytown,32.29062,-82.51693
GA,Tate,34.42387,-84.3653
GA,Taylorsville,34.12294,-84.97386
GA,Temple,33.76769,-85.01332
GA,Tennga,34.98667,-84.73861
GA,Tennille,32.9063,-82.84002
GA,The Rock,32.97173,-84.24236
GA,Thomaston,32.90153,-84.3324
GA,Thomasville,30.8665,-83.9233
GA,Thomson,33.47736,-82.4942
GA,Tifton,31.45028,-83.50861
GA,Tiger,34.81741,-83.43332
GA,Tignall,33.88329,-82.69556
GA,Toccoa,34.56647,-83.31144
GA,Toccoa Falls,34.59361,-83.35833
GA,Toomsboro,32.82189,-83.08443
GA,Townsend,31.56734,-81.4182
GA,Trenton,34.90168,-85.51712
GA,Trion,34.54679,-85.31116
GA,Tucker,33.85699,-84.21602
GA,Tunnel Hill,34.85413,-85.04681
GA,Turin,33.32639,-84.63583
GA,Turnerville,34.68667,-83.42611
GA,Twin City,32.61293,-82.19786
GA,Ty Ty,31.45595,-83.62199
GA,Tybee Island,32.0068,-80.85094
GA,Tyrone,33.47195,-84.59136
GA,Unadilla,32.25577,-83.74467
GA,Union City,33.58315,-84.54985
GA,Union Point,33.63454,-83.08791
GA,Upatoi,32.56006,-84.74482
GA,Uvalda,32.04827,-82.50888
GA,Valdosta,30.81058,-83.27717
GA,Varnell,34.90111,-84.97389
GA,Vidalia,32.19341,-82.40672
GA,Vienna,32.09129,-83.7922
GA,Villa Rica,33.71729,-84.9297
GA,Waco,33.68399,-85.21967
GA,Wadley,32.87474,-82.40246
GA,Waleska,34.32166,-84.56198
GA,Walthourville,31.77389,-81.63278
GA,Waresboro,31.24778,-82.47389
GA,Warm Springs,32.89556,-84.82173
GA,Warner Robins,32.59336,-83.64158
GA,Warrenton,33.40914,-82.63568
GA,Warthen,33.12546,-82.8039
GA,Warwick,31.73449,-83.92009
GA,Washington,33.72654,-82.74291
GA,Watkinsville,33.85425,-83.40804
GA,Waverly,31.04267,-81.56967
GA,Waverly Hall,32.67933,-84.74246
GA,Waycross,31.21969,-82.36451
GA,Waynesboro,33.10125,-81.9908
GA,Waynesville,31.24479,-81.80393
GA,West Green,31.59227,-82.75642
GA,West Point,32.83368,-85.11971
GA,Weston,31.96366,-84.57558
GA,Whigham,30.88278,-84.32389
GA,White,34.27168,-84.73833
GA,White Oak,31.03404,-81.80824
GA,White Plains,33.48434,-83.09085
GA,Whitesburg,33.51109,-84.92543
GA,Wildwood,34.97791,-85.43046
GA,Wiley,34.79833,-83.42028
GA,Willacoochee,31.34548,-83.04493
GA,Williamson,33.15984,-84.37949
GA,Winder,33.99854,-83.71147
GA,Winston,33.66342,-84.86392
GA,Winterville,33.95425,-83.29064
GA,Woodbine,30.94369,-81.67831
GA,Woodbury,32.98132,-84.59863
GA,Woodland,32.80607,-84.59519
GA,Woodstock,34.10601,-84.51168
GA,Wray,31.59523,-83.10748
GA,Wrens,33.2104,-82.38096
GA,Wrightsville,32.72187,-82.72621
GA,Yatesville,32.91559,-84.15925
GA,Young Harris,34.95879,-83.86882
GA,Zebulon,33.10023,-84.31083
HI,Aiea,21.3908,-157.93324
HI,Anahola,22.14528,-159.31556
HI,Camp H M Smith,21.386,-157.9078
HI,Captain Cook,19.4386,-155.88746
HI,Eleele,21.92302,-159.53812
HI,Ewa Beach,21.32742,-158.01031
HI,Fort Shafter,21.3392,-157.8885
HI,Haiku,20.9071,-156.29998
HI,Hakalau,19.88822,-155.13333
HI,Haleiwa,21.63115,-158.06931
HI,Hana,20.76163,-156.03966
HI,Hanalei,22.20528,-159.50278
HI,Hanamaulu,21.9975,-159.35722
HI,Hanapepe,21.91564,-159.59202
HI,Hauula,21.61395,-157.9157
HI,Hawaii National Park,19.4311,-155.28402
HI,Hawi,20.23802,-155.83801
HI,Hickam Afb,21.31083,-157.93444
HI,Hilo,19.70252,-155.09392
HI,Holualoa,19.61032,-155.91764
HI,Honaunau,19.44845,-155.89336
HI,Honokaa,20.08266,-155.48803
HI,Honolulu,21.3095,-157.863
HI,Honomu,19.87277,-155.11766
HI,Hoolehua,21.17302,-157.07914
HI,Kaaawa,21.56737,-157.87373
HI,Kahuku,21.68028,-157.95111
HI,Kahului,20.88139,-156.47833
HI,Kailua,21.40626,-157.74478
HI,Kailua Kona,19.65305,-155.97981
HI,Kalaheo,21.92861,-159.53028
HI,Kalaupapa,21.19289,-156.98345
HI,Kamuela,20.00813,-155.70519
HI,Kaneohe,21.42282,-157.81154
HI,Kapaa,22.0868,-159.34484
HI,Kapaau,20.21832,-155.79898
HI,Kapolei,21.34528,-158.08701
HI,Kaumakani,21.92133,-159.62413
HI,Kaunakakai,21.0905,-156.96902
HI,Keaau,19.58928,-154.99264
HI,Kealakekua,19.52615,-155.93003
HI,Kealia,22.10194,-159.30861
HI,Keauhou,19.04806,-155.57139
HI,Kekaha,21.97351,-159.71988
HI,Kihei,20.74412,-156.44754
HI,Kilauea,22.21194,-159.41222
HI,Koloa,21.90829,-159.47493
HI,Kualapuu,21.1601,-157.02767
HI,Kula,20.75335,-156.32603
HI,Kunia,21.47639,-158.06667
HI,Kurtistown,19.57064,-155.02066
HI,Lahaina,20.91743,-156.67716
HI,Laie,21.65951,-157.93938
HI,Lanai City,20.82932,-156.92103
HI,Laupahoehoe,19.98019,-155.23226
HI,Lawai,21.92194,-159.50944
HI,Lihue,21.98162,-159.36826
HI,M C B H Kaneohe Bay,21.4492,-157.766
HI,Makawao,20.84693,-156.33274
HI,Makaweli,21.92764,-159.79072
HI,Maunaloa,21.1422,-157.21928
HI,Mililani,21.45311,-158.01738
HI,Mountain View,19.55059,-155.08644
HI,Naalehu,19.06684,-155.65747
HI,Ninole,19.90444,-155.15992
HI,Ocean View,19.49611,-155.92167
HI,Ookala,20.01189,-155.27467
HI,Paauilo,20.02712,-155.36973
HI,Pahala,19.2079,-155.48151
HI,Pahoa,19.5089,-154.92314
HI,Paia,20.91539,-156.38017
HI,Papaaloa,19.90483,-155.2184
HI,Papaikou,19.79164,-155.09844
HI,Pearl City,21.40839,-157.96516
HI,Pearl Harbor,21.355,-157.97194
HI,Pepeekeo,19.83528,-155.11299
HI,Princeville,22.21595,-159.46259
HI,Pukalani,20.83667,-156.33667
HI,Puunene,20.86361,-156.45306
HI,Schofield Barracks,21.4975,-158.06306
HI,Tripler Army Medical Center,21.36083,-157.89167
HI,Volcano,19.48007,-155.19743
HI,Wahiawa,21.5006,-158.04353
HI,Waialua,21.57662,-158.12667
HI,Waianae,21.43519,-158.17807
HI,Waikoloa,19.93306,-155.68417
HI,Wailuku,20.89659,-156.50361
HI,Waimanalo,21.34179,-157.71309
HI,Waimea,21.96849,-159.66943
HI,Waipahu,21.3982,-158.01242
HI,Wake Island,19.28306,-166.59972
HI,Wheeler Army Airfield,21.48583,-158.03639
IA,Ackley,42.55272,-93.06083
IA,Ackworth,41.37372,-93.37672
IA,Adair,41.51369,-94.64436
IA,Adel,41.62214,-94.03796
IA,Afton,41.04015,-94.19404
IA,Agency,40.99569,-92.31623
IA,Ainsworth,41.32023,-91.54717
IA,Akron,42.83539,-96.52245
IA,Albert City,42.7784,-94.98238
IA,Albia,41.02872,-92.79462
IA,Albion,42.11427,-92.98821
IA,Alburnett,42.15832,-91.63925
IA,Alden,42.51789,-93.38412
IA,Alexander,42.81139,-93.445
IA,Algona,43.06598,-94.23064
IA,Alleman,41.81589,-93.60631
IA,Allerton,40.7023,-93.37239
IA,Allison,42.76147,-92.78295
IA,Alta,42.67712,-95.3129
IA,Alta Vista,43.14816,-92.42368
IA,Alton,42.97818,-96.01727
IA,Altoona,41.64755,-93.47241
IA,Alvord,43.32011,-96.29099
IA,Amana,41.83128,-91.88545
IA,Ames,42.02986,-93.6394
IA,Anamosa,42.10776,-91.28512
IA,Andover,41.99255,-90.23858
IA,Andrew,42.1585,-90.60035
IA,Anita,41.44997,-94.7794
IA,Ankeny,41.72755,-93.60218
IA,Anthon,42.38697,-95.89477
IA,Aplington,42.58704,-92.87514
IA,Arcadia,42.05728,-95.03714
IA,Archer,43.11792,-95.74166
IA,Aredale,42.85485,-92.97688
IA,Argyle,40.56566,-91.5639
IA,Arion,41.95041,-95.46233
IA,Arispe,40.94944,-94.21889
IA,Arlington,42.73383,-91.66681
IA,Armstrong,43.40242,-94.4853
IA,Arnolds Park,43.36358,-95.13126
IA,Arthur,42.33628,-95.36752
IA,Ashton,43.30526,-95.76551
IA,Aspinwall,41.90825,-95.14994
IA,Atalissa,41.56144,-91.17476
IA,Atkins,41.9881,-91.87597
IA,Atlantic,41.40028,-95.01012
IA,Auburn,42.2809,-94.90345
IA,Audubon,41.73003,-94.91641
IA,Aurelia,42.69122,-95.43809
IA,Aurora,42.62032,-91.73347
IA,Austinville,42.59625,-92.95942
IA,Avoca,41.47683,-95.35087
IA,Ayrshire,43.037,-94.8478
IA,Badger,42.5996,-94.16299
IA,Bagley,41.83405,-94.44154
IA,Baldwin,42.07319,-90.81997
IA,Bancroft,43.29348,-94.21078
IA,Barnes City,41.48827,-92.47034
IA,Barnum,42.51587,-94.37033
IA,Batavia,40.99048,-92.14306
IA,Battle Creek,42.33266,-95.60452
IA,Baxter,41.82037,-93.15833
IA,Bayard,41.8386,-94.59153
IA,Beacon,41.28713,-92.72843
IA,Beaman,42.23671,-92.81621
IA,Beaver,42.03994,-94.10331
IA,Bedford,40.66829,-94.73245
IA,Belle Plaine,41.89916,-92.25738
IA,Bellevue,42.25825,-90.4356
IA,Belmond,42.85114,-93.62001
IA,Bennett,41.73527,-90.96561
IA,Benton,40.72584,-94.3931
IA,Bernard,42.33207,-90.86303
IA,Berwick,41.665,-93.54472
IA,Bettendorf,41.55087,-90.4942
IA,Bevington,41.37176,-93.81287
IA,Birmingham,40.86261,-91.95343
IA,Blairsburg,42.49372,-93.65944
IA,Blairstown,41.90634,-92.08286
IA,Blakesburg,40.98476,-92.59404
IA,Blanchard,40.61216,-95.20538
IA,Blencoe,41.92366,-96.08266
IA,Blockton,40.62424,-94.5049
IA,Bloomfield,40.73237,-92.39871
IA,Blue Grass,41.51117,-90.73802
IA,Bode,42.86608,-94.27805
IA,Bonaparte,40.71482,-91.78973
IA,Bondurant,41.70166,-93.45269
IA,Boone,42.06935,-93.87808
IA,Booneville,41.53399,-93.88136
IA,Bouton,41.82843,-93.99629
IA,Boxholm,42.17057,-94.10525
IA,Boyden,43.20343,-95.98231
IA,Braddyville,40.59908,-94.99558
IA,Bradford,42.61043,-93.21807
IA,Bradgate,42.77943,-94.40024
IA,Brandon,42.33091,-92.00589
IA,Brayton,41.55236,-94.97402
IA,Breda,42.17583,-95.00068
IA,Bridgewater,41.15708,-94.64101
IA,Brighton,41.15433,-91.82835
IA,Bristow,42.77411,-92.88642
IA,Britt,43.10058,-93.77518
IA,Bronson,42.42918,-96.19859
IA,Brooklyn,41.73215,-92.42846
IA,Brunsville,42.80972,-96.26889
IA,Bryant,41.96293,-90.33877
IA,Buckeye,42.41722,-93.37472
IA,Buckingham,42.25521,-92.40979
IA,Buffalo,41.45639,-90.72333
IA,Buffalo Center,43.3732,-93.93756
IA,Burlington,40.80866,-91.11697
IA,Burnside,42.34132,-94.11425
IA,Burt,43.20617,-94.21223
IA,Bussey,41.20942,-92.89625
IA,Calamus,41.81112,-90.74155
IA,Callender,42.34937,-94.28196
IA,Calmar,43.1974,-91.91258
IA,Calumet,42.95327,-95.55487
IA,Camanche,41.78864,-90.27085
IA,Cambridge,41.90251,-93.53054
IA,Cantril,40.6546,-92.04652
IA,Carbon,41.05,-94.82306
IA,Carlisle,41.48138,-93.49214
IA,Carpenter,43.415,-93.01472
IA,Carroll,42.07197,-94.86666
IA,Carson,41.22528,-95.36809
IA,Carter Lake,41.29252,-95.91406
IA,Cascade,42.28696,-91.01439
IA,Casey,41.49612,-94.41447
IA,Castalia,43.16118,-91.6629
IA,Castana,42.1054,-95.94312
IA,Cedar,41.21205,-92.50902
IA,Cedar Falls,42.52407,-92.44973
IA,Cedar Rapids,41.9743,-91.65538
IA,Center Junction,42.09258,-91.06701
IA,Center Point,42.18984,-91.77576
IA,Centerville,40.73259,-92.87283
IA,Central City,42.19823,-91.4914
IA,Chapin,42.83361,-93.22194
IA,Chariton,41.02264,-93.30419
IA,Charles City,43.06833,-92.67606
IA,Charlotte,41.97786,-90.47823
IA,Charter Oak,42.07073,-95.59924
IA,Chatsworth,42.91611,-96.51611
IA,Chelsea,41.91313,-92.40781
IA,Cherokee,42.74819,-95.55684
IA,Chester,43.47302,-92.41553
IA,Chillicothe,41.07704,-92.53276
IA,Churdan,42.1614,-94.49335
IA,Cincinnati,40.63438,-92.9219
IA,Clare,42.5954,-94.30803
IA,Clarence,41.88958,-91.06046
IA,Clarinda,40.74908,-95.03798
IA,Clarion,42.72715,-93.72772
IA,Clarksville,42.80408,-92.65883
IA,Clear Lake,43.14061,-93.38498
IA,Clearfield,40.79353,-94.49444
IA,Cleghorn,42.80859,-95.71244
IA,Clemons,42.09004,-93.16878
IA,Clermont,43.01298,-91.65518
IA,Climbing Hill,42.34167,-96.0775
IA,Clinton,41.85168,-90.20778
IA,Clio,40.68026,-93.48644
IA,Clive,41.60673,-93.74575
IA,Clutier,42.07889,-92.37635
IA,Coggon,42.27916,-91.54129
IA,Coin,40.66859,-95.22165
IA,Colesburg,42.63835,-91.19628
IA,Colfax,41.67878,-93.25882
IA,College Springs,40.61711,-95.09972
IA,Collins,41.90323,-93.30081
IA,Colo,42.0131,-93.30711
IA,Columbia,41.18381,-93.15822
IA,Columbus City,41.25861,-91.37417
IA,Columbus Junction,41.27991,-91.3742
IA,Colwell,43.15583,-92.59389
IA,Conesville,41.38045,-91.3465
IA,Conrad,42.23419,-92.88653
IA,Conroy,41.74255,-91.96948
IA,Coon Rapids,41.89396,-94.67998
IA,Cooper,41.90343,-94.33907
IA,Coralville,41.69367,-91.59061
IA,Corning,40.98712,-94.73579
IA,Correctionville,42.47432,-95.78038
IA,Corwith,42.99274,-93.9323
IA,Corydon,40.76131,-93.32255
IA,Coulter,42.73722,-93.36972
IA,Council Bluffs,41.25295,-95.88099
IA,Crawfordsville,41.20926,-91.54144
IA,Crescent,41.36438,-95.82765
IA,Cresco,43.36301,-92.12595
IA,Creston,41.06238,-94.36915
IA,Cromwell,41.03944,-94.46167
IA,Crystal Lake,43.21869,-93.79417
IA,Cumberland,41.26317,-94.87101
IA,Cumming,41.48488,-93.75386
IA,Curlew,42.96332,-94.79753
IA,Cushing,42.46418,-95.67748
IA,Cylinder,43.15072,-94.51067
IA,Dakota City,42.72,-94.2
IA,Dallas,41.22133,-93.25352
IA,Dallas Center,41.68625,-93.97066
IA,Dana,42.10634,-94.23221
IA,Danbury,42.26934,-95.72626
IA,Danville,40.85405,-91.31403
IA,Davenport,41.5218,-90.5743
IA,Davis City,40.63208,-93.80702
IA,Dawson,41.8324,-94.21713
IA,Dayton,42.25944,-94.06105
IA,De Soto,41.53328,-94.02758
IA,De Witt,41.82673,-90.52374
IA,Decatur,40.75526,-93.8326
IA,Decorah,43.32271,-91.79395
IA,Dedham,41.90554,-94.8149
IA,Deep River,41.57171,-92.36451
IA,Defiance,41.82706,-95.34029
IA,Delaware,42.47771,-91.34718
IA,Delhi,42.42708,-91.27023
IA,Delmar,41.99607,-90.60871
IA,Deloit,42.0859,-95.28634
IA,Delta,41.31668,-92.33591
IA,Denison,42.01963,-95.36357
IA,Denmark,40.74869,-91.32659
IA,Denver,42.67314,-92.3417
IA,Derby,40.93548,-93.47959
IA,Des Moines,41.6005,-93.6088
IA,Dewar,42.52556,-92.21889
IA,Dexter,41.51981,-94.2145
IA,Diagonal,40.82264,-94.35516
IA,Dickens,43.15484,-94.98538
IA,Dike,42.47301,-92.61215
IA,Dixon,41.73501,-90.77833
IA,Dolliver,43.46638,-94.62424
IA,Donahue,41.70932,-90.68291
IA,Donnellson,40.66117,-91.57455
IA,Doon,43.28718,-96.20199
IA,Dorchester,43.44214,-91.50765
IA,Douds,40.80393,-92.04522
IA,Dougherty,42.94163,-93.06859
IA,Dow City,41.91343,-95.4862
IA,Dows,42.66103,-93.5058
IA,Drakesville,40.82533,-92.50511
IA,Dubuque,42.51498,-90.68191
IA,Dumont,42.73677,-92.96735
IA,Duncombe,42.4493,-94.05921
IA,Dundee,42.59398,-91.5477
IA,Dunkerton,42.57803,-92.15883
IA,Dunlap,41.8423,-95.61571
IA,Durango,42.55256,-90.86079
IA,Durant,41.61451,-90.90999
IA,Dyersville,42.48333,-91.11826
IA,Dysart,42.16902,-92.31873
IA,Eagle Grove,42.66087,-93.90487
IA,Earlham,41.47092,-94.12944
IA,Earling,41.79248,-95.42105
IA,Earlville,42.5001,-91.25966
IA,Early,42.44826,-95.17257
IA,Eddyville,41.15327,-92.62205
IA,Edgewood,42.6541,-91.39495
IA,Elberon,42.00877,-92.33145
IA,Eldon,40.92613,-92.22675
IA,Eldora,42.35716,-93.1037
IA,Eldridge,41.66353,-90.56338
IA,Elgin,42.95484,-91.64538
IA,Elk Horn,41.58287,-95.07001
IA,Elkader,42.84963,-91.41431
IA,Elkhart,41.81138,-93.48546
IA,Elkport,42.73989,-91.28393
IA,Elliott,41.13062,-95.16024
IA,Ellston,40.85048,-94.08412
IA,Ellsworth,42.30086,-93.54898
IA,Elma,43.27855,-92.39807
IA,Ely,41.89428,-91.57377
IA,Emerson,41.02844,-95.41062
IA,Emmetsburg,43.10825,-94.68255
IA,Epworth,42.44393,-90.93133
IA,Essex,40.84036,-95.28878
IA,Estherville,43.40171,-94.818
IA,Evansdale,42.47545,-92.28116
IA,Everly,43.16092,-95.32278
IA,Exira,41.57677,-94.85715
IA,Exline,40.6414,-92.827
IA,Fairbank,42.61624,-92.03259
IA,Fairfax,41.9153,-91.7801
IA,Fairfield,41.00394,-91.95761
IA,Farley,42.44506,-91.00827
IA,Farmersburg,42.9522,-91.33898
IA,Farmington,40.63972,-91.74472
IA,Farnhamville,42.26923,-94.42262
IA,Farragut,40.72997,-95.4555
IA,Fayette,42.84941,-91.81389
IA,Fenton,43.24205,-94.40437
IA,Ferguson,41.93694,-92.86556
IA,Fertile,43.27951,-93.43448
IA,Floris,40.85907,-92.32471
IA,Floyd,43.14305,-92.72399
IA,Fonda,42.60515,-94.82974
IA,Fontanelle,41.28957,-94.5419
IA,Forest City,43.26918,-93.63559
IA,Fort Atkinson,43.13393,-91.91336
IA,Fort Dodge,42.50882,-94.18074
IA,Fort Madison,40.63301,-91.33983
IA,Fostoria,43.22586,-95.18504
IA,Fredericksburg,42.9593,-92.19833
IA,Frederika,42.88167,-92.30806
IA,Fremont,41.21174,-92.43619
IA,Fruitland,41.35611,-91.12917
IA,Galt,42.69119,-93.60351
IA,Galva,42.51051,-95.42984
IA,Garber,42.74528,-91.25928
IA,Garden City,42.25266,-93.40307
IA,Garden Grove,40.77108,-93.61167
IA,Garnavillo,42.87619,-91.21561
IA,Garner,43.1144,-93.59439
IA,Garrison,42.15883,-92.16441
IA,Garwin,42.08723,-92.68935
IA,Geneva,42.68044,-93.10379
IA,George,43.3439,-95.98938
IA,Gibson,41.46421,-92.35312
IA,Gifford,42.28833,-93.09028
IA,Gilbert,42.10694,-93.64944
IA,Gilbertville,42.41611,-92.21472
IA,Gillett Grove,43.01583,-95.03722
IA,Gilman,41.90124,-92.81007
IA,Gilmore City,42.70669,-94.41082
IA,Gladbrook,42.17743,-92.71411
IA,Glenwood,41.04701,-95.73892
IA,Glidden,42.06182,-94.71478
IA,Goldfield,42.75805,-93.91943
IA,Goodell,42.9383,-93.58243
IA,Goose Lake,41.9799,-90.38186
IA,Gowrie,42.27671,-94.29867
IA,Graettinger,43.22773,-94.7334
IA,Grafton,43.31102,-93.07972
IA,Grand Junction,42.02958,-94.23363
IA,Grand Mound,41.82356,-90.63288
IA,Grand River,40.8137,-93.95437
IA,Grandview,41.27583,-91.18833
IA,Granger,41.75236,-93.841
IA,Grant,41.1258,-94.98455
IA,Granville,42.96925,-95.89717
IA,Gravity,40.79091,-94.7506
IA,Gray,41.82663,-95.02272
IA,Greeley,42.59389,-91.32332
IA,Greene,42.91604,-92.75832
IA,Greenfield,41.31331,-94.44076
IA,Greenville,43.03335,-95.05818
IA,Grimes,41.70184,-93.78211
IA,Grinnell,41.74208,-92.73443
IA,Griswold,41.22384,-95.09899
IA,Grundy Center,42.3672,-92.77734
IA,Gruver,43.39333,-94.705
IA,Guernsey,41.64861,-92.3425
IA,Guthrie Center,41.68367,-94.48644
IA,Guttenberg,42.75944,-91.11902
IA,Halbur,41.99736,-94.93586
IA,Hamburg,40.6149,-95.62579
IA,Hamilton,41.17554,-92.92435
IA,Hamlin,41.65057,-94.91575
IA,Hampton,42.74053,-93.21095
IA,Hancock,41.38324,-95.34453
IA,Hanlontown,43.30723,-93.33507
IA,Harcourt,42.25305,-94.19609
IA,Hardy,42.78225,-94.03085
IA,Harlan,41.64375,-95.3111
IA,Harper,41.37283,-92.03876
IA,Harpers Ferry,43.16977,-91.21882
IA,Harris,43.45679,-95.4426
IA,Hartford,41.45963,-93.40221
IA,Hartley,43.17998,-95.4817
IA,Hartwick,41.80802,-92.35385
IA,Harvey,41.30297,-92.93184
IA,Hastings,40.96051,-95.5531
IA,Havelock,42.84109,-94.72523
IA,Haverhill,41.93196,-92.94586
IA,Hawarden,43.00133,-96.47299
IA,Hawkeye,42.9487,-91.95776
IA,Hayesville,41.26444,-92.24889
IA,Hazleton,42.60756,-91.91046
IA,Hedrick,41.18258,-92.30973
IA,Henderson,41.12543,-95.45863
IA,Hiawatha,42.04245,-91.67696
IA,Highlandville,43.44222,-91.66833
IA,Hills,41.55417,-91.53472
IA,Hillsboro,40.83721,-91.71194
IA,Hinton,42.60405,-96.30503
IA,Holland,42.40114,-92.79988
IA,Holstein,42.49478,-95.56497
IA,Holy Cross,42.58078,-90.97299
IA,Homestead,41.73386,-91.87947
IA,Honey Creek,41.46305,-95.8802
IA,Hopkinton,42.34216,-91.24605
IA,Hornick,42.28974,-96.07955
IA,Hospers,43.07934,-95.91417
IA,Houghton,40.775,-91.6393
IA,Hubbard,42.30221,-93.29393
IA,Hudson,42.3905,-92.45487
IA,Hull,43.1952,-96.13925
IA,Humboldt,42.71957,-94.21318
IA,Humeston,40.84692,-93.51012
IA,Huxley,41.89943,-93.60238
IA,Ida Grove,42.34003,-95.46449
IA,Imogene,40.86314,-95.4358
IA,Independence,42.46744,-91.88034
IA,Indianola,41.35617,-93.5715
IA,Inwood,43.30475,-96.43629
IA,Ionia,43.04025,-92.48652
IA,Iowa City,41.6549,-91.51119
IA,Iowa Falls,42.51376,-93.27094
IA,Ira,41.73176,-93.16444
IA,Ireton,42.96657,-96.32323
IA,Irwin,41.79409,-95.19584
IA,Jamaica,41.84193,-94.32037
IA,Janesville,42.64652,-92.4791
IA,Jefferson,42.00932,-94.38877
IA,Jesup,42.48233,-92.04563
IA,Jewell,42.31391,-93.64282
IA,Johnston,41.67302,-93.70279
IA,Joice,43.37611,-93.44535
IA,Jolley,42.50778,-94.74234
IA,Kalona,41.4823,-91.70568
IA,Kamrar,42.39452,-93.72794
IA,Kanawha,42.94338,-93.7728
IA,Kellerton,40.68613,-94.06069
IA,Kelley,41.94877,-93.66435
IA,Kellogg,41.71837,-92.9114
IA,Kensett,43.37391,-93.1728
IA,Keokuk,40.40943,-91.39823
IA,Keosauqua,40.74235,-91.97043
IA,Keota,41.35043,-91.96406
IA,Kesley,42.68572,-92.85345
IA,Keswick,41.46125,-92.23955
IA,Keystone,42.01564,-92.21794
IA,Killduff,41.60806,-92.90444
IA,Kimballton,41.63521,-95.05532
IA,Kingsley,42.61906,-95.97615
IA,Kirkman,41.73076,-95.26708
IA,Kirkville,41.11793,-92.46989
IA,Kiron,42.17936,-95.31146
IA,Klemme,43.01364,-93.58794
IA,Knierim,42.43194,-94.45315
IA,Knoxville,41.31645,-93.09543
IA,La Motte,42.30445,-90.61767
IA,La Porte City,42.34162,-92.18615
IA,Lacona,41.19883,-93.3838
IA,Ladora,41.75635,-92.18728
IA,Lake City,42.27049,-94.74579
IA,Lake Mills,43.4167,-93.53363
IA,Lake Park,43.44524,-95.3216
IA,Lake View,42.31537,-95.04856
IA,Lakota,43.39528,-94.07055
IA,Lamoni,40.62285,-93.9349
IA,Lamont,42.59455,-91.67008
IA,Lanesboro,42.17469,-94.69027
IA,Langworthy,42.19111,-91.22389
IA,Lansing,43.36613,-91.26598
IA,Larchwood,43.43867,-96.42522
IA,Larrabee,42.86276,-95.58123
IA,Latimer,42.75978,-93.3518
IA,Laurel,41.8829,-92.92629
IA,Laurens,42.84094,-94.85082
IA,Lawler,43.09325,-92.14397
IA,Lawton,42.50475,-96.21893
IA,Le Claire,41.60823,-90.36279
IA,Le Grand,42.00694,-92.77528
IA,Le Mars,42.79623,-96.17039
IA,Ledyard,43.43457,-94.15028
IA,Lehigh,42.35265,-94.03416
IA,Leighton,41.36468,-92.80813
IA,Leland,43.30704,-93.7515
IA,Lenox,40.8841,-94.56117
IA,Leon,40.73733,-93.7429
IA,Lester,43.44472,-96.33278
IA,Letts,41.29303,-91.20399
IA,Lewis,41.29629,-95.06202
IA,Liberty Center,41.20767,-93.49739
IA,Libertyville,40.94986,-92.02495
IA,Lidderdale,42.15281,-94.79535
IA,Lime Springs,43.45563,-92.27332
IA,Lincoln,42.25606,-92.70469
IA,Linden,41.64225,-94.24058
IA,Lineville,40.60037,-93.48621
IA,Linn Grove,42.87423,-95.25125
IA,Lisbon,41.92117,-91.38614
IA,Liscomb,42.184,-92.98328
IA,Little Cedar,43.39186,-92.73438
IA,Little Rock,43.44957,-95.89262
IA,Little Sioux,41.80827,-96.03136
IA,Livermore,42.8666,-94.17472
IA,Lockridge,41.01187,-91.76454
IA,Logan,41.62434,-95.75248
IA,Lohrville,42.26192,-94.55661
IA,Lone Rock,43.16665,-94.35858
IA,Lone Tree,41.4988,-91.43626
IA,Long Grove,41.72133,-90.55344
IA,Lorimor,41.1233,-94.06388
IA,Lost Nation,41.9745,-90.82654
IA,Lovilia,41.12719,-92.92927
IA,Low Moor,41.80167,-90.35472
IA,Lowden,41.85939,-90.93822
IA,Lu Verne,42.98684,-94.09591
IA,Luana,43.04928,-91.45828
IA,Lucas,41.05845,-93.48361
IA,Luther,41.99193,-93.85539
IA,Luxemburg,42.60278,-91.07389
IA,Luzerne,41.90614,-92.17933
IA,Lynnville,41.56977,-92.78772
IA,Lytton,42.43037,-94.81399
IA,Macedonia,41.19163,-95.43139
IA,Macksburg,41.20279,-94.18567
IA,Madrid,41.88408,-93.84481
IA,Magnolia,41.70818,-95.85496
IA,Malcom,41.7695,-92.53543
IA,Mallard,42.94167,-94.67461
IA,Malvern,41.00738,-95.58399
IA,Manchester,42.48342,-91.449
IA,Manilla,41.89223,-95.23913
IA,Manly,43.28912,-93.2018
IA,Manning,41.90725,-95.05562
IA,Manson,42.5285,-94.53039
IA,Mapleton,42.15852,-95.79093
IA,Maquoketa,42.07782,-90.67708
IA,Marathon,42.86123,-94.98355
IA,Marble Rock,42.96455,-92.89168
IA,Marcus,42.81996,-95.80343
IA,Marengo,41.78629,-92.07205
IA,Marion,42.04109,-91.59413
IA,Marne,41.45468,-95.09731
IA,Marquette,43.05046,-91.19214
IA,Marshalltown,42.04048,-92.91269
IA,Martelle,42.00351,-91.3217
IA,Martensdale,41.37306,-93.73556
IA,Martinsburg,41.17889,-92.25167
IA,Mason City,43.14987,-93.19538
IA,Masonville,42.50461,-91.55058
IA,Massena,41.24987,-94.76487
IA,Matlock,43.24389,-95.935
IA,Maurice,42.96265,-96.16553
IA,Maxwell,41.89673,-93.40013
IA,Maynard,42.77516,-91.89077
IA,Mc Callsburg,42.16647,-93.39776
IA,Mc Causland,41.745,-90.44444
IA,Mc Clelland,41.29317,-95.68128
IA,Mc Gregor,43.02372,-91.18872
IA,Mc Intire,43.44999,-92.60485
IA,Mechanicsville,41.90391,-91.27637
IA,Mediapolis,41.00593,-91.13214
IA,Melbourne,41.93235,-93.08563
IA,Melcher,41.22291,-93.2194
IA,Melrose,40.96647,-93.01451
IA,Melvin,43.2845,-95.59295
IA,Menlo,41.5348,-94.409
IA,Meriden,42.78742,-95.6408
IA,Merrill,42.70474,-96.22832
IA,Meservey,42.9137,-93.4773
IA,Middle Amana,41.79974,-91.8827
IA,Middletown,40.82963,-91.26311
IA,Miles,42.10059,-90.33672
IA,Milford,43.31964,-95.16153
IA,Millersburg,41.5751,-92.16084
IA,Millerton,40.85489,-93.27959
IA,Milo,41.29042,-93.44536
IA,Milton,40.67214,-92.14379
IA,Minburn,41.75621,-94.01501
IA,Minden,41.46536,-95.55189
IA,Mineola,41.11017,-95.7557
IA,Mingo,41.78984,-93.28802
IA,Missouri Valley,41.5644,-95.89135
IA,Mitchellville,41.66089,-93.36995
IA,Modale,41.63714,-95.98522
IA,Mondamin,41.70888,-96.0072
IA,Monmouth,42.07716,-90.87855
IA,Monona,43.07348,-91.45868
IA,Monroe,41.53562,-93.07255
IA,Montezuma,41.59284,-92.52758
IA,Monticello,42.23259,-91.1989
IA,Montour,41.97088,-92.70058
IA,Montpelier,41.45917,-90.80694
IA,Montrose,40.51391,-91.42399
IA,Moorhead,41.9186,-95.82903
IA,Moorland,42.434,-94.31989
IA,Moravia,40.88252,-92.85336
IA,Morley,42.00611,-91.24611
IA,Morning Sun,41.09842,-91.25815
IA,Morrison,42.34417,-92.67361
IA,Moscow,41.56456,-91.08589
IA,Moulton,40.68662,-92.68325
IA,Mount Auburn,42.2554,-92.15949
IA,Mount Ayr,40.7142,-94.23215
IA,Mount Pleasant,40.96457,-91.56143
IA,Mount Sterling,40.64576,-91.90266
IA,Mount Union,41.03735,-91.41383
IA,Mount Vernon,41.92874,-91.42737
IA,Moville,42.48192,-96.06558
IA,Murray,41.03764,-93.95297
IA,Muscatine,41.43038,-91.05093
IA,Mystic,40.78827,-92.92844
IA,Nashua,42.95285,-92.52984
IA,Nemaha,42.51803,-95.09391
IA,Neola,41.45638,-95.67936
IA,Nevada,42.01898,-93.44622
IA,New Albin,43.48988,-91.29417
IA,New Hampton,43.05602,-92.31314
IA,New Hartford,42.58313,-92.61636
IA,New Liberty,41.71323,-90.85992
IA,New London,40.91606,-91.39859
IA,New Market,40.74217,-94.89166
IA,New Providence,42.26926,-93.17526
IA,New Sharon,41.46398,-92.68482
IA,New Vienna,42.56783,-91.09764
IA,New Virginia,41.16006,-93.71131
IA,Newell,42.6157,-94.99459
IA,Newhall,41.99269,-91.97789
IA,Newton,41.69917,-93.04546
IA,Nichols,41.47663,-91.29312
IA,Nodaway,40.95403,-94.87309
IA,Nora Springs,43.14786,-93.00022
IA,North Buena Vista,42.6711,-90.95877
IA,North English,41.52413,-92.08929
IA,North Liberty,41.74432,-91.60612
IA,North Washington,43.05917,-92.3175
IA,Northboro,40.61274,-95.30959
IA,Northwood,43.4506,-93.24194
IA,Norwalk,41.48606,-93.65733
IA,Norway,41.89918,-91.89197
IA,Oakdale,41.70639,-91.60278
IA,Oakland,41.31196,-95.37903
IA,Oakville,41.10033,-91.04392
IA,Ocheyedan,43.39105,-95.52037
IA,Odebolt,42.30951,-95.25005
IA,Oelwein,42.68109,-91.91308
IA,Ogden,42.03511,-94.00633
IA,Okoboji,43.37938,-95.15303
IA,Olds,41.12065,-91.54841
IA,Olin,41.99542,-91.14093
IA,Ollie,41.20013,-92.13537
IA,Onawa,42.03697,-96.10721
IA,Onslow,42.12351,-90.97305
IA,Oran,42.70139,-92.07444
IA,Orange City,43.01849,-96.05646
IA,Orchard,43.23546,-92.71998
IA,Orient,41.21919,-94.3705
IA,Osage,43.28722,-92.81436
IA,Osceola,41.0295,-93.77124
IA,Oskaloosa,41.2942,-92.64393
IA,Ossian,43.13786,-91.77343
IA,Otho,42.43283,-94.17078
IA,Otley,41.45181,-93.03478
IA,Oto,42.26459,-95.86158
IA,Ottosen,42.87644,-94.37865
IA,Ottumwa,41.0151,-92.41343
IA,Oxford,41.65069,-91.77242
IA,Oxford Junction,41.98538,-90.95434
IA,Oyens,42.82028,-96.0575
IA,Pacific Junction,41.02712,-95.80464
IA,Packwood,41.12278,-92.06639
IA,Palmer,42.64187,-94.54315
IA,Palo,42.0365,-91.7877
IA,Panama,41.72881,-95.48705
IA,Panora,41.69668,-94.36061
IA,Parkersburg,42.57138,-92.76876
IA,Parnell,41.57016,-92.00516
IA,Paton,42.16584,-94.27304
IA,Patterson,41.35391,-93.87817
IA,Paullina,42.97028,-95.70832
IA,Pella,41.40817,-92.91721
IA,Peosta,42.44353,-90.80937
IA,Percival,40.74015,-95.80931
IA,Perry,41.83969,-94.10217
IA,Persia,41.56473,-95.56577
IA,Peru,41.21454,-93.94373
IA,Peterson,42.93279,-95.33766
IA,Pierson,42.53349,-95.89219
IA,Pilot Grove,40.76278,-91.53667
IA,Pilot Mound,42.1604,-94.01018
IA,Pisgah,41.82138,-95.91917
IA,Plainfield,42.85027,-92.51156
IA,Plano,40.77511,-93.03855
IA,Pleasant Valley,41.56972,-90.42306
IA,Pleasantville,41.37384,-93.27121
IA,Plover,42.86911,-94.62251
IA,Plymouth,43.24605,-93.12263
IA,Pocahontas,42.7296,-94.67368
IA,Polk City,41.75491,-93.68935
IA,Pomeroy,42.53256,-94.66376
IA,Popejoy,42.59563,-93.43087
IA,Portsmouth,41.64838,-95.51075
IA,Postville,43.00362,-91.54781
IA,Prairie City,41.58543,-93.24099
IA,Prairieburg,42.23833,-91.42222
IA,Prescott,41.02485,-94.5249
IA,Preston,42.05385,-90.39538
IA,Primghar,43.07589,-95.6533
IA,Princeton,41.68575,-90.37057
IA,Prole,41.38297,-93.73436
IA,Promise City,40.75848,-93.15265
IA,Protivin,43.21611,-92.09083
IA,Pulaski,40.69408,-92.25797
IA,Quasqueton,42.39555,-91.76795
IA,Quimby,42.62871,-95.68117
IA,Radcliffe,42.32406,-93.42336
IA,Rake,43.47666,-93.91713
IA,Ralston,42.07565,-94.56978
IA,Randalia,42.86255,-91.88463
IA,Randall,42.24746,-93.62109
IA,Randolph,40.87035,-95.56239
IA,Raymond,42.46717,-92.21625
IA,Readlyn,42.69287,-92.21543
IA,Reasnor,41.5798,-93.01983
IA,Red Oak,41.00795,-95.22692
IA,Redding,40.60531,-94.35945
IA,Redfield,41.58735,-94.18973
IA,Reinbeck,42.31308,-92.59484
IA,Rembrandt,42.82603,-95.16518
IA,Remsen,42.8149,-95.95438
IA,Renwick,42.84913,-94.00744
IA,Rhodes,41.91772,-93.17959
IA,Riceville,43.3719,-92.55537
IA,Richland,41.19391,-91.97392
IA,Ricketts,42.15406,-95.59955
IA,Ridgeway,43.29785,-92.00341
IA,Ringsted,43.29765,-94.52914
IA,Rippey,41.92574,-94.2132
IA,Riverside,41.47579,-91.57414
IA,Riverton,40.68697,-95.5578
IA,Robins,42.07309,-91.66484
IA,Rock Falls,43.19801,-93.0764
IA,Rock Rapids,43.42719,-96.17806
IA,Rock Valley,43.20136,-96.31034
IA,Rockford,43.05733,-92.95203
IA,Rockwell,43.00317,-93.21674
IA,Rockwell City,42.39613,-94.62922
IA,Rodney,42.20154,-95.95346
IA,Roland,42.16459,-93.50631
IA,Rolfe,42.80823,-94.51659
IA,Rome,40.98139,-91.68222
IA,Rose Hill,41.33092,-92.47196
IA,Rowan,42.75964,-93.55697
IA,Rowley,42.34345,-91.78754
IA,Royal,43.04875,-95.26786
IA,Rudd,43.14196,-92.88855
IA,Runnells,41.55155,-93.42025
IA,Russell,40.94556,-93.17837
IA,Ruthven,43.14484,-94.88421
IA,Rutland,42.76349,-94.27188
IA,Ryan,42.34364,-91.48484
IA,Sabula,42.07367,-90.19553
IA,Sac City,42.42621,-94.97955
IA,Saint Ansgar,43.40611,-92.92352
IA,Saint Anthony,42.15197,-93.18243
IA,Saint Charles,41.29244,-93.8242
IA,Saint Donatus,42.33119,-90.48451
IA,Saint Lucas,43.0477,-91.91156
IA,Saint Marys,41.29783,-93.73611
IA,Saint Olaf,42.94818,-91.41755
IA,Saint Paul,40.76931,-91.53754
IA,Salem,40.8568,-91.63362
IA,Salix,42.33055,-96.28791
IA,Sanborn,43.189,-95.66223
IA,Scarville,43.46729,-93.64233
IA,Schaller,42.5055,-95.28459
IA,Schleswig,42.16459,-95.44431
IA,Scranton,42.01238,-94.55176
IA,Searsboro,41.56561,-92.69874
IA,Selma,40.85194,-92.11067
IA,Sergeant Bluff,42.4019,-96.35339
IA,Seymour,40.67242,-93.13683
IA,Shambaugh,40.67574,-95.06359
IA,Shannon City,40.93664,-94.25011
IA,Sharpsburg,40.79504,-94.64163
IA,Sheffield,42.87788,-93.21558
IA,Shelby,41.5339,-95.44689
IA,Sheldahl,41.86444,-93.69694
IA,Sheldon,43.1808,-95.84014
IA,Shell Rock,42.70611,-92.58878
IA,Shellsburg,42.08483,-91.87457
IA,Shenandoah,40.75809,-95.3648
IA,Sherrill,42.61708,-90.81149
IA,Sibley,43.40693,-95.7424
IA,Sidney,40.75067,-95.64027
IA,Sigourney,41.33007,-92.20189
IA,Silver City,41.11302,-95.62691
IA,Sioux Center,43.08142,-96.17995
IA,Sioux City,42.49722,-96.40292
IA,Sioux Rapids,42.90647,-95.13884
IA,Slater,41.87651,-93.68116
IA,Sloan,42.24273,-96.23063
IA,Smithland,42.24079,-95.94865
IA,Soldier,41.99419,-95.78253
IA,Solon,41.80991,-91.50861
IA,Somers,42.35607,-94.44639
IA,South Amana,41.75761,-91.92626
IA,South English,41.46214,-92.10256
IA,Spencer,43.14511,-95.14569
IA,Sperry,40.94194,-91.18505
IA,Spillville,43.205,-91.95083
IA,Spirit Lake,43.42621,-95.11234
IA,Spragueville,42.07274,-90.47304
IA,Springbrook,42.1674,-90.48464
IA,Springville,42.06074,-91.43935
IA,Stacyville,43.44569,-92.76103
IA,Stanhope,42.29041,-93.77508
IA,Stanley,42.63562,-91.81267
IA,Stanton,40.98592,-95.09876
IA,Stanwood,41.89632,-91.1662
IA,State Center,42.01091,-93.16728
IA,Steamboat Rock,42.41784,-93.06291
IA,Stockport,40.85893,-91.8035
IA,Stockton,41.55833,-90.84733
IA,Storm Lake,42.64738,-95.19608
IA,Story City,42.18349,-93.59881
IA,Stout,42.5,-92.71167
IA,Stratford,42.28467,-93.90294
IA,Strawberry Point,42.68323,-91.54093
IA,Stuart,41.51864,-94.30456
IA,Sully,41.57397,-92.84508
IA,Sumner,42.84193,-92.11856
IA,Superior,43.45032,-94.96493
IA,Sutherland,42.98262,-95.48067
IA,Swaledale,42.96217,-93.31153
IA,Swan,41.4717,-93.23417
IA,Swea City,43.40223,-94.31932
IA,Swedesburg,41.10528,-91.54694
IA,Swisher,41.82684,-91.67392
IA,Tabor,40.90045,-95.67289
IA,Tama,41.96164,-92.58005
IA,Teeds Grove,42.01167,-90.2475
IA,Templeton,41.91208,-94.93201
IA,Terril,43.32407,-94.97373
IA,Thayer,41.00293,-94.06864
IA,Thompson,43.3875,-93.75167
IA,Thor,42.68892,-94.03896
IA,Thornburg,41.45472,-92.33556
IA,Thornton,42.9684,-93.40879
IA,Thurman,40.84241,-95.76054
IA,Tiffin,41.70583,-91.66278
IA,Tingley,40.8516,-94.19082
IA,Tipton,41.75628,-91.13616
IA,Titonka,43.24561,-94.03666
IA,Toddville,42.10393,-91.72898
IA,Toeterville,43.44222,-92.89028
IA,Toledo,42.0077,-92.56621
IA,Tracy,41.27556,-92.87534
IA,Traer,42.18469,-92.48268
IA,Treynor,41.22068,-95.61704
IA,Tripoli,42.81054,-92.26593
IA,Troy Mills,42.29,-91.68222
IA,Truesdale,42.72917,-95.1825
IA,Truro,41.20762,-93.84098
IA,Udell,40.78357,-92.71851
IA,Underwood,41.36029,-95.627
IA,Union,42.25207,-93.05619
IA,Unionville,40.84164,-92.69345
IA,University Park,41.28694,-92.61833
IA,Urbana,42.22417,-91.87417
IA,Urbandale,41.62948,-93.72304
IA,Ute,42.05808,-95.71254
IA,Vail,42.03377,-95.17777
IA,Van Horne,42.01939,-92.10462
IA,Van Meter,41.53941,-93.95303
IA,Van Wert,40.86445,-93.80733
IA,Varina,42.65806,-94.8975
IA,Ventura,43.12618,-93.4706
IA,Victor,41.729,-92.28417
IA,Villisca,40.94372,-94.97959
IA,Vincent,42.56229,-94.03353
IA,Vining,41.97988,-92.36969
IA,Vinton,42.17428,-91.98915
IA,Viola,42.09083,-91.385
IA,Volga,42.79039,-91.54289
IA,Wadena,42.85496,-91.66387
IA,Walcott,41.64531,-90.7256
IA,Walford,41.87833,-91.83444
IA,Walker,42.27202,-91.73018
IA,Wall Lake,42.26525,-95.08516
IA,Wallingford,43.31216,-94.82057
IA,Walnut,41.46233,-95.21797
IA,Wapello,41.20698,-91.17192
IA,Washington,41.30145,-91.69867
IA,Washta,42.57811,-95.72954
IA,Waterloo,42.47778,-92.3661
IA,Waterville,43.26361,-91.26305
IA,Watkins,41.90399,-91.99647
IA,Waucoma,43.04333,-92.03022
IA,Waukee,41.59296,-93.85916
IA,Waukon,43.26395,-91.47999
IA,Waverly,42.73731,-92.4662
IA,Wayland,41.14492,-91.65895
IA,Webb,42.95019,-94.99512
IA,Webster,41.43641,-92.17652
IA,Webster City,42.46568,-93.82622
IA,Weldon,40.87391,-93.73874
IA,Wellman,41.47003,-91.83995
IA,Wellsburg,42.44942,-92.93976
IA,Welton,41.90747,-90.60679
IA,Wesley,43.09765,-94.00378
IA,West Bend,42.95741,-94.4564
IA,West Branch,41.67262,-91.3141
IA,West Burlington,40.83208,-91.17989
IA,West Chester,41.36102,-91.86186
IA,West Des Moines,41.58051,-93.74471
IA,West Grove,40.71965,-92.54985
IA,West Liberty,41.57006,-91.26685
IA,West Point,40.71499,-91.43973
IA,West Union,42.97323,-91.8036
IA,Westfield,42.69533,-96.49199
IA,Westgate,42.80545,-92.0183
IA,Westphalia,41.71801,-95.38698
IA,Westside,42.10844,-95.1273
IA,Wever,40.70665,-91.22677
IA,What Cheer,41.39528,-92.35479
IA,Wheatland,41.82585,-90.84015
IA,Whiting,42.15216,-96.18225
IA,Whittemore,43.02608,-94.4064
IA,Whitten,42.26083,-93.00528
IA,Williams,42.46138,-93.56774
IA,Williamsburg,41.63931,-92.02401
IA,Williamson,41.10203,-93.26593
IA,Wilton,41.5858,-91.00996
IA,Winfield,41.12569,-91.43789
IA,Winterset,41.33908,-94.00876
IA,Winthrop,42.49116,-91.73147
IA,Wiota,41.38455,-94.84051
IA,Woden,43.22256,-93.91093
IA,Woodbine,41.73727,-95.70078
IA,Woodburn,41.00001,-93.60828
IA,Woodward,41.84522,-93.90562
IA,Woolstock,42.58444,-93.82161
IA,Worthington,42.393,-91.10692
IA,Wyoming,42.06035,-90.99402
IA,Yale,41.77531,-94.35026
IA,Yarmouth,41.02969,-91.31755
IA,Yorktown,40.76924,-95.21634
IA,Zearing,42.15349,-93.29277
IA,Zwingle,42.27749,-90.75067
ID,Aberdeen,42.97672,-112.81812
ID,Ahsahka,46.51032,-116.37154
ID,Albion,42.41278,-113.57722
ID,Almo,42.10028,-113.63278
ID,American Falls,42.78988,-112.87071
ID,Arbon,42.50263,-112.55848
ID,Arco,43.63552,-113.31756
ID,Arimo,42.55995,-112.17465
ID,Ashton,43.98808,-111.61953
ID,Athol,47.92674,-116.73182
ID,Atlanta,43.56744,-115.35704
ID,Atomic City,43.445,-112.81194
ID,Avery,47.27143,-115.86601
ID,Bancroft,42.72046,-111.84294
ID,Banks,44.14915,-115.98374
ID,Basalt,43.31556,-112.16361
ID,Bayview,47.96535,-116.56875
ID,Bellevue,43.43969,-114.2498
ID,Bern,42.31914,-111.3926
ID,Blackfoot,43.19433,-112.36155
ID,Blanchard,48.02234,-116.99086
ID,Bliss,42.94486,-114.91039
ID,Bloomington,42.19194,-111.40056
ID,Boise,43.6136,-116.2025
ID,Boise,43.6154,-116.2161
ID,Bonners Ferry,48.73064,-116.33218
ID,Bovill,46.85889,-116.3925
ID,Bruneau,42.76006,-115.67726
ID,Buhl,42.60076,-114.78254
ID,Burley,42.52444,-113.79308
ID,Calder,47.27414,-116.22279
ID,Caldwell,43.66272,-116.70004
ID,Cambridge,44.59216,-116.67572
ID,Carey,43.27444,-113.89257
ID,Careywood,48.06249,-116.59876
ID,Carmen,45.25502,-113.85727
ID,Cascade,44.49327,-116.02768
ID,Castleford,42.52101,-114.87343
ID,Cataldo,47.55217,-116.44314
ID,Challis,44.49691,-114.19463
ID,Chester,43.99944,-111.56917
ID,Clark Fork,48.14046,-116.16987
ID,Clarkia,47.04448,-116.27741
ID,Clayton,44.27329,-114.41019
ID,Clifton,42.21597,-111.99574
ID,Cobalt,45.00417,-114.33333
ID,Cocolalla,48.12483,-116.65705
ID,Coeur D Alene,47.69284,-116.78498
ID,Colburn,48.39722,-116.53417
ID,Conda,42.71713,-111.54023
ID,Coolin,48.52275,-116.84082
ID,Corral,43.30713,-115.00871
ID,Cottonwood,46.04479,-116.37331
ID,Council,44.76275,-116.45183
ID,Craigmont,46.24529,-116.46765
ID,Culdesac,46.37801,-116.65358
ID,Dayton,42.11836,-111.98584
ID,Deary,46.80606,-116.52378
ID,Declo,42.52401,-113.64479
ID,Desmet,47.12595,-116.89375
ID,Dietrich,42.91254,-114.26641
ID,Dingle,42.21944,-111.26722
ID,Donnelly,44.74937,-116.08578
ID,Dover,48.25167,-116.61
ID,Downey,42.41813,-112.10902
ID,Driggs,43.72629,-111.1199
ID,Dubois,44.18577,-112.32585
ID,Eagle,43.70688,-116.36197
ID,Eastport,48.99944,-116.18028
ID,Eden,42.58037,-114.16276
ID,Elk City,45.8889,-115.35916
ID,Elk River,46.78297,-116.17994
ID,Ellis,44.87883,-114.00159
ID,Emmett,43.87915,-116.51146
ID,Fairfield,43.3675,-114.79085
ID,Felt,43.87241,-111.1895
ID,Fenn,45.92667,-116.12139
ID,Ferdinand,46.13488,-116.39817
ID,Fernwood,47.11603,-116.38313
ID,Filer,42.56527,-114.61405
ID,Firth,43.30207,-112.15882
ID,Fish Haven,42.04593,-111.46332
ID,Fort Hall,42.98872,-112.45985
ID,Franklin,42.03039,-111.82286
ID,Fruitland,44.00266,-116.91426
ID,Garden City,43.64304,-116.26575
ID,Garden Valley,44.09093,-115.82431
ID,Genesee,46.57139,-116.92899
ID,Geneva,42.31359,-111.07219
ID,Georgetown,42.47333,-111.39694
ID,Gibbonsville,45.48461,-113.95647
ID,Glenns Ferry,42.9622,-115.31597
ID,Gooding,42.93735,-114.71197
ID,Grace,42.54998,-111.73998
ID,Grand View,42.8101,-116.08187
ID,Grangeville,45.92724,-116.10764
ID,Greencreek,46.11552,-116.27239
ID,Greenleaf,43.67139,-116.81528
ID,Hagerman,42.81421,-114.88697
ID,Hailey,43.52386,-114.3064
ID,Hamer,43.93075,-112.18719
ID,Hammett,42.98175,-115.56584
ID,Hansen,42.5249,-114.29936
ID,Harrison,47.50169,-116.74461
ID,Harvard,46.93765,-116.70252
ID,Hayden,47.77385,-116.77682
ID,Hazelton,42.59546,-114.13498
ID,Heyburn,42.55992,-113.77089
ID,Hill City,43.30056,-115.05028
ID,Holbrook,42.22215,-112.6934
ID,Homedale,43.61384,-116.94723
ID,Hope,48.2444,-116.2795
ID,Horseshoe Bend,43.92288,-116.1809
ID,Howe,43.78361,-113.00389
ID,Huston,43.61028,-116.78222
ID,Idaho City,43.7586,-115.91844
ID,Idaho Falls,43.51768,-111.99063
ID,Indian Valley,44.54913,-116.44297
ID,Inkom,42.79638,-112.24647
ID,Iona,43.52595,-111.92836
ID,Irwin,43.40861,-111.29861
ID,Island Park,44.44661,-111.36791
ID,Jerome,42.71784,-114.50124
ID,Juliaetta,46.57538,-116.71885
ID,Kamiah,46.21856,-116.03474
ID,Kellogg,47.54307,-116.12528
ID,Kendrick,46.62863,-116.60489
ID,Ketchum,43.67546,-114.37366
ID,Kimberly,42.52866,-114.36572
ID,King Hill,42.9361,-115.2691
ID,Kingston,47.55088,-116.28872
ID,Kooskia,46.12586,-115.92396
ID,Kootenai,48.31028,-116.5125
ID,Kuna,43.48703,-116.38186
ID,Laclede,48.17028,-116.755
ID,Lake Fork,44.89167,-116.07861
ID,Lapwai,46.4124,-116.79023
ID,Lava Hot Springs,42.61847,-112.01764
ID,Leadore,44.73891,-113.49259
ID,Lemhi,44.85167,-113.61889
ID,Lenore,46.53541,-116.51301
ID,Letha,43.84031,-116.585
ID,Lewiston,46.38946,-116.98771
ID,Lewisville,43.67248,-112.01888
ID,Lowman,44.11062,-115.52849
ID,Lucile,45.55696,-116.2669
ID,Mackay,43.91106,-113.61198
ID,Macks Inn,44.42444,-111.37028
ID,Malad City,42.18078,-112.26205
ID,Malta,42.36465,-113.44866
ID,Marsing,43.53987,-116.82397
ID,May,44.70175,-113.91604
ID,Mccall,44.89178,-116.07887
ID,Mccammon,42.63362,-112.17576
ID,Medimont,47.46248,-116.56829
ID,Melba,43.37842,-116.54887
ID,Menan,43.72658,-111.9837
ID,Meridian,43.61496,-116.39754
ID,Mesa,44.65775,-116.42113
ID,Middleton,43.71905,-116.61122
ID,Midvale,44.44198,-116.70384
ID,Minidoka,42.75978,-113.62003
ID,Monteview,43.98624,-112.57832
ID,Montpelier,42.35199,-111.31946
ID,Moore,43.78209,-113.26035
ID,Moreland,43.22278,-112.44167
ID,Moscow,46.73092,-116.98968
ID,Mountain Home,43.13922,-115.69633
ID,Mountain Home A F B,43.04931,-115.87361
ID,Moyie Springs,48.74643,-116.1796
ID,Mullan,47.47091,-115.7926
ID,Murphy,43.2073,-116.60538
ID,Murray,47.62722,-115.8575
ID,Murtaugh,42.4776,-114.16064
ID,Nampa,43.58342,-116.58482
ID,Naples,48.60491,-116.31964
ID,New Meadows,44.99397,-116.28744
ID,New Plymouth,43.95902,-116.80482
ID,Newdale,43.88808,-111.60419
ID,Nezperce,46.24753,-116.23928
ID,Nordman,48.56694,-116.92126
ID,North Fork,45.37761,-113.85729
ID,Notus,43.72556,-116.80028
ID,Oakley,42.34756,-113.90694
ID,Ola,44.23503,-116.29091
ID,Oldtown,48.18799,-116.92738
ID,Orofino,46.4952,-116.24042
ID,Osburn,47.50611,-115.99833
ID,Paris,42.20707,-111.40294
ID,Parker,43.95944,-111.75694
ID,Parma,43.78958,-116.94007
ID,Paul,42.624,-113.79712
ID,Payette,44.07818,-116.92028
ID,Peck,46.48066,-116.41139
ID,Picabo,43.31015,-114.08607
ID,Pierce,46.49242,-115.80707
ID,Pinehurst,47.50182,-116.26468
ID,Pingree,43.19562,-112.44903
ID,Placerville,43.94333,-115.94611
ID,Plummer,47.32778,-116.86616
ID,Pocatello,42.88759,-112.43814
ID,Pollock,45.30675,-116.35174
ID,Ponderay,48.30556,-116.53278
ID,Porthill,48.99204,-116.47752
ID,Post Falls,47.72048,-116.93535
ID,Potlatch,46.94483,-116.9141
ID,Preston,42.11092,-111.85652
ID,Priest River,48.16637,-116.90662
ID,Princeton,46.89956,-116.82873
ID,Rathdrum,47.82411,-116.88729
ID,Reubens,46.33611,-116.53333
ID,Rexburg,43.80997,-111.78902
ID,Richfield,43.05884,-114.15079
ID,Rigby,43.67146,-111.90048
ID,Riggins,45.39701,-116.30055
ID,Ririe,43.63196,-111.76069
ID,Roberts,43.7116,-112.11959
ID,Rockland,42.55558,-112.85398
ID,Rogerson,42.21957,-114.60379
ID,Rupert,42.62147,-113.66699
ID,Sagle,48.2035,-116.5455
ID,Saint Anthony,44.2745,-111.52316
ID,Saint Charles,42.11281,-111.38974
ID,Saint Maries,47.29773,-116.56811
ID,Salmon,45.15714,-113.87836
ID,Sandpoint,48.31199,-116.53325
ID,Santa,47.15028,-116.44806
ID,Shelley,43.3769,-112.10755
ID,Shoshone,42.94735,-114.38218
ID,Shoup,45.18514,-114.40599
ID,Silverton,47.49306,-115.95444
ID,Smelterville,47.5371,-116.24011
ID,Soda Springs,42.67182,-111.5699
ID,Spencer,44.28144,-112.09882
ID,Spirit Lake,47.96565,-116.86805
ID,Springfield,43.08167,-112.68111
ID,Stanley,44.22908,-114.72541
ID,Star,43.7013,-116.49674
ID,Stites,46.09167,-115.97528
ID,Sugar City,43.86685,-111.79004
ID,Sun Valley,43.6955,-114.3557
ID,Swan Valley,43.40583,-111.27936
ID,Swanlake,42.30778,-111.99806
ID,Sweet,43.99475,-116.32322
ID,Tendoy,44.95944,-113.64389
ID,Tensed,47.17074,-116.90272
ID,Terreton,43.85863,-112.42004
ID,Teton,43.89875,-111.66814
ID,Tetonia,43.84371,-111.187
ID,Thatcher,42.33196,-111.78899
ID,Troy,46.74265,-116.76811
ID,Twin Falls,42.55649,-114.46926
ID,Ucon,43.59639,-111.96306
ID,Victor,43.61483,-111.12593
ID,Viola,46.85829,-116.97319
ID,Wallace,47.49084,-115.962
ID,Warren,45.26417,-115.67556
ID,Wayan,43.02691,-111.25406
ID,Weippe,46.38069,-115.93859
ID,Weiser,44.25222,-116.96507
ID,Wendell,42.75787,-114.71539
ID,Weston,42.04462,-111.97154
ID,White Bird,45.7521,-116.2889
ID,Wilder,43.65785,-116.9122
ID,Winchester,46.23833,-116.62038
ID,Worley,47.42921,-116.90563
ID,Yellow Pine,44.96981,-115.49634
IL,Abingdon,40.80231,-90.4009
IL,Adair,40.3852,-90.50374
IL,Addieville,38.36042,-89.52273
IL,Addison,41.93351,-88.0054
IL,Akin,37.98778,-88.75222
IL,Albany,41.76587,-90.20805
IL,Albers,38.53196,-89.62015
IL,Albion,38.374,-88.06356
IL,Alden,42.45889,-88.51778
IL,Aledo,41.20078,-90.74163
IL,Alexander,39.72593,-90.0353
IL,Alexis,41.05215,-90.54358
IL,Algonquin,42.17092,-88.30143
IL,Alhambra,38.88221,-89.74412
IL,Allendale,38.52324,-87.7219
IL,Allerton,39.91882,-87.93124
IL,Alma,38.72309,-88.91569
IL,Alpha,41.19303,-90.38208
IL,Alsey,39.56056,-90.43389
IL,Alsip,41.6723,-87.7339
IL,Altamont,39.06345,-88.74809
IL,Alto Pass,37.56814,-89.31718
IL,Alton,38.90865,-90.15681
IL,Altona,41.11283,-90.15983
IL,Alvin,40.3007,-87.608
IL,Amboy,41.70418,-89.34716
IL,Anchor,40.54409,-88.52658
IL,Ancona,41.05512,-88.76604
IL,Andalusia,41.43532,-90.72839
IL,Andover,41.29389,-90.29194
IL,Anna,37.46678,-89.22068
IL,Annapolis,39.11786,-87.80288
IL,Annawan,41.39802,-89.91295
IL,Antioch,42.46481,-88.1178
IL,Apple River,42.47143,-90.12014
IL,Arcola,39.687,-88.30368
IL,Arenzville,39.89793,-90.3636
IL,Argenta,39.99158,-88.82137
IL,Arlington,41.44367,-89.22195
IL,Arlington Heights,42.11162,-87.9791
IL,Armington,40.31705,-89.32178
IL,Armstrong,40.21755,-87.89426
IL,Aroma Park,41.09465,-87.77189
IL,Arrowsmith,40.41197,-88.62965
IL,Arthur,39.70768,-88.45551
IL,Ashkum,40.88443,-87.94115
IL,Ashland,39.89168,-90.02872
IL,Ashley,38.306,-89.23112
IL,Ashmore,39.52543,-88.0341
IL,Ashton,41.86433,-89.2086
IL,Assumption,39.50949,-89.03981
IL,Astoria,40.23114,-90.34425
IL,Athens,39.96481,-89.72108
IL,Atkinson,41.41619,-90.02248
IL,Atlanta,40.25862,-89.23002
IL,Atwood,39.80437,-88.44945
IL,Auburn,39.59179,-89.74403
IL,Augusta,40.23411,-90.95542
IL,Aurora,41.75821,-88.29714
IL,Aurora,41.78262,-88.2607
IL,Ava,37.87929,-89.46537
IL,Aviston,38.60667,-89.6075
IL,Avon,40.65495,-90.44605
IL,Baileyville,42.19047,-89.59394
IL,Baldwin,38.17535,-89.84139
IL,Bardolph,40.49808,-90.50249
IL,Barnhill,38.27814,-88.35083
IL,Barrington,42.16139,-88.13835
IL,Barry,39.70466,-91.02648
IL,Barstow,41.51833,-90.35694
IL,Bartelso,38.53851,-89.45784
IL,Bartlett,41.98356,-88.16036
IL,Basco,40.3283,-91.19698
IL,Batavia,41.84817,-88.30976
IL,Batchtown,39.07247,-90.65911
IL,Bath,40.16177,-90.14857
IL,Baylis,39.7612,-90.88322
IL,Beardstown,40.00436,-90.42285
IL,Beason,40.14365,-89.1948
IL,Beaverville,40.96716,-87.62171
IL,Beckemeyer,38.60556,-89.43583
IL,Bedford Park,41.75944,-87.78667
IL,Beecher,41.34437,-87.61154
IL,Beecher City,39.18351,-88.80385
IL,Belknap,37.32658,-88.95065
IL,Belle Rive,38.21527,-88.7558
IL,Belleville,38.51268,-89.98469
IL,Bellflower,40.34009,-88.5227
IL,Bellmont,38.38444,-87.91139
IL,Bellwood,41.88248,-87.87856
IL,Belvidere,42.25946,-88.85094
IL,Bement,39.92221,-88.56877
IL,Benld,39.0939,-89.80306
IL,Bensenville,41.9536,-87.935
IL,Benson,40.83058,-89.1165
IL,Benton,37.99998,-88.92266
IL,Berkeley,41.88654,-87.91068
IL,Berwick,40.77991,-90.50591
IL,Berwyn,41.84182,-87.79075
IL,Bethalto,38.90735,-90.03445
IL,Bethany,39.63475,-88.7543
IL,Big Rock,41.75931,-88.53762
IL,Biggsville,40.85312,-90.85606
IL,Bingham,39.14667,-89.19579
IL,Bishop Hill,41.20167,-90.11889
IL,Bismarck,40.25519,-87.61377
IL,Blackstone,41.07194,-88.64978
IL,Blandinsville,40.55159,-90.85952
IL,Bloomingdale,41.94827,-88.07824
IL,Bloomington,40.4783,-88.98932
IL,Blue Island,41.65819,-87.67946
IL,Blue Mound,39.69781,-89.11356
IL,Bluff Springs,39.98778,-90.34583
IL,Bluffs,39.74408,-90.53053
IL,Bluford,38.35314,-88.75872
IL,Boles,37.36722,-89.00556
IL,Bolingbrook,41.69761,-88.08732
IL,Bondville,40.11333,-88.36944
IL,Bone Gap,38.44897,-88.00249
IL,Bonfield,41.15731,-88.06185
IL,Bonnie,38.19802,-88.92288
IL,Boody,39.76282,-89.07206
IL,Bourbonnais,41.16612,-87.87902
IL,Bowen,40.23408,-91.07049
IL,Braceville,41.22879,-88.26904
IL,Bradford,41.15323,-89.65208
IL,Bradley,41.14538,-87.86011
IL,Braidwood,41.26574,-88.22312
IL,Breese,38.6188,-89.52838
IL,Bridgeport,38.69451,-87.85493
IL,Bridgeview,41.74313,-87.80657
IL,Brighton,39.0361,-90.14431
IL,Brimfield,40.84065,-89.89704
IL,Bristol,41.70745,-88.40135
IL,Broadlands,39.91425,-87.99483
IL,Broadview,41.86389,-87.85333
IL,Brocton,39.69231,-87.92626
IL,Brookfield,41.82167,-87.84925
IL,Brookport,37.13873,-88.61194
IL,Broughton,37.95455,-88.46778
IL,Browning,40.15503,-90.35167
IL,Browns,38.37643,-87.99282
IL,Brownstown,38.98912,-88.94944
IL,Brussels,38.93711,-90.5907
IL,Bryant,40.48307,-90.06613
IL,Buckingham,41.04332,-88.17716
IL,Buckley,40.60183,-88.03609
IL,Buckner,37.96688,-88.97799
IL,Buda,41.31397,-89.67948
IL,Buffalo,39.8472,-89.38885
IL,Buffalo Grove,42.15984,-87.96436
IL,Buffalo Prairie,41.33833,-90.85472
IL,Bulpitt,39.59167,-89.42389
IL,Buncombe,37.46366,-88.98059
IL,Bunker Hill,39.04083,-89.96238
IL,Burbank,41.7447,-87.76991
IL,Bureau,41.28917,-89.36639
IL,Burlington,42.05278,-88.54806
IL,Burnt Prairie,38.20815,-88.21472
IL,Bushnell,40.55392,-90.50603
IL,Butler,39.21142,-89.53054
IL,Byron,42.12924,-89.26589
IL,Cabery,40.9819,-88.19209
IL,Cairo,37.01229,-89.1811
IL,Caledonia,42.38346,-88.91846
IL,Calhoun,38.63512,-88.00374
IL,Calumet City,41.61526,-87.54833
IL,Camargo,39.79995,-88.14682
IL,Cambria,37.78139,-89.11917
IL,Cambridge,41.31138,-90.18048
IL,Camden,40.15108,-90.75443
IL,Cameron,40.88896,-90.50013
IL,Camp Grove,41.07889,-89.63306
IL,Camp Point,40.02929,-91.07693
IL,Campbell Hill,37.92278,-89.5799
IL,Campus,41.02333,-88.30611
IL,Canton,40.56014,-90.02415
IL,Cantrall,39.91127,-89.66426
IL,Capron,42.40866,-88.74652
IL,Carbon Cliff,41.49472,-90.39056
IL,Carbondale,37.71999,-89.21576
IL,Carlinville,39.27982,-89.88894
IL,Carlock,40.6029,-89.10978
IL,Carlyle,38.60661,-89.38054
IL,Carman,40.75505,-91.0564
IL,Carmi,38.08082,-88.16699
IL,Carol Stream,41.9166,-88.1209
IL,Carpentersville,42.123,-88.2606
IL,Carrier Mills,37.6782,-88.61271
IL,Carrollton,39.30094,-90.40921
IL,Carterville,37.77479,-89.09779
IL,Carthage,40.41294,-91.10052
IL,Cary,42.2196,-88.24259
IL,Casey,39.30172,-87.99131
IL,Caseyville,38.63446,-90.01349
IL,Castleton,41.11778,-89.70611
IL,Catlin,40.06992,-87.71125
IL,Cave In Rock,37.51795,-88.22196
IL,Cedar Point,41.26306,-89.12556
IL,Cedarville,42.37583,-89.63306
IL,Centralia,38.52412,-89.13648
IL,Cerro Gordo,39.86806,-88.72563
IL,Chadwick,41.99621,-89.89628
IL,Chambersburg,39.80706,-90.66302
IL,Champaign,40.11102,-88.24075
IL,Chana,41.99334,-89.21169
IL,Chandlerville,40.03844,-90.14766
IL,Channahon,41.43466,-88.21379
IL,Chapin,39.77158,-90.4113
IL,Charleston,39.48693,-88.17611
IL,Chatham,39.67368,-89.71121
IL,Chatsworth,40.74844,-88.29366
IL,Chebanse,41.02541,-87.89592
IL,Chenoa,40.74463,-88.72185
IL,Cherry,41.42694,-89.21333
IL,Cherry Valley,42.22056,-88.96192
IL,Chester,37.91882,-89.82181
IL,Chesterfield,39.27076,-90.07663
IL,Chestnut,40.0582,-89.19001
IL,Chicago,41.88585,-87.61812
IL,Chicago Heights,41.5062,-87.61321
IL,Chicago Ridge,41.70171,-87.77738
IL,Chillicothe,40.90135,-89.50679
IL,Chrisman,39.79957,-87.65555
IL,Christopher,37.9849,-89.05737
IL,Cicero,41.84556,-87.75389
IL,Cisco,39.99716,-88.69615
IL,Cisne,38.51377,-88.40452
IL,Cissna Park,40.58581,-87.87588
IL,Clare,42.02705,-88.83783
IL,Claremont,38.7429,-87.97268
IL,Clarendon Hills,41.77973,-87.95532
IL,Clay City,38.6695,-88.35164
IL,Clayton,40.01334,-90.95539
IL,Claytonville,40.56694,-87.82306
IL,Clifton,40.93944,-87.92024
IL,Clinton,40.14871,-88.96266
IL,Coal City,41.29077,-88.28235
IL,Coal Valley,41.43514,-90.46518
IL,Coatsburg,40.05539,-91.17473
IL,Cobden,37.54236,-89.24574
IL,Coello,37.99417,-89.06722
IL,Coffeen,39.09076,-89.39454
IL,Colchester,40.41564,-90.78456
IL,Colfax,40.57038,-88.62002
IL,Collinsville,38.68355,-89.98529
IL,Collison,40.22074,-87.79871
IL,Colona,41.47522,-90.34923
IL,Colp,37.80528,-89.08
IL,Columbia,38.43247,-90.20272
IL,Colusa,40.57083,-91.16778
IL,Compton,41.68498,-89.08771
IL,Concord,39.82296,-90.37217
IL,Congerville,40.62076,-89.1994
IL,Cooksville,40.53601,-88.73505
IL,Cordova,41.69278,-90.30712
IL,Cornell,40.98583,-88.74269
IL,Cornland,39.93722,-89.40222
IL,Cortland,41.92,-88.68861
IL,Cottage Hills,38.91238,-90.08263
IL,Coulterville,38.1764,-89.58206
IL,Country Club Hills,41.55977,-87.71845
IL,Cowden,39.23264,-88.8868
IL,Creal Springs,37.62839,-88.8807
IL,Crescent City,40.7682,-87.83703
IL,Crest Hill,41.56624,-88.11692
IL,Creston,41.93083,-88.96444
IL,Crete,41.43895,-87.60274
IL,Creve Coeur,40.64722,-89.59111
IL,Cropsey,40.60298,-88.49434
IL,Crossville,38.16603,-88.05947
IL,Crystal Lake,42.2662,-88.32129
IL,Cuba,40.4995,-90.18106
IL,Cullom,40.87807,-88.27648
IL,Cutler,38.04266,-89.56613
IL,Cypress,37.36622,-89.01441
IL,Dahinda,40.95508,-90.13981
IL,Dahlgren,38.19748,-88.63631
IL,Dakota,42.40308,-89.54678
IL,Dale,37.99659,-88.53423
IL,Dallas City,40.62006,-91.16345
IL,Dalton City,39.71194,-88.79746
IL,Dalzell,41.37308,-89.20327
IL,Dana,40.95468,-88.96279
IL,Danforth,40.82443,-87.98682
IL,Danvers,40.53635,-89.18849
IL,Danville,40.13698,-87.62174
IL,Darien,41.75194,-87.97389
IL,Davis,42.44216,-89.40672
IL,Davis Junction,42.09792,-89.08384
IL,Dawson,39.85629,-89.46033
IL,De Land,40.11066,-88.63919
IL,De Soto,37.81473,-89.22183
IL,Decatur,39.82714,-88.92598
IL,Deer Creek,40.62799,-89.3003
IL,Deer Grove,41.6316,-89.6972
IL,Deerfield,42.17049,-87.85903
IL,Dekalb,41.93424,-88.76067
IL,Delavan,40.36903,-89.53213
IL,Dennison,39.44903,-87.58671
IL,Depue,41.32611,-89.30111
IL,Des Plaines,42.04673,-87.8859
IL,Dewey,40.31305,-88.27697
IL,Dewitt,40.18476,-88.76367
IL,Dieterich,39.03187,-88.40745
IL,Divernon,39.56768,-89.65465
IL,Dix,38.43329,-88.9657
IL,Dixon,41.8478,-89.4893
IL,Dolton,41.62572,-87.59795
IL,Dongola,37.37123,-89.13493
IL,Donnellson,39.03442,-89.49086
IL,Donovan,40.88907,-87.60464
IL,Dorsey,38.98324,-89.97863
IL,Dover,41.43667,-89.39333
IL,Dow,39.0312,-90.30106
IL,Dowell,37.93972,-89.23778
IL,Downers Grove,41.80343,-88.01375
IL,Downs,40.38086,-88.87081
IL,Du Bois,38.25264,-89.20419
IL,Du Quoin,38.01369,-89.23327
IL,Dundas,38.83057,-88.09731
IL,Dundee,42.0962,-88.2902
IL,Dunfermline,40.49034,-90.03135
IL,Dunlap,40.84442,-89.63966
IL,Dupo,38.51477,-90.19419
IL,Durand,42.43365,-89.30938
IL,Dwight,41.0887,-88.41588
IL,Eagarville,39.11167,-89.78389
IL,Earlville,41.5859,-88.91035
IL,East Alton,38.88031,-90.08304
IL,East Carondelet,38.53491,-90.22078
IL,East Dubuque,42.48749,-90.6046
IL,East Galesburg,40.94778,-90.31
IL,East Lynn,40.46639,-87.8
IL,East Moline,41.5118,-90.43212
IL,East Peoria,40.67312,-89.55141
IL,East Saint Louis,38.63154,-90.13807
IL,Easton,40.23548,-89.84645
IL,Eddyville,37.52439,-88.59489
IL,Edelstein,40.94537,-89.58581
IL,Edgewood,38.91318,-88.66387
IL,Edinburg,39.66122,-89.37788
IL,Edwards,40.76436,-89.70534
IL,Edwardsville,38.80497,-89.9637
IL,Effingham,39.12173,-88.5611
IL,El Paso,40.73895,-89.01195
IL,Elburn,41.8824,-88.46111
IL,Eldena,41.77111,-89.41
IL,Eldorado,37.81388,-88.44338
IL,Eldred,39.28359,-90.53287
IL,Eleroy,42.3325,-89.76056
IL,Elgin,42.03836,-88.26063
IL,Elizabeth,42.30894,-90.19862
IL,Elizabethtown,37.46649,-88.28673
IL,Elk Grove Village,42.00561,-88.01278
IL,Elkhart,40.00239,-89.47494
IL,Elkville,37.91551,-89.23357
IL,Ellery,38.36502,-88.13345
IL,Elliott,40.46472,-88.27222
IL,Ellis Grove,38.00536,-89.90085
IL,Ellisville,40.60465,-90.28747
IL,Ellsworth,40.44315,-88.73712
IL,Elmhurst,41.89266,-87.94102
IL,Elmwood,40.77259,-89.92888
IL,Elmwood Park,41.9219,-87.8083
IL,Elsah,38.9613,-90.33191
IL,Elvaston,40.40662,-91.21642
IL,Elwin,39.77889,-88.98
IL,Elwood,41.42602,-88.08642
IL,Emden,40.29454,-89.51744
IL,Emington,40.97832,-88.32113
IL,Emma,37.97472,-88.12028
IL,Energy,37.77389,-89.02639
IL,Enfield,38.09275,-88.33255
IL,Eola,41.7775,-88.24278
IL,Equality,37.72779,-88.3445
IL,Erie,41.65596,-90.08426
IL,Esmond,42.02246,-88.94386
IL,Essex,41.16764,-88.18453
IL,Eureka,40.71525,-89.27056
IL,Evanston,42.05455,-87.69433
IL,Evansville,38.09258,-89.91703
IL,Evergreen Park,41.7216,-87.7026
IL,Ewing,38.07021,-88.85044
IL,Fairbury,40.74503,-88.51649
IL,Fairfield,38.37821,-88.35932
IL,Fairmount,40.03733,-87.83646
IL,Fairview,40.64418,-90.16527
IL,Fairview Heights,38.59604,-90.00709
IL,Farina,38.8469,-88.76141
IL,Farmer City,40.24469,-88.66339
IL,Farmersville,39.45305,-89.64272
IL,Farmington,40.69026,-90.01343
IL,Fenton,41.7285,-90.04569
IL,Ferris,40.46889,-91.17028
IL,Fiatt,40.57178,-90.16219
IL,Fidelity,39.13229,-90.1988
IL,Fieldon,39.10861,-90.52974
IL,Fillmore,39.10387,-89.29455
IL,Findlay,39.50325,-88.75621
IL,Fisher,40.29913,-88.35599
IL,Fithian,40.11924,-87.87971
IL,Flanagan,40.879,-88.86196
IL,Flat Rock,38.90961,-87.68375
IL,Flora,38.67034,-88.49186
IL,Flossmoor,41.54057,-87.68374
IL,Foosland,40.35537,-88.42018
IL,Forest City,40.35942,-89.83343
IL,Forest Park,41.87437,-87.81062
IL,Forrest,40.75132,-88.41114
IL,Forreston,42.12292,-89.58312
IL,Forsyth,39.9325,-88.95111
IL,Fort Sheridan,42.20968,-87.80557
IL,Fowler,39.9925,-91.24523
IL,Fox Lake,42.3937,-88.16475
IL,Fox River Grove,42.19359,-88.22048
IL,Fox Valley,41.7631,-88.224
IL,Frankfort,41.50936,-87.82477
IL,Frankfort Heights,37.9013,-88.84565
IL,Franklin,39.60846,-90.04854
IL,Franklin Grove,41.85797,-89.31711
IL,Franklin Park,41.93388,-87.87342
IL,Frederick,40.07025,-90.50439
IL,Freeburg,38.40802,-89.91806
IL,Freeman Spur,37.86111,-88.99722
IL,Freeport,42.29915,-89.63452
IL,Fulton,41.8522,-90.15065
IL,Fults,38.17974,-90.19735
IL,Galatia,37.82744,-88.62349
IL,Galena,42.41823,-90.41951
IL,Galesburg,40.95214,-90.36981
IL,Galt,41.78944,-89.76222
IL,Galva,41.16563,-90.04809
IL,Garden Prairie,42.25098,-88.74367
IL,Gardner,41.17932,-88.29654
IL,Gays,39.47955,-88.52415
IL,Geff,38.44133,-88.41443
IL,Geneseo,41.46881,-90.17113
IL,Geneva,41.88601,-88.31095
IL,Genoa,42.09811,-88.6908
IL,Georgetown,39.97922,-87.63648
IL,Gerlaw,40.99952,-90.62277
IL,German Valley,42.21761,-89.47115
IL,Germantown,38.54868,-89.54134
IL,Gibson City,40.46593,-88.36087
IL,Gifford,40.30275,-88.03171
IL,Gilberts,42.09838,-88.36909
IL,Gillespie,39.13611,-89.81858
IL,Gilman,40.76799,-87.99334
IL,Gilson,40.87653,-90.17466
IL,Girard,39.44718,-89.78054
IL,Gladstone,40.83768,-90.99408
IL,Glasford,40.57598,-89.81133
IL,Glen Carbon,38.76087,-89.97058
IL,Glen Ellyn,41.86611,-88.06477
IL,Glenarm,39.63271,-89.65814
IL,Glencoe,42.13334,-87.76149
IL,Glendale Heights,41.92052,-88.07928
IL,Glenview,42.07579,-87.8223
IL,Glenwood,41.54672,-87.61258
IL,Godfrey,38.94604,-90.20602
IL,Golconda,37.34998,-88.55515
IL,Golden,40.12026,-91.02959
IL,Golden Eagle,38.89614,-90.5602
IL,Golden Gate,38.36451,-88.20747
IL,Golf,42.05889,-87.7925
IL,Good Hope,40.57489,-90.63243
IL,Goodfield,40.62972,-89.27472
IL,Goodwine,40.56722,-87.78444
IL,Goreville,37.57498,-88.96552
IL,Gorham,37.74061,-89.44403
IL,Grafton,39.00213,-90.43233
IL,Grand Chain,37.25104,-89.00834
IL,Grand Ridge,41.23862,-88.81684
IL,Grand Tower,37.63222,-89.49986
IL,Granite City,38.72157,-90.11582
IL,Grant Park,41.24768,-87.64799
IL,Grantsburg,37.39672,-88.77049
IL,Granville,41.26421,-89.22503
IL,Graymont,40.90663,-88.7603
IL,Grayslake,42.34848,-88.03779
IL,Grayville,38.26271,-88.00354
IL,Great Lakes,42.30317,-87.86419
IL,Green Valley,40.41978,-89.65493
IL,Greenfield,39.34906,-90.20885
IL,Greenup,39.23945,-88.1445
IL,Greenview,40.07986,-89.71161
IL,Greenville,38.89334,-89.40519
IL,Gridley,40.74387,-88.88404
IL,Griggsville,39.70838,-90.72489
IL,Groveland,40.5925,-89.53444
IL,Gurnee,42.36691,-87.94523
IL,Hagarstown,38.94333,-89.16833
IL,Hamburg,39.22349,-90.69955
IL,Hamel,38.87843,-89.87268
IL,Hamilton,40.43921,-91.34404
IL,Hammond,39.79465,-88.57931
IL,Hampshire,42.08075,-88.51703
IL,Hampton,41.5418,-90.32304
IL,Hanna City,40.67978,-89.79524
IL,Hanover,42.25941,-90.28971
IL,Hanover Park,41.79444,-87.80833
IL,Hardin,39.15465,-90.624
IL,Harmon,41.6973,-89.56951
IL,Harrisburg,37.72566,-88.54404
IL,Harristown,39.85389,-89.08389
IL,Hartford,38.82985,-90.07453
IL,Hartsburg,40.24507,-89.45194
IL,Harvard,42.42273,-88.60481
IL,Harvel,39.37186,-89.53804
IL,Harvey,41.60854,-87.66111
IL,Harwood Heights,41.9647,-87.8187
IL,Havana,40.29599,-90.04952
IL,Hazel Crest,41.5738,-87.68488
IL,Hebron,42.46417,-88.41758
IL,Hecker,38.28104,-89.98311
IL,Henderson,41.025,-90.35611
IL,Hennepin,41.23515,-89.32179
IL,Henning,40.305,-87.70083
IL,Henry,41.11154,-89.37433
IL,Herod,37.46973,-88.45806
IL,Herrick,39.22448,-88.98121
IL,Herrin,37.80188,-89.02316
IL,Herscher,41.04644,-88.0858
IL,Hettick,39.37522,-90.06716
IL,Heyworth,40.3307,-88.97761
IL,Hickory Hills,41.72623,-87.82889
IL,Hidalgo,39.12281,-88.13971
IL,Highland,38.76309,-89.67889
IL,Highland Park,42.17945,-87.80589
IL,Highwood,42.20355,-87.81407
IL,Hillsboro,39.14941,-89.48815
IL,Hillsdale,41.5929,-90.22625
IL,Hillside,41.87245,-87.90159
IL,Hillview,39.46737,-90.51284
IL,Hinckley,41.76911,-88.64483
IL,Hindsboro,39.7018,-88.14861
IL,Hines,41.86226,-87.83554
IL,Hinsdale,41.7891,-87.94009
IL,Hoffman,38.54139,-89.26361
IL,Hoffman Estates,42.04805,-88.1047
IL,Holcomb,42.06472,-89.09556
IL,Homer,40.03462,-87.96274
IL,Homer Glen,41.6,-87.93806
IL,Hometown,41.73113,-87.73154
IL,Homewood,41.55558,-87.66158
IL,Hoopeston,40.46387,-87.66623
IL,Hooppole,41.52222,-89.90972
IL,Hopedale,40.42732,-89.4214
IL,Hopkins Park,41.06333,-87.625
IL,Hoyleton,38.44547,-89.30685
IL,Hudson,40.62049,-88.97593
IL,Huey,38.60444,-89.29111
IL,Hull,39.71856,-91.23384
IL,Humboldt,39.60118,-88.31409
IL,Hume,39.80088,-87.87466
IL,Huntley,42.17556,-88.42685
IL,Huntsville,40.1544,-90.85314
IL,Hurst,37.83306,-89.14278
IL,Hutsonville,39.10636,-87.66945
IL,Illinois City,41.38924,-90.89251
IL,Illiopolis,39.84993,-89.25132
IL,Ina,38.15274,-88.88936
IL,Indianola,39.92682,-87.73882
IL,Industry,40.3256,-90.61052
IL,Ingleside,42.36309,-88.15875
IL,Ingraham,38.82845,-88.32037
IL,Ipava,40.35938,-90.29674
IL,Iroquois,40.8275,-87.58194
IL,Irving,39.2089,-89.41043
IL,Irvington,38.43917,-89.16278
IL,Island Lake,42.27419,-88.19263
IL,Itasca,41.97197,-88.02025
IL,Iuka,38.61356,-88.76892
IL,Ivesdale,39.95023,-88.44509
IL,Jacksonville,39.72927,-90.23624
IL,Jacob,37.74374,-89.54436
IL,Janesville,39.37417,-88.24361
IL,Jerseyville,39.12132,-90.33376
IL,Jewett,39.2076,-88.24744
IL,Johnsonville,38.52563,-88.5887
IL,Johnston City,37.82448,-88.92086
IL,Joliet,41.52715,-88.08241
IL,Jonesboro,37.44608,-89.29149
IL,Joppa,37.24719,-88.84819
IL,Joy,41.2262,-90.85176
IL,Junction,37.69521,-88.24907
IL,Justice,41.74471,-87.83459
IL,Kampsville,39.30639,-90.62693
IL,Kane,39.20369,-90.37188
IL,Kaneville,41.83528,-88.52194
IL,Kankakee,41.11658,-87.86961
IL,Kansas,39.55253,-87.93524
IL,Karbers Ridge,37.46307,-88.36789
IL,Karnak,37.29107,-88.97394
IL,Kasbeer,41.505,-89.46333
IL,Keenes,38.36915,-88.64806
IL,Keensburg,38.35056,-87.86861
IL,Keithsburg,41.10433,-90.92634
IL,Kell,38.51326,-88.84111
IL,Kempton,40.9126,-88.20901
IL,Kenilworth,42.08844,-87.71646
IL,Kenney,40.10247,-89.07892
IL,Kent,42.31553,-89.91949
IL,Kewanee,41.24112,-89.92739
IL,Keyesport,38.73877,-89.30632
IL,Kilbourne,40.1587,-90.00428
IL,Kincaid,39.58861,-89.41444
IL,Kinderhook,39.69531,-91.16373
IL,Kingston,42.10565,-88.7695
IL,Kingston Mines,40.49028,-89.80679
IL,Kinmundy,38.75586,-88.813
IL,Kinsman,41.16183,-88.48048
IL,Kirkland,42.10141,-88.86852
IL,Kirkwood,40.86385,-90.74566
IL,Knoxville,40.91067,-90.28712
IL,La Fayette,41.10954,-89.95747
IL,La Grange,41.80134,-87.87525
IL,La Grange Park,41.83472,-87.86167
IL,La Harpe,40.58459,-90.96875
IL,La Moille,41.53756,-89.29702
IL,La Place,39.80611,-88.70806
IL,La Prairie,40.15719,-90.98439
IL,La Rose,40.98222,-89.23528
IL,La Salle,41.34422,-89.09547
IL,Lacon,41.02159,-89.40084
IL,Ladd,41.3825,-89.21889
IL,Lafox,41.88639,-88.40889
IL,Lake Bluff,42.28196,-87.85595
IL,Lake Forest,42.2374,-87.84815
IL,Lake Fork,39.97056,-89.35
IL,Lake In The Hills,42.18167,-88.33028
IL,Lake Villa,42.4148,-88.06332
IL,Lake Zurich,42.19672,-88.0703
IL,Lakewood,39.31336,-88.87147
IL,Lanark,42.09353,-89.82473
IL,Lancaster,38.53744,-87.87122
IL,Lane,40.1225,-88.85556
IL,Lansing,41.56605,-87.54463
IL,Latham,39.97111,-89.17249
IL,Laura,40.93347,-89.93491
IL,Lawndale,40.21806,-89.2825
IL,Lawrenceville,38.73086,-87.6784
IL,Le Roy,40.34678,-88.75981
IL,Leaf River,42.14097,-89.40102
IL,Lebanon,38.60528,-89.79921
IL,Lee,41.78642,-88.97139
IL,Lee Center,41.7475,-89.27861
IL,Leland,41.60659,-88.77157
IL,Lemont,41.69508,-88.02356
IL,Lena,42.37905,-89.82525
IL,Lenzburg,38.295,-89.7922
IL,Leonore,41.16637,-88.99694
IL,Lerna,39.39579,-88.25303
IL,Lewistown,40.38305,-90.15629
IL,Lexington,40.63569,-88.8062
IL,Liberty,39.88918,-91.08688
IL,Libertyville,42.281,-87.94996
IL,Lima,40.1701,-91.38676
IL,Lincoln,40.14508,-89.36838
IL,Lincolns New Salem,40.04444,-89.85417
IL,Lincolnshire,42.19287,-87.90482
IL,Lincolnwood,42.00444,-87.73
IL,Lindenwood,42.05074,-89.03398
IL,Lisle,41.78617,-88.0879
IL,Litchfield,39.17934,-89.64991
IL,Literberry,39.85417,-90.19944
IL,Little York,41.01529,-90.73643
IL,Littleton,40.23393,-90.61901
IL,Liverpool,40.41157,-90.03897
IL,Livingston,38.9675,-89.76389
IL,Loami,39.67039,-89.85882
IL,Lockport,41.61348,-88.02558
IL,Loda,40.5241,-88.09267
IL,Logan,37.95694,-88.84028
IL,Lomax,40.67614,-91.0391
IL,Lombard,41.87214,-88.01599
IL,London Mills,40.69495,-90.26159
IL,Long Grove,42.17833,-87.99778
IL,Long Point,40.98955,-88.88111
IL,Longview,39.90124,-88.07528
IL,Loogootee,38.90472,-88.85361
IL,Loraine,40.1532,-91.21301
IL,Lostant,41.14501,-89.07503
IL,Louisville,38.81186,-88.51005
IL,Lovejoy,38.65694,-90.16611
IL,Loves Park,42.32952,-89.03352
IL,Lovington,39.71919,-88.64168
IL,Lowder,39.55083,-89.84583
IL,Lowpoint,40.87108,-89.3704
IL,Ludlow,40.37474,-88.13796
IL,Lyndon,41.71993,-89.91687
IL,Lynn Center,41.28876,-90.33044
IL,Lyons,41.81302,-87.82356
IL,Macedonia,38.01302,-88.69608
IL,Machesney Park,42.34722,-89.03889
IL,Mackinaw,40.53964,-89.34579
IL,Macomb,40.46167,-90.67867
IL,Macon,39.70409,-88.98803
IL,Madison,38.68109,-90.15659
IL,Maeystown,38.24112,-90.20178
IL,Magnolia,41.11637,-89.22701
IL,Mahomet,40.19644,-88.39283
IL,Makanda,37.6564,-89.21423
IL,Malden,41.43774,-89.36761
IL,Malta,41.91833,-88.86882
IL,Manchester,39.54222,-90.33222
IL,Manhattan,41.42888,-87.97713
IL,Manito,40.41599,-89.78979
IL,Manlius,41.45639,-89.66889
IL,Mansfield,40.2147,-88.51789
IL,Manteno,41.25144,-87.84676
IL,Maple Park,41.92322,-88.59985
IL,Mapleton,40.6117,-89.71843
IL,Maquon,40.78486,-90.20084
IL,Marengo,42.24419,-88.60737
IL,Marietta,40.49777,-90.38846
IL,Marine,38.78546,-89.82138
IL,Marion,37.72566,-88.92945
IL,Marissa,38.24545,-89.75012
IL,Mark,41.26444,-89.25
IL,Markham,41.59361,-87.69472
IL,Maroa,40.03416,-88.95777
IL,Marseilles,41.3302,-88.69468
IL,Marshall,39.422,-87.69226
IL,Martinsville,39.31744,-87.87074
IL,Martinton,40.90523,-87.74426
IL,Maryville,38.72361,-89.95583
IL,Mascoutah,38.49028,-89.79306
IL,Mason,38.96445,-88.6234
IL,Mason City,40.19994,-89.69926
IL,Matherville,41.26908,-90.60234
IL,Matteson,41.51018,-87.74065
IL,Mattoon,39.48018,-88.37615
IL,Maunie,38.03556,-88.04556
IL,Maywood,41.87486,-87.84767
IL,Mazon,41.29719,-88.40956
IL,Mc Clure,37.30198,-89.45312
IL,Mc Connell,42.43951,-89.74155
IL,Mc Lean,40.32816,-89.16448
IL,Mc Leansboro,38.09386,-88.52856
IL,Mc Nabb,41.17303,-89.21866
IL,Mchenry,42.3334,-88.2668
IL,Mchenry,42.34553,-88.25443
IL,Mechanicsburg,39.77771,-89.41769
IL,Media,40.76178,-90.85696
IL,Medinah,41.97055,-88.05751
IL,Medora,39.19859,-90.15422
IL,Melrose Park,41.90035,-87.85807
IL,Melvin,40.57138,-88.25508
IL,Menard,37.91,-89.83972
IL,Mendon,40.08566,-91.28992
IL,Mendota,41.54431,-89.10828
IL,Meredosia,39.79763,-90.54954
IL,Merna,40.51667,-88.82583
IL,Metamora,40.78443,-89.43088
IL,Metcalf,39.80085,-87.79552
IL,Metropolis,37.17535,-88.72518
IL,Michael,39.21821,-90.6335
IL,Middletown,40.09667,-89.58182
IL,Midlothian,41.63411,-87.73242
IL,Milan,41.4262,-90.57394
IL,Milford,40.62925,-87.68533
IL,Mill Shoals,38.24468,-88.33382
IL,Millbrook,41.59833,-88.55278
IL,Millcreek,37.35313,-89.26989
IL,Milledgeville,41.96737,-89.78012
IL,Miller City,37.10336,-89.34944
IL,Millington,41.5625,-88.59833
IL,Millstadt,38.44426,-90.08882
IL,Milmine,39.9007,-88.6487
IL,Milton,39.55081,-90.64435
IL,Mineral,41.40356,-89.82009
IL,Minier,40.43589,-89.31648
IL,Minonk,40.8985,-89.03486
IL,Minooka,41.46152,-88.2786
IL,Mode,39.18806,-88.78667
IL,Modesto,39.47597,-89.97939
IL,Modoc,38.05068,-90.01626
IL,Mokena,41.53421,-87.89112
IL,Moline,41.49061,-90.49797
IL,Momence,41.15931,-87.65752
IL,Monee,41.41913,-87.77484
IL,Monmouth,40.9107,-90.64483
IL,Monroe Center,42.10501,-89.01695
IL,Montgomery,41.71774,-88.33196
IL,Monticello,40.02632,-88.56856
IL,Montrose,39.15727,-88.33497
IL,Mooseheart,41.82415,-88.33153
IL,Moro,38.93177,-89.96177
IL,Morris,41.36723,-88.41777
IL,Morrison,41.81666,-89.969
IL,Morrisonville,39.41534,-89.45407
IL,Morton,40.61477,-89.46045
IL,Morton Grove,42.04313,-87.78988
IL,Mossville,40.81556,-89.56778
IL,Mound City,37.08647,-89.16369
IL,Mounds,37.11883,-89.20006
IL,Mount Auburn,39.76284,-89.23567
IL,Mount Carmel,38.41473,-87.79111
IL,Mount Carroll,42.10531,-89.98445
IL,Mount Erie,38.52215,-88.21852
IL,Mount Morris,42.0479,-89.43461
IL,Mount Olive,39.0705,-89.74484
IL,Mount Prospect,42.06239,-87.93767
IL,Mount Pulaski,40.00448,-89.29348
IL,Mount Sterling,39.98028,-90.74142
IL,Mount Vernon,38.31701,-88.91053
IL,Moweaqua,39.61613,-89.01278
IL,Mozier,39.28772,-90.71498
IL,Mt Zion,39.77888,-88.87021
IL,Muddy,37.765,-88.51667
IL,Mulberry Grove,38.93108,-89.2463
IL,Mulkeytown,37.96871,-89.1159
IL,Muncie,40.11556,-87.84472
IL,Mundelein,42.26362,-88.00476
IL,Murdock,39.80083,-88.07833
IL,Murphysboro,37.76546,-89.33175
IL,Murrayville,39.57295,-90.23119
IL,Nachusa,41.83139,-89.38972
IL,Naperville,41.70402,-88.19525
IL,Naperville,41.7662,-88.14104
IL,Nashville,38.33521,-89.38406
IL,Nason,38.17387,-88.96884
IL,National Stock Yards,38.65722,-90.1625
IL,Nauvoo,40.55,-91.38472
IL,Nebo,39.42018,-90.7692
IL,Neoga,39.32202,-88.45029
IL,Neponset,41.29046,-89.79438
IL,New Athens,38.316,-89.87278
IL,New Baden,38.53149,-89.69223
IL,New Bedford,41.54088,-89.77856
IL,New Berlin,39.73605,-89.90572
IL,New Boston,41.21526,-90.98786
IL,New Burnside,37.58061,-88.77125
IL,New Canton,39.63424,-91.08856
IL,New Douglas,38.96763,-89.73923
IL,New Haven,37.89991,-88.12846
IL,New Holland,40.16823,-89.56044
IL,New Lenox,41.5067,-87.96308
IL,New Memphis,38.45806,-89.67667
IL,New Salem,39.69957,-90.84399
IL,New Windsor,41.19873,-90.45984
IL,Newark,41.52668,-88.52701
IL,Newman,39.78479,-88.00006
IL,Newton,38.98468,-88.17039
IL,Niantic,39.85818,-89.17007
IL,Niles,42.01889,-87.80278
IL,Nilwood,39.3872,-89.77841
IL,Niota,40.59775,-91.29914
IL,Noble,38.71185,-88.21904
IL,Nokomis,39.30364,-89.2853
IL,Nora,42.45583,-89.94528
IL,Normal,40.51245,-88.98829
IL,Norris,40.62583,-90.03194
IL,Norris City,37.9773,-88.32434
IL,North Aurora,41.80893,-88.32742
IL,North Chicago,42.3189,-87.84782
IL,North Henderson,41.10061,-90.47357
IL,Northbrook,42.12544,-87.84654
IL,O Fallon,38.59052,-89.9093
IL,Oak Brook,41.8392,-87.9554
IL,Oak Forest,41.60768,-87.75422
IL,Oak Lawn,41.71431,-87.75156
IL,Oak Park,41.8886,-87.7986
IL,Oakdale,38.25729,-89.59605
IL,Oakford,40.09945,-89.96013
IL,Oakland,39.65162,-88.02532
IL,Oakwood,40.11666,-87.7825
IL,Oblong,39.00104,-87.89502
IL,Oconee,39.28841,-89.08364
IL,Odell,41.02377,-88.51564
IL,Odin,38.60879,-89.05523
IL,Ogden,40.14012,-87.9665
IL,Oglesby,41.29277,-89.05534
IL,Ohio,41.53715,-89.45741
IL,Ohlman,39.345,-89.21861
IL,Okawville,38.43186,-89.52304
IL,Olive Branch,37.16861,-89.35167
IL,Olmsted,37.19351,-89.09327
IL,Olney,38.73339,-88.08094
IL,Olympia Fields,41.51564,-87.68995
IL,Omaha,37.89042,-88.28648
IL,Onarga,40.712,-87.99584
IL,Oneida,41.08324,-90.23909
IL,Opdyke,38.27495,-88.77496
IL,Ophiem,41.2525,-90.3875
IL,Oquawka,40.94417,-90.9302
IL,Orangeville,42.47278,-89.64476
IL,Oraville,37.865,-89.38333
IL,Oreana,39.93514,-88.85468
IL,Oregon,42.00951,-89.34436
IL,Orient,37.91833,-88.9775
IL,Orion,41.36337,-90.38493
IL,Orland Park,41.61938,-87.84225
IL,Osco,41.36367,-90.26809
IL,Oswego,41.68489,-88.3453
IL,Ottawa,41.35262,-88.84159
IL,Owaneco,39.47751,-89.19507
IL,Ozark,37.5367,-88.76878
IL,Palatine,42.1258,-88.0764
IL,Palestine,39.00282,-87.6157
IL,Palmer,39.47082,-89.42556
IL,Palmyra,39.41654,-89.95674
IL,Paloma,40.03662,-91.20529
IL,Palos Heights,41.66215,-87.7927
IL,Palos Hills,41.70039,-87.82628
IL,Palos Park,41.66235,-87.85215
IL,Pana,39.38812,-89.07816
IL,Panama,39.03028,-89.52333
IL,Papineau,40.96917,-87.71639
IL,Paris,39.61322,-87.69763
IL,Park Forest,41.47406,-87.68287
IL,Park Ridge,42.01217,-87.84167
IL,Parkersburg,38.59,-88.06472
IL,Patoka,38.75485,-89.09419
IL,Patterson,39.48056,-90.48278
IL,Paw Paw,41.68523,-88.96738
IL,Pawnee,39.59097,-89.57895
IL,Paxton,40.45655,-88.09899
IL,Payson,39.81525,-91.26268
IL,Pearl,39.44407,-90.63795
IL,Pearl City,42.26097,-89.83933
IL,Pecatonica,42.30511,-89.34722
IL,Pekin,40.56744,-89.62433
IL,Penfield,40.31014,-87.95702
IL,Peoria,40.6854,-89.5953
IL,Peoria Heights,40.7437,-89.5757
IL,Peotone,41.33609,-87.78968
IL,Percy,38.01261,-89.61696
IL,Perks,37.30972,-89.08083
IL,Perry,39.78704,-90.74611
IL,Peru,41.33302,-89.12648
IL,Pesotum,39.9151,-88.27433
IL,Petersburg,40.01153,-89.84787
IL,Philo,40.00516,-88.15951
IL,Piasa,39.1517,-90.13115
IL,Pierron,38.77639,-89.52028
IL,Pinckneyville,38.09033,-89.38578
IL,Piper City,40.75561,-88.18735
IL,Pittsburg,37.78387,-88.87039
IL,Pittsfield,39.60131,-90.80727
IL,Plainfield,41.60088,-88.19939
IL,Plainville,39.80045,-91.1436
IL,Plano,41.66699,-88.53838
IL,Plato Center,42.02667,-88.43
IL,Pleasant Hill,39.4467,-90.87701
IL,Pleasant Plains,39.84977,-89.83836
IL,Plymouth,40.28849,-90.87381
IL,Pocahontas,38.78456,-89.52468
IL,Polo,41.98895,-89.59836
IL,Pomona,37.64108,-89.33631
IL,Pontiac,40.8764,-88.63277
IL,Poplar Grove,42.35936,-88.84277
IL,Port Byron,41.60135,-90.32629
IL,Posen,41.62766,-87.68721
IL,Potomac,40.309,-87.82319
IL,Prairie City,40.61795,-90.47275
IL,Prairie Du Rocher,38.08547,-90.09015
IL,Preemption,41.31278,-90.58444
IL,Princeton,41.36293,-89.42702
IL,Princeville,40.90928,-89.77228
IL,Prophetstown,41.63122,-89.94666
IL,Prospect Heights,42.10332,-87.91493
IL,Pulaski,37.21458,-89.1968
IL,Putnam,41.19486,-89.4409
IL,Quincy,39.9307,-91.37628
IL,Radom,38.28194,-89.19222
IL,Raleigh,37.8256,-88.53237
IL,Ramsey,39.07812,-89.10515
IL,Rankin,40.45591,-87.88836
IL,Ransom,41.15305,-88.65021
IL,Rantoul,40.31074,-88.14618
IL,Rapids City,41.58167,-90.34333
IL,Raritan,40.68781,-90.83189
IL,Raymond,39.31055,-89.58513
IL,Red Bud,38.19074,-89.98836
IL,Reddick,41.10053,-88.20893
IL,Redmon,39.64528,-87.86167
IL,Renault,38.1704,-90.09504
IL,Reynolds,41.32767,-90.63837
IL,Richmond,42.46686,-88.29002
IL,Richton Park,41.48185,-87.72383
IL,Richview,38.40823,-89.17557
IL,Ridge Farm,39.91546,-87.63458
IL,Ridgway,37.80424,-88.2612
IL,Ridott,42.29961,-89.46266
IL,Rinard,38.5806,-88.46409
IL,Ringwood,42.38043,-88.29707
IL,Rio,41.11032,-90.38998
IL,River Forest,41.89506,-87.8159
IL,River Grove,41.92789,-87.83871
IL,Riverdale,41.6503,-87.6319
IL,Riverside,41.83737,-87.82136
IL,Riverton,39.85524,-89.54191
IL,Roanoke,40.7956,-89.20933
IL,Robbins,41.64229,-87.70891
IL,Roberts,40.61933,-88.18041
IL,Robinson,39.00703,-87.74835
IL,Rochelle,41.92816,-89.07103
IL,Rochester,39.75905,-89.54721
IL,Rock City,42.41034,-89.4759
IL,Rock Falls,41.76653,-89.69247
IL,Rock Island,41.49132,-90.5648
IL,Rockbridge,39.28315,-90.25582
IL,Rockford,42.29223,-89.11612
IL,Rockport,39.53285,-90.97218
IL,Rockton,42.45437,-89.08874
IL,Rockwood,37.8322,-89.62144
IL,Rolling Meadows,42.07298,-88.01908
IL,Rome,40.88306,-89.5025
IL,Romeoville,41.6475,-88.08944
IL,Roodhouse,39.48465,-90.34981
IL,Rosamond,39.38923,-89.1846
IL,Roscoe,42.42166,-88.99433
IL,Roselle,41.97983,-88.0857
IL,Roseville,40.72382,-90.65145
IL,Rosiclare,37.42399,-88.34619
IL,Rossville,40.36255,-87.66918
IL,Round Lake,42.36681,-88.08882
IL,Roxana,38.84815,-90.07978
IL,Royal,40.19278,-87.97278
IL,Royalton,37.87903,-89.11415
IL,Rushville,40.12419,-90.56088
IL,Russell,42.49056,-87.9125
IL,Rutland,40.98441,-89.03883
IL,Sadorus,39.96131,-88.34472
IL,Sailor Springs,38.76389,-88.36306
IL,Saint Anne,41.04872,-87.65636
IL,Saint Augustine,40.7289,-90.37978
IL,Saint Charles,41.91942,-88.30702
IL,Saint David,40.52257,-90.04374
IL,Saint Elmo,39.03154,-88.85518
IL,Saint Francisville,38.61249,-87.67363
IL,Saint Jacob,38.72448,-89.66962
IL,Saint Joseph,40.12074,-88.04723
IL,Saint Libory,38.3625,-89.70972
IL,Saint Peter,38.86968,-88.856
IL,Sainte Marie,38.93222,-88.02333
IL,Salem,38.62642,-88.94808
IL,San Jose,40.29447,-89.62503
IL,Sandoval,38.61311,-89.11401
IL,Sandwich,41.63529,-88.6393
IL,Saunemin,40.88852,-88.40936
IL,Savanna,42.09558,-90.14006
IL,Savoy,40.06537,-88.25284
IL,Sawyerville,39.07833,-89.80722
IL,Saybrook,40.432,-88.52466
IL,Scales Mound,42.47155,-90.25803
IL,Schaumburg,42.0333,-88.0833
IL,Scheller,38.1731,-89.09269
IL,Schiller Park,41.9563,-87.86918
IL,Sciota,40.56736,-90.708
IL,Scott Air Force Base,38.54692,-89.85877
IL,Scottville,39.47817,-90.09692
IL,Seaton,41.07322,-90.82565
IL,Seatonville,41.36472,-89.27639
IL,Secor,40.7224,-89.12707
IL,Seneca,41.31525,-88.61001
IL,Serena,41.49948,-88.75089
IL,Sesser,38.08942,-89.0574
IL,Seward,42.23889,-89.35778
IL,Seymour,40.10347,-88.39443
IL,Shabbona,41.76385,-88.87525
IL,Shannon,42.16105,-89.74808
IL,Shawneetown,37.71319,-88.1785
IL,Sheffield,41.39488,-89.7115
IL,Shelbyville,39.40487,-88.80461
IL,Sheldon,40.78029,-87.57364
IL,Sheridan,41.51643,-88.67063
IL,Sherman,39.88946,-89.60251
IL,Sherrard,41.30267,-90.49386
IL,Shipman,39.12416,-90.04874
IL,Shirland,42.44444,-89.1975
IL,Shirley,40.41744,-89.08218
IL,Shobonier,38.84458,-89.07896
IL,Shorewood,41.5074,-88.21689
IL,Shumway,39.18814,-88.64183
IL,Sibley,40.58232,-88.38146
IL,Sidell,39.91102,-87.8248
IL,Sidney,40.02321,-88.06903
IL,Sigel,39.21762,-88.4803
IL,Silvis,41.50068,-90.41261
IL,Simpson,37.46303,-88.76246
IL,Sims,38.39232,-88.53064
IL,Skokie,42.03617,-87.73283
IL,Smithboro,38.87389,-89.32656
IL,Smithfield,40.48551,-90.2856
IL,Smithshire,40.74002,-90.73987
IL,Smithton,38.42314,-89.9896
IL,Somonauk,41.63829,-88.68165
IL,Sorento,38.96934,-89.56535
IL,South Beloit,42.48367,-89.02979
IL,South Elgin,41.99687,-88.29856
IL,South Holland,41.59792,-87.59381
IL,South Pekin,40.49444,-89.65167
IL,South Roxana,38.82944,-90.06278
IL,South Wilmington,41.17278,-88.27667
IL,Sparland,41.01337,-89.45711
IL,Sparta,38.13182,-89.70346
IL,Speer,41.00968,-89.69325
IL,Spring Grove,42.44127,-88.22373
IL,Spring Valley,41.32792,-89.20417
IL,Springerton,38.16987,-88.37261
IL,Springfield,39.80004,-89.64953
IL,Standard,41.25667,-89.18083
IL,Stanford,40.43758,-89.21643
IL,Staunton,39.01348,-89.7857
IL,Steeleville,38.00571,-89.66646
IL,Steger,41.46861,-87.63859
IL,Sterling,41.80551,-89.70539
IL,Steward,41.84754,-89.01509
IL,Stewardson,39.27199,-88.63185
IL,Stillman Valley,42.11835,-89.18976
IL,Stockland,40.61444,-87.59278
IL,Stockton,42.34922,-90.02018
IL,Stone Park,41.90301,-87.88105
IL,Stonefort,37.62992,-88.74281
IL,Stonington,39.64048,-89.19133
IL,Stoy,38.9975,-87.83306
IL,Strasburg,39.36411,-88.62786
IL,Strawn,40.64762,-88.40404
IL,Streamwood,42.02254,-88.16897
IL,Streator,41.12249,-88.83067
IL,Stronghurst,40.75227,-90.9257
IL,Sublette,41.63314,-89.23541
IL,Sugar Grove,41.77411,-88.43972
IL,Sullivan,39.59343,-88.60377
IL,Summerfield,38.59722,-89.75167
IL,Summit Argo,41.78424,-87.80747
IL,Sumner,38.73408,-87.78073
IL,Sutter,40.30968,-91.37609
IL,Sycamore,41.99112,-88.69281
IL,Table Grove,40.37844,-90.4239
IL,Tallula,39.94019,-89.88227
IL,Tamaroa,38.13797,-89.22309
IL,Tamms,37.23449,-89.27635
IL,Tampico,41.65216,-89.79479
IL,Taylor Ridge,41.38276,-90.73405
IL,Taylor Springs,39.13083,-89.49194
IL,Taylorville,39.55452,-89.31336
IL,Techny,42.12143,-87.80488
IL,Tennessee,40.41399,-90.8556
IL,Teutopolis,39.13198,-88.47674
IL,Texico,38.42504,-88.87015
IL,Thawville,40.68401,-88.09993
IL,Thayer,39.53806,-89.76306
IL,Thebes,37.19155,-89.3969
IL,Thomasboro,40.24021,-88.18303
IL,Thompsonville,37.88044,-88.76839
IL,Thomson,41.98163,-90.08444
IL,Thornton,41.57273,-87.60782
IL,Tilden,38.21194,-89.6825
IL,Tilton,40.09641,-87.64405
IL,Timewell,40.01166,-90.86607
IL,Tinley Park,41.58254,-87.80496
IL,Tinley Park,41.5963,-87.8434
IL,Tiskilwa,41.28905,-89.50797
IL,Toledo,39.27722,-88.24682
IL,Tolono,39.98501,-88.25964
IL,Toluca,41.00455,-89.13481
IL,Tonica,41.23274,-89.08899
IL,Topeka,40.38108,-89.93263
IL,Toulon,41.10095,-89.86058
IL,Tovey,39.58889,-89.45611
IL,Towanda,40.55333,-88.88865
IL,Tower Hill,39.36576,-88.97452
IL,Tremont,40.50534,-89.48332
IL,Trenton,38.6191,-89.6447
IL,Trilla,39.38529,-88.3457
IL,Triumph,41.49944,-89.02194
IL,Trivoli,40.67951,-89.91355
IL,Troy,38.72427,-89.87085
IL,Troy Grove,41.46778,-89.08306
IL,Tuscola,39.79951,-88.28159
IL,Ullin,37.27038,-89.19114
IL,Union,42.21027,-88.52829
IL,Union Hill,41.1075,-88.14667
IL,Unity,37.235,-89.27
IL,University Park,41.44337,-87.68338
IL,Urbana,40.10952,-88.20363
IL,Ursa,40.08092,-91.37334
IL,Utica,41.36303,-89.00079
IL,Valier,38.01528,-89.0425
IL,Valmeyer,38.29516,-90.30923
IL,Van Orin,41.55,-89.35333
IL,Vandalia,38.94391,-89.10412
IL,Varna,41.03272,-89.24833
IL,Venice,38.67063,-90.16893
IL,Vergennes,37.90513,-89.32686
IL,Vermilion,39.58111,-87.58889
IL,Vermont,40.30623,-90.42203
IL,Vernon,38.80333,-89.083
IL,Vernon Hills,42.22875,-87.97185
IL,Verona,41.25009,-88.51701
IL,Versailles,39.88829,-90.67415
IL,Victoria,41.02564,-90.09332
IL,Vienna,37.42054,-88.88787
IL,Villa Grove,39.86872,-88.16164
IL,Villa Park,41.8799,-87.97825
IL,Villa Ridge,37.15776,-89.18252
IL,Viola,41.20242,-90.59358
IL,Virden,39.50645,-89.77833
IL,Virginia,39.94548,-90.21268
IL,Wadsworth,42.44603,-87.90405
IL,Waggoner,39.38383,-89.64743
IL,Walnut,41.55304,-89.59224
IL,Walnut Hill,38.52001,-88.98451
IL,Walsh,38.02029,-89.82966
IL,Walshville,39.04726,-89.63497
IL,Waltonville,38.24648,-89.0067
IL,Wapella,40.2323,-88.96726
IL,Warren,42.489,-89.98599
IL,Warrensburg,39.93974,-89.06832
IL,Warrenville,41.82805,-88.19213
IL,Warsaw,40.35445,-91.4348
IL,Wasco,41.93806,-88.40444
IL,Washburn,40.91413,-89.28305
IL,Washington,40.69936,-89.44793
IL,Wataga,41.02235,-90.27231
IL,Waterloo,38.32227,-90.14777
IL,Waterman,41.75037,-88.77538
IL,Watseka,40.77335,-87.73093
IL,Watson,39.03949,-88.55988
IL,Wauconda,42.26355,-88.13328
IL,Waukegan,42.36361,-87.84472
IL,Waverly,39.58698,-89.9449
IL,Wayne,41.95083,-88.24222
IL,Wayne City,38.33281,-88.58332
IL,Waynesville,40.24367,-89.1143
IL,Wedron,41.43611,-88.77333
IL,Weldon,40.11774,-88.75306
IL,Wellington,40.53394,-87.65607
IL,Wenona,41.05485,-89.04164
IL,West Brooklyn,41.72916,-89.19092
IL,West Chicago,41.88856,-88.20217
IL,West Frankfort,37.89791,-88.93072
IL,West Liberty,38.89499,-88.09793
IL,West Point,40.24518,-91.24957
IL,West Salem,38.51827,-88.0323
IL,West Union,39.24018,-87.65121
IL,West York,39.19379,-87.71307
IL,Westchester,41.85237,-87.88449
IL,Western Springs,41.80486,-87.89948
IL,Westfield,39.44237,-88.0448
IL,Westmont,41.77285,-87.97574
IL,Westville,40.04511,-87.63595
IL,Wheaton,41.85659,-88.10763
IL,Wheeler,39.01819,-88.31754
IL,Wheeling,42.13404,-87.9341
IL,White Hall,39.4288,-90.4019
IL,White Heath,40.10091,-88.5193
IL,Whittington,38.09894,-88.86346
IL,Williamsfield,40.92772,-90.02672
IL,Williamsville,39.93044,-89.53417
IL,Willisville,37.98214,-89.57849
IL,Willow Hill,38.97565,-88.01716
IL,Willow Springs,41.73642,-87.87859
IL,Willowbrook,41.75278,-87.91972
IL,Wilmette,42.07646,-87.72457
IL,Wilmington,41.29806,-88.13008
IL,Wilsonville,39.07083,-89.85611
IL,Winchester,39.61411,-90.4337
IL,Windsor,39.4302,-88.58575
IL,Winfield,41.87436,-88.15162
IL,Winnebago,42.27272,-89.23732
IL,Winnetka,42.10361,-87.75226
IL,Winslow,42.48383,-89.80603
IL,Winthrop Harbor,42.47927,-87.83179
IL,Witt,39.24692,-89.34143
IL,Wolf Lake,37.51199,-89.44076
IL,Wonder Lake,42.38491,-88.35336
IL,Wood Dale,41.96017,-87.98097
IL,Wood River,38.86428,-90.08751
IL,Woodhull,41.18489,-90.28328
IL,Woodland,40.71444,-87.73111
IL,Woodlawn,38.38444,-89.07446
IL,Woodridge,41.75176,-88.04885
IL,Woodson,39.62889,-90.21889
IL,Woodstock,42.31977,-88.44767
IL,Woosung,41.90333,-89.54083
IL,Worden,38.9449,-89.85321
IL,Worth,41.6895,-87.78627
IL,Wrights,39.37583,-90.29417
IL,Wyanet,41.37845,-89.57442
IL,Wyoming,41.05988,-89.77824
IL,Xenia,38.66975,-88.63789
IL,Yale,39.12998,-88.01047
IL,Yates City,40.78783,-90.02648
IL,Yorkville,41.63873,-88.44379
IL,Zeigler,37.90692,-89.06026
IL,Zion,42.44425,-87.83893
IN,Advance,39.99583,-86.62
IN,Akron,41.03892,-86.03947
IN,Alamo,39.98194,-87.05722
IN,Albany,40.29205,-85.25799
IN,Albion,41.34822,-85.41418
IN,Alexandria,40.25608,-85.66815
IN,Ambia,40.47933,-87.47955
IN,Amboy,40.61051,-85.94973
IN,Amo,39.68806,-86.61361
IN,Anderson,40.11458,-85.72531
IN,Andrews,40.86179,-85.60673
IN,Angola,41.65632,-85.0198
IN,Arcadia,40.17758,-86.04088
IN,Arcola,41.10361,-85.29417
IN,Argos,41.23083,-86.25057
IN,Arlington,39.64879,-85.58277
IN,Ashley,41.53465,-85.05039
IN,Athens,41.05361,-86.12528
IN,Atlanta,40.14696,-85.93394
IN,Attica,40.28113,-87.22411
IN,Atwood,41.26083,-85.97528
IN,Auburn,41.359,-85.04685
IN,Aurora,39.0719,-84.94519
IN,Austin,38.7478,-85.79619
IN,Avilla,41.36894,-85.24142
IN,Avoca,38.91194,-86.54778
IN,Avon,39.76278,-86.39972
IN,Bainbridge,39.74066,-86.77112
IN,Bargersville,39.49999,-86.17969
IN,Batesville,39.30006,-85.22205
IN,Bath,39.49924,-84.83601
IN,Battle Ground,40.5248,-86.82378
IN,Bedford,38.87288,-86.48707
IN,Beech Grove,39.71543,-86.0933
IN,Bellmore,39.75917,-87.10528
IN,Bennington,38.87599,-85.0719
IN,Bentonville,39.74528,-86.19417
IN,Berne,40.66152,-84.93427
IN,Bethlehem,38.53917,-85.42056
IN,Beverly Shores,41.6925,-86.9775
IN,Bicknell,38.77272,-87.31372
IN,Bippus,40.94417,-85.62389
IN,Birdseye,38.30058,-86.71019
IN,Blanford,39.665,-87.52056
IN,Bloomfield,39.02954,-86.86755
IN,Bloomingdale,39.83481,-87.25597
IN,Bloomington,39.14006,-86.50826
IN,Bluffton,40.73684,-85.1622
IN,Boggstown,39.56833,-85.91596
IN,Boone Grove,41.35472,-87.12944
IN,Boonville,38.04744,-87.26199
IN,Borden,38.43617,-85.92147
IN,Boston,39.74111,-84.85194
IN,Boswell,40.51802,-87.37895
IN,Bourbon,41.30978,-86.11744
IN,Bowling Green,39.38121,-87.00525
IN,Bradford,38.36778,-86.06194
IN,Branchville,38.15719,-86.58587
IN,Brazil,39.52104,-87.12777
IN,Bremen,41.4467,-86.19323
IN,Bridgeton,39.64837,-87.1814
IN,Bringhurst,40.51629,-86.52037
IN,Bristol,41.71688,-85.82619
IN,Bristow,38.1631,-86.72182
IN,Brook,40.86553,-87.35268
IN,Brooklyn,39.53917,-86.36917
IN,Brookston,40.60109,-86.87531
IN,Brookville,39.4213,-84.99942
IN,Brownsburg,39.8466,-86.38693
IN,Brownstown,38.88359,-86.04862
IN,Brownsville,39.68449,-84.98807
IN,Bruceville,38.75628,-87.4313
IN,Bryant,40.54462,-84.91175
IN,Buck Creek,40.48778,-86.76139
IN,Buckskin,38.22087,-87.43077
IN,Buffalo,40.8825,-86.74528
IN,Bunker Hill,40.64227,-86.09615
IN,Burket,41.15528,-85.96861
IN,Burlington,40.48028,-86.39472
IN,Burnettsville,40.70775,-86.57474
IN,Burrows,40.67667,-86.5075
IN,Butler,41.42873,-84.87872
IN,Butlerville,39.1206,-85.49442
IN,Cambridge City,39.81817,-85.16845
IN,Camby,39.6405,-86.31181
IN,Camden,40.59959,-86.51522
IN,Campbellsburg,38.66904,-86.23585
IN,Canaan,38.86964,-85.2689
IN,Cannelburg,38.6947,-86.96687
IN,Cannelton,37.91085,-86.73262
IN,Carbon,39.57463,-87.06445
IN,Carlisle,38.9763,-87.36674
IN,Carmel,39.97123,-86.12454
IN,Carthage,39.74663,-85.57538
IN,Cayuga,39.93003,-87.45902
IN,Cedar Grove,39.34589,-84.8924
IN,Cedar Lake,41.37734,-87.44451
IN,Celestine,38.38779,-86.75681
IN,Centerpoint,39.39099,-87.09347
IN,Centerville,39.8081,-85.00317
IN,Central,38.09454,-86.19738
IN,Chalmers,40.66927,-86.86262
IN,Chandler,38.0423,-87.37555
IN,Charlestown,38.45678,-85.66061
IN,Charlottesville,39.81198,-85.6536
IN,Chesterton,41.60395,-87.0502
IN,Chrisney,38.00599,-87.07042
IN,Churubusco,41.22899,-85.32436
IN,Cicero,40.12678,-86.02484
IN,Clarks Hill,40.26281,-86.76077
IN,Clarksburg,39.43333,-85.34778
IN,Clarksville,38.53727,-85.52444
IN,Clay City,39.2727,-87.10824
IN,Claypool,41.1165,-85.86857
IN,Clayton,39.66815,-86.49592
IN,Clear Creek,39.10917,-86.54
IN,Clifford,39.28222,-85.86917
IN,Clinton,39.65914,-87.4208
IN,Cloverdale,39.54344,-86.81402
IN,Coal City,39.2573,-86.9883
IN,Coalmont,39.19333,-87.23111
IN,Coatesville,39.69304,-86.63145
IN,Colfax,40.19562,-86.65927
IN,Columbia City,41.16186,-85.47374
IN,Columbus,39.20551,-85.93175
IN,Commiskey,38.85263,-85.64338
IN,Connersville,39.64351,-85.14643
IN,Converse,40.57703,-85.8763
IN,Cortland,38.99155,-86.00092
IN,Corunna,41.45038,-85.13703
IN,Cory,39.34354,-87.19564
IN,Corydon,38.21887,-86.11446
IN,Covington,40.13262,-87.38188
IN,Craigville,40.79303,-85.09038
IN,Crandall,38.28927,-86.0698
IN,Crane,38.84962,-86.86547
IN,Crawfordsville,40.03252,-86.90742
IN,Cromwell,41.37514,-85.60313
IN,Cross Plains,38.94905,-85.21221
IN,Crothersville,38.80667,-85.84696
IN,Crown Point,41.42357,-87.35559
IN,Culver,41.22307,-86.41289
IN,Cutler,40.4785,-86.44617
IN,Cynthiana,38.1743,-87.71152
IN,Dale,38.17064,-87.00698
IN,Daleville,40.12574,-85.51102
IN,Dana,39.75283,-87.50102
IN,Danville,39.76282,-86.53425
IN,Darlington,40.11178,-86.7645
IN,Dayton,40.37417,-86.76889
IN,Decatur,40.82733,-84.93143
IN,Decker,38.50763,-87.55371
IN,Deedsville,40.91028,-86.10111
IN,Delong,41.13833,-86.41639
IN,Delphi,40.57339,-86.67885
IN,Demotte,41.17132,-87.24913
IN,Denver,40.86936,-86.07695
IN,Depauw,38.33608,-86.21086
IN,Deputy,38.77589,-85.63041
IN,Derby,38.02393,-86.57695
IN,Dillsboro,38.9962,-85.05499
IN,Donaldson,41.36111,-86.44417
IN,Dublin,39.81222,-85.20889
IN,Dubois,38.47282,-86.78319
IN,Dugger,39.06906,-87.25987
IN,Dunkirk,40.38829,-85.22554
IN,Dunreith,39.80333,-85.43861
IN,Dupont,38.8905,-85.5092
IN,Dyer,41.49198,-87.5108
IN,Earl Park,40.69447,-87.4232
IN,East Chicago,41.63489,-87.46273
IN,East Enterprise,38.87278,-84.98806
IN,Eaton,40.33767,-85.35439
IN,Eckerty,38.31855,-86.60594
IN,Economy,39.97122,-85.0878
IN,Edinburgh,39.3626,-85.97071
IN,Edwardsport,38.81058,-87.25186
IN,Elberfeld,38.20527,-87.41794
IN,Elizabeth,38.12439,-85.95887
IN,Elizabethtown,39.12429,-85.81531
IN,Elkhart,41.71008,-85.97295
IN,Ellettsville,39.25448,-86.61964
IN,Elnora,38.82228,-87.06524
IN,Elwood,40.28028,-85.83906
IN,Eminence,39.52139,-86.64139
IN,English,38.32581,-86.44288
IN,Etna Green,41.29179,-86.03499
IN,Evanston,38.02244,-86.83642
IN,Evansville,37.9746,-87.5674
IN,Fair Oaks,41.07286,-87.19703
IN,Fairbanks,39.21287,-87.51848
IN,Fairland,39.62947,-85.89128
IN,Fairmount,40.41875,-85.67133
IN,Falmouth,39.74362,-85.35242
IN,Farmersburg,39.26846,-87.50236
IN,Farmland,40.19445,-85.12538
IN,Ferdinand,38.23358,-86.86067
IN,Fillmore,39.64752,-86.74686
IN,Finly,39.705,-85.82278
IN,Fishers,39.95725,-85.94571
IN,Flat Rock,39.4075,-85.67589
IN,Flora,40.54447,-86.50157
IN,Florence,38.82244,-84.93987
IN,Floyds Knobs,38.35101,-85.89956
IN,Folsomville,38.12917,-87.16417
IN,Fontanet,39.57611,-87.24361
IN,Forest,40.37573,-86.3201
IN,Fort Branch,38.24714,-87.56823
IN,Fort Ritner,38.77306,-86.28111
IN,Fort Wayne,41.0716,-85.1367
IN,Fortville,39.92283,-85.81855
IN,Fountain City,39.96343,-84.909
IN,Fountaintown,39.67513,-85.78483
IN,Fowler,40.62551,-87.30902
IN,Fowlerton,40.40944,-85.57361
IN,Francesville,40.97094,-86.85534
IN,Francisco,38.33295,-87.45362
IN,Frankfort,40.2884,-86.51139
IN,Franklin,39.48539,-86.06075
IN,Frankton,40.22855,-85.77911
IN,Fredericksburg,38.48212,-86.17825
IN,Freedom,39.21515,-86.85003
IN,Freelandville,38.86472,-87.30583
IN,Freetown,38.99573,-86.12405
IN,Fremont,41.73313,-84.94525
IN,French Lick,38.53235,-86.61956
IN,Friendship,39.11459,-85.2153
IN,Fulda,38.11139,-86.83611
IN,Fulton,40.94722,-86.26278
IN,Galveston,40.58625,-86.1972
IN,Garrett,41.34822,-85.13467
IN,Gary,41.59333,-87.34639
IN,Gas City,40.4879,-85.60553
IN,Gaston,40.29479,-85.48984
IN,Geneva,40.60713,-84.96207
IN,Gentryville,38.08546,-87.04414
IN,Georgetown,38.30294,-85.9617
IN,Glenwood,39.61244,-85.27353
IN,Goldsmith,40.28944,-86.14917
IN,Goodland,40.76687,-87.29986
IN,Goshen,41.58448,-85.83799
IN,Gosport,39.34497,-86.6583
IN,Grabill,41.21075,-84.94059
IN,Grammer,39.15919,-85.71834
IN,Grandview,37.9703,-86.95677
IN,Granger,41.7427,-86.1411
IN,Grantsburg,38.28918,-86.46604
IN,Grass Creek,41.01861,-86.41333
IN,Graysville,39.1175,-87.55611
IN,Greencastle,39.64949,-86.86861
IN,Greenfield,39.7902,-85.8141
IN,Greens Fork,39.89163,-85.04941
IN,Greensboro,39.875,-85.46611
IN,Greensburg,39.33122,-85.47353
IN,Greentown,40.4791,-85.9582
IN,Greenville,38.35353,-86.0083
IN,Greenwood,39.6224,-86.14899
IN,Griffin,38.20686,-87.91663
IN,Griffith,41.53352,-87.42284
IN,Grissom Arb,40.66355,-86.14729
IN,Grovertown,41.32197,-86.5289
IN,Guilford,39.20585,-84.96159
IN,Gwynneville,39.66083,-85.64806
IN,Hagerstown,39.92277,-85.16009
IN,Hamilton,41.5566,-84.89509
IN,Hamlet,41.39334,-86.53213
IN,Hammond,41.60993,-87.50791
IN,Hanna,41.40877,-86.77592
IN,Hanover,38.71378,-85.47632
IN,Hardinsburg,38.4626,-86.31798
IN,Harlan,41.22847,-84.83863
IN,Harmony,39.53667,-87.10583
IN,Harrodsburg,39.01333,-86.545
IN,Hartford City,40.45411,-85.37577
IN,Hartsville,39.27332,-85.70046
IN,Hatfield,37.9025,-87.22417
IN,Haubstadt,38.18954,-87.57983
IN,Hayden,38.98306,-85.74056
IN,Hazleton,38.46228,-87.49835
IN,Hebron,41.31554,-87.20879
IN,Helmsburg,39.26528,-86.29278
IN,Heltonville,38.94801,-86.37033
IN,Hemlock,40.42,-86.04139
IN,Henryville,38.53983,-85.7734
IN,Highland,41.55005,-87.45691
IN,Hillsboro,40.08345,-87.15451
IN,Hillsdale,39.77123,-87.4041
IN,Hoagland,40.95238,-85.00751
IN,Hobart,41.52628,-87.2525
IN,Hobbs,40.28361,-85.9475
IN,Holland,38.23851,-87.00877
IN,Holton,39.04982,-85.37395
IN,Homer,39.57806,-85.57806
IN,Hope,39.25733,-85.76654
IN,Howe,41.72859,-85.47275
IN,Hudson,41.55989,-85.14195
IN,Huntertown,41.23911,-85.16772
IN,Huntingburg,38.2979,-86.9533
IN,Huntington,40.88113,-85.50544
IN,Huron,38.72222,-86.67056
IN,Hymera,39.18639,-87.30167
IN,Idaville,40.76737,-86.65565
IN,Indianapolis,39.77501,-86.10935
IN,Indianapolis,39.93842,-86.13894
IN,Ingalls,40.00024,-85.8256
IN,Inglefield,38.10806,-87.55889
IN,Ireland,38.41472,-86.99944
IN,Jamestown,39.95789,-86.62356
IN,Jasonville,39.17233,-87.20229
IN,Jasper,38.40439,-86.94079
IN,Jeffersonville,38.30777,-85.73588
IN,Jonesboro,40.48146,-85.6365
IN,Jonesville,39.06056,-85.88972
IN,Judson,39.81306,-87.13444
IN,Kempton,40.27595,-86.1887
IN,Kendallville,41.44821,-85.26087
IN,Kennard,39.90389,-85.51944
IN,Kentland,40.78768,-87.44707
IN,Kewanna,41.00871,-86.40605
IN,Keystone,40.58967,-85.27675
IN,Kimmell,41.3631,-85.51873
IN,Kingman,39.98938,-87.30355
IN,Kingsbury,41.5275,-86.7
IN,Kingsford Heights,41.48056,-86.69167
IN,Kirklin,40.20307,-86.33237
IN,Knightstown,39.80603,-85.52615
IN,Knightsville,39.52583,-87.1125
IN,Knox,41.29006,-86.61071
IN,Kokomo,40.49884,-86.14527
IN,Koleen,38.97139,-86.82889
IN,Kouts,41.30909,-87.02404
IN,Kurtz,38.97306,-86.12944
IN,La Crosse,41.31571,-86.86822
IN,La Fontaine,40.6909,-85.69714
IN,La Porte,41.59944,-86.70765
IN,Laconia,38.0527,-86.08442
IN,Ladoga,39.91325,-86.8031
IN,Lafayette,40.41774,-86.88836
IN,Lagrange,41.65201,-85.40401
IN,Lagro,40.8199,-85.72045
IN,Lake Cicott,40.76417,-86.52417
IN,Lake Station,41.56863,-87.26221
IN,Lake Village,41.13874,-87.44542
IN,Laketon,40.97417,-85.83583
IN,Lakeville,41.52533,-86.27144
IN,Lamar,38.0479,-86.96291
IN,Lanesville,38.24482,-85.95931
IN,Laotto,41.29912,-85.19009
IN,Lapaz,41.45778,-86.30889
IN,Lapel,40.08543,-85.84395
IN,Larwill,41.16462,-85.61387
IN,Laurel,39.49157,-85.20804
IN,Lawrenceburg,39.14012,-84.86582
IN,Leavenworth,38.19424,-86.35986
IN,Lebanon,40.04489,-86.46407
IN,Leesburg,41.32659,-85.81603
IN,Leiters Ford,41.12167,-86.38583
IN,Leo,41.22486,-85.03009
IN,Leopold,38.10114,-86.60443
IN,Leroy,41.36,-87.27194
IN,Lewis,39.27326,-87.26368
IN,Lewisville,39.82829,-85.36211
IN,Lexington,38.65064,-85.65891
IN,Liberty,39.61265,-84.90895
IN,Liberty Center,40.70016,-85.27741
IN,Liberty Mills,41.03361,-85.73583
IN,Ligonier,41.46617,-85.59272
IN,Lincoln City,38.12756,-86.9872
IN,Linden,40.18332,-86.89055
IN,Linton,39.04614,-87.17229
IN,Little York,38.70278,-85.905
IN,Lizton,39.88433,-86.54286
IN,Logansport,40.76038,-86.35989
IN,Loogootee,38.6629,-86.91366
IN,Losantville,40.04749,-85.21085
IN,Lowell,41.28453,-87.41907
IN,Lucerne,40.86143,-86.40773
IN,Lynn,40.05186,-84.93003
IN,Lynnville,38.19608,-87.29349
IN,Lyons,38.97173,-87.1016
IN,Mackey,38.25222,-87.39167
IN,Macy,40.96184,-86.12643
IN,Madison,38.76487,-85.40702
IN,Manilla,39.57571,-85.63537
IN,Marengo,38.3736,-86.35778
IN,Mariah Hill,38.14949,-86.83159
IN,Marion,40.57433,-85.67413
IN,Markle,40.83797,-85.37399
IN,Markleville,39.99439,-85.62274
IN,Marshall,39.90622,-87.17803
IN,Martinsville,39.44765,-86.42901
IN,Marysville,38.55449,-85.63081
IN,Matthews,40.38861,-85.49944
IN,Mauckport,38.04366,-86.18462
IN,Maxwell,39.8575,-85.77
IN,Mays,39.74361,-85.43
IN,Mc Cordsville,39.90182,-85.9095
IN,Mecca,39.72722,-87.33056
IN,Medaryville,41.08973,-86.88084
IN,Medora,38.8255,-86.18973
IN,Mellott,40.16528,-87.14778
IN,Memphis,38.46418,-85.7775
IN,Mentone,41.16149,-86.02992
IN,Merom,39.03231,-87.53968
IN,Merrillville,41.4957,-87.35093
IN,Metamora,39.42878,-85.15044
IN,Mexico,40.82222,-86.11556
IN,Miami,40.61417,-86.10639
IN,Michigan City,41.69803,-86.8699
IN,Michigantown,40.31082,-86.37531
IN,Middlebury,41.67542,-85.71144
IN,Middletown,40.04749,-85.53678
IN,Midland,39.12194,-87.19167
IN,Milan,39.15033,-85.13242
IN,Milford,41.40114,-85.85544
IN,Mill Creek,41.5561,-86.54725
IN,Millersburg,41.53351,-85.70725
IN,Millhousen,39.21056,-85.4325
IN,Milltown,38.34445,-86.30034
IN,Milroy,39.49547,-85.50437
IN,Milton,39.77628,-85.14227
IN,Mishawaka,41.65066,-86.1623
IN,Mitchell,38.74262,-86.4761
IN,Modoc,40.05816,-85.0919
IN,Mongo,41.68472,-85.27972
IN,Monon,40.86118,-86.86354
IN,Monroe,40.70052,-84.84413
IN,Monroe City,38.60015,-87.36414
IN,Monroeville,40.98704,-84.89373
IN,Monrovia,39.5714,-86.48937
IN,Monterey,41.13833,-86.51786
IN,Montezuma,39.79606,-87.36068
IN,Montgomery,38.65215,-87.0476
IN,Monticello,40.76256,-86.755
IN,Montmorenci,40.47417,-87.02944
IN,Montpelier,40.55766,-85.25134
IN,Mooreland,39.99407,-85.25807
IN,Moores Hill,39.09446,-85.06381
IN,Mooresville,39.59147,-86.36417
IN,Morgantown,39.36284,-86.2803
IN,Morocco,40.96455,-87.41871
IN,Morris,39.28222,-85.1775
IN,Morristown,39.66748,-85.69342
IN,Mount Ayr,40.95194,-87.29917
IN,Mount Saint Francis,38.35833,-85.9425
IN,Mount Summit,40.00444,-85.38472
IN,Mount Vernon,37.95057,-87.85689
IN,Mulberry,40.3433,-86.66126
IN,Muncie,40.16841,-85.38069
IN,Munster,41.55444,-87.5011
IN,Nabb,38.61277,-85.5217
IN,Napoleon,39.20472,-85.33083
IN,Nappanee,41.4493,-85.99453
IN,Nashville,39.23671,-86.22199
IN,Needham,39.47794,-86.00409
IN,New Albany,38.30892,-85.82209
IN,New Carlisle,41.70511,-86.48383
IN,New Castle,39.92077,-85.36632
IN,New Goshen,39.58111,-87.46222
IN,New Harmony,38.1245,-87.91719
IN,New Haven,41.06986,-85.01173
IN,New Lebanon,39.09528,-87.40583
IN,New Lisbon,39.86333,-85.26306
IN,New Market,39.9525,-86.92139
IN,New Middletown,38.1442,-86.05526
IN,New Palestine,39.72326,-85.90515
IN,New Paris,41.49165,-85.83383
IN,New Point,39.30972,-85.32917
IN,New Richmond,40.18118,-86.97893
IN,New Ross,39.98827,-86.75277
IN,New Salisbury,38.33989,-86.08873
IN,New Trenton,39.31083,-84.90139
IN,New Washington,38.55752,-85.45987
IN,New Waverly,40.76417,-86.1925
IN,Newberry,38.92291,-87.00805
IN,Newburgh,37.94444,-87.40528
IN,Newport,39.88417,-87.40861
IN,Newtown,40.20417,-87.14778
IN,Nineveh,39.3656,-86.09764
IN,Noblesville,40.05629,-86.01629
IN,Norman,38.93,-86.20793
IN,North Judson,41.22437,-86.6966
IN,North Liberty,41.54251,-86.41333
IN,North Manchester,40.9986,-85.78418
IN,North Salem,39.86705,-86.63883
IN,North Vernon,39.00176,-85.62722
IN,North Webster,41.30842,-85.70787
IN,Notre Dame,41.70057,-86.24289
IN,Oakford,40.41917,-86.10417
IN,Oakland City,38.33605,-87.35191
IN,Oaktown,38.85794,-87.38788
IN,Oakville,40.07917,-85.39056
IN,Odon,38.81867,-86.97521
IN,Oldenburg,39.3598,-85.22223
IN,Onward,40.69472,-86.195
IN,Oolitic,38.89378,-86.52462
IN,Ora,41.17389,-86.55306
IN,Orestes,40.26944,-85.72806
IN,Orland,41.73088,-85.14651
IN,Orleans,38.65346,-86.45316
IN,Osceola,41.67407,-86.07888
IN,Osgood,39.15734,-85.29381
IN,Ossian,40.88061,-85.15704
IN,Otisco,38.54234,-85.6647
IN,Otterbein,40.51701,-87.12249
IN,Otwell,38.46622,-87.09855
IN,Owensburg,38.95222,-86.74412
IN,Owensville,38.27441,-87.70905
IN,Oxford,40.52171,-87.25258
IN,Palmyra,38.41048,-86.08878
IN,Paoli,38.5507,-86.44902
IN,Paragon,39.4042,-86.57787
IN,Paris Crossing,38.85584,-85.74872
IN,Parker City,40.19384,-85.19626
IN,Patoka,38.4143,-87.59579
IN,Patricksburg,39.31556,-86.95917
IN,Patriot,38.85369,-84.85154
IN,Paxton,39.02111,-87.38861
IN,Pekin,38.49308,-86.01704
IN,Pendleton,39.97924,-85.79461
IN,Pennville,40.5082,-85.14917
IN,Perrysville,40.0737,-87.46479
IN,Pershing,39.81278,-85.16361
IN,Peru,40.7492,-86.06804
IN,Petersburg,38.47893,-87.28829
IN,Petroleum,40.61139,-85.15083
IN,Pierceton,41.21241,-85.70612
IN,Pierceville,39.13333,-85.17972
IN,Pimento,39.28979,-87.37919
IN,Pine Village,40.43276,-87.23172
IN,Pittsboro,39.86153,-86.46455
IN,Plainfield,39.71604,-86.39506
IN,Plainville,38.79151,-87.15782
IN,Pleasant Lake,41.58425,-85.02128
IN,Pleasant Mills,40.77778,-84.84222
IN,Plymouth,41.3339,-86.32409
IN,Poland,39.4462,-86.9631
IN,Poneto,40.64187,-85.25619
IN,Portage,41.5672,-87.17569
IN,Portland,40.43056,-84.99282
IN,Poseyville,38.17199,-87.80275
IN,Prairie Creek,39.275,-87.49722
IN,Prairieton,39.37,-87.47444
IN,Preble,40.83222,-85.01472
IN,Princeton,38.3525,-87.56907
IN,Putnamville,39.57417,-86.86528
IN,Quincy,39.43952,-86.80251
IN,Ragsdale,38.74583,-87.325
IN,Ramsey,38.33544,-86.13077
IN,Redkey,40.32649,-85.16197
IN,Reelsville,39.54642,-86.94998
IN,Remington,40.76665,-87.15994
IN,Rensselaer,40.94773,-87.13373
IN,Reynolds,40.76061,-86.86914
IN,Richland,37.9136,-87.20096
IN,Richmond,39.83244,-84.89361
IN,Ridgeville,40.28036,-85.0371
IN,Riley,39.39,-87.3
IN,Rising Sun,38.95667,-84.88068
IN,Roachdale,39.83255,-86.79023
IN,Roann,40.90665,-85.88989
IN,Roanoke,40.96,-85.35263
IN,Rochester,41.06549,-86.23101
IN,Rockfield,40.64111,-86.57389
IN,Rockport,37.8858,-87.07701
IN,Rockville,39.76815,-87.19779
IN,Rolling Prairie,41.72286,-86.58409
IN,Rome,37.93756,-86.59579
IN,Rome City,41.48491,-85.3743
IN,Romney,40.2605,-86.90441
IN,Rosedale,39.62391,-87.30859
IN,Roselawn,41.14167,-87.31472
IN,Rossville,40.41093,-86.60797
IN,Royal Center,40.8645,-86.50775
IN,Rushville,39.61923,-85.43212
IN,Russellville,39.8366,-86.96698
IN,Russiaville,40.41509,-86.26747
IN,Saint Anthony,38.33222,-86.82486
IN,Saint Bernice,39.70917,-87.52139
IN,Saint Croix,38.23977,-86.60351
IN,Saint Joe,41.32405,-84.90425
IN,Saint John,41.44949,-87.47638
IN,Saint Mary Of The Woods,39.51083,-87.46722
IN,Saint Meinrad,38.18195,-86.84292
IN,Saint Paul,39.42775,-85.59937
IN,Salamonia,40.35823,-84.8551
IN,Salem,38.60714,-86.07874
IN,San Pierre,41.21108,-86.87253
IN,Sandborn,38.88174,-87.20253
IN,Santa Claus,38.0945,-86.90353
IN,Saratoga,40.25737,-84.95085
IN,Schererville,41.49223,-87.46053
IN,Schneider,41.18694,-87.44833
IN,Schnellville,38.34144,-86.75651
IN,Scipio,39.06654,-85.71286
IN,Scotland,38.91278,-86.90389
IN,Scottsburg,38.6885,-85.79865
IN,Sedalia,40.41556,-86.51472
IN,Seelyville,39.49194,-87.26722
IN,Sellersburg,38.39033,-85.76352
IN,Selma,40.16929,-85.27376
IN,Servia,40.95667,-85.74056
IN,Seymour,38.95713,-85.88248
IN,Sharpsville,40.37323,-86.10864
IN,Shelburn,39.20992,-87.36119
IN,Shelby,41.19528,-87.34778
IN,Shelbyville,39.50434,-85.78751
IN,Shepardsville,39.60083,-87.4175
IN,Sheridan,40.11041,-86.23674
IN,Shipshewana,41.66326,-85.5932
IN,Shirley,39.91582,-85.51815
IN,Shoals,38.6791,-86.77609
IN,Silver Lake,41.07432,-85.87921
IN,Smithville,39.07111,-86.50694
IN,Solsberry,39.11905,-86.73784
IN,Somerset,40.66917,-85.82833
IN,Somerville,38.27639,-87.37778
IN,South Bend,41.6727,-86.25349
IN,South Milford,41.5325,-85.27222
IN,South Whitley,41.07263,-85.61425
IN,Speedway,39.79867,-86.25731
IN,Spencer,39.28907,-86.77894
IN,Spencerville,41.26955,-84.93975
IN,Spiceland,39.82708,-85.44504
IN,Springport,40.00885,-85.36887
IN,Springville,38.95065,-86.61388
IN,Spurgeon,38.25222,-87.25722
IN,Stanford,39.08972,-86.66667
IN,Star City,40.96018,-86.54041
IN,State Line,40.19722,-87.52694
IN,Staunton,39.4875,-87.18889
IN,Stendal,38.28347,-87.12045
IN,Stilesville,39.63911,-86.61819
IN,Stinesville,39.29861,-86.65222
IN,Stockwell,40.28611,-86.77083
IN,Straughn,39.83195,-85.27241
IN,Stroh,41.58139,-85.19944
IN,Sullivan,39.10102,-87.41024
IN,Sulphur,38.22719,-86.4873
IN,Sulphur Springs,40.01112,-85.44075
IN,Sumava Resorts,41.16639,-87.43917
IN,Summitville,40.33983,-85.64026
IN,Sunman,39.26231,-85.11593
IN,Swayzee,40.5112,-85.82654
IN,Sweetser,40.57194,-85.76917
IN,Switz City,39.03694,-87.05024
IN,Syracuse,41.40649,-85.71835
IN,Talbot,40.61667,-87.32083
IN,Taswell,38.3463,-86.53867
IN,Taylorsville,39.29583,-85.95083
IN,Tefft,41.19861,-86.97389
IN,Tell City,37.96551,-86.7457
IN,Templeton,40.51278,-87.20778
IN,Tennyson,38.12321,-87.13875
IN,Terre Haute,39.4666,-87.4138
IN,Terre Haute,39.4667,-87.4068
IN,Thayer,41.17333,-87.33361
IN,Thorntown,40.11333,-86.58982
IN,Tippecanoe,41.21661,-86.10951
IN,Tipton,40.28173,-86.04329
IN,Topeka,41.56344,-85.53167
IN,Trafalgar,39.36959,-86.18379
IN,Troy,37.99799,-86.79777
IN,Tunnelton,38.76861,-86.34278
IN,Twelve Mile,40.85466,-86.21259
IN,Tyner,41.40972,-86.4025
IN,Underwood,38.59025,-85.76721
IN,Union City,40.20237,-84.82679
IN,Union Mills,41.46024,-86.83551
IN,Uniondale,40.87166,-85.27321
IN,Unionville,39.2514,-86.41895
IN,Universal,39.62167,-87.45139
IN,Upland,40.45484,-85.49905
IN,Urbana,40.89865,-85.74848
IN,Vallonia,38.81741,-86.069
IN,Valparaiso,41.47566,-87.07587
IN,Van Buren,40.63199,-85.48189
IN,Veedersburg,40.11862,-87.26017
IN,Velpen,38.36798,-87.099
IN,Vernon,38.96887,-85.59838
IN,Versailles,39.05107,-85.22349
IN,Vevay,38.77242,-85.08522
IN,Vincennes,38.67344,-87.50981
IN,Wabash,40.79095,-85.83212
IN,Wadesville,38.08279,-87.75429
IN,Wakarusa,41.54007,-86.02052
IN,Waldron,39.46885,-85.66441
IN,Walkerton,41.44575,-86.45102
IN,Wallace,39.98639,-87.14833
IN,Walton,40.67722,-86.2805
IN,Wanatah,41.38448,-86.87644
IN,Warren,40.68865,-85.41834
IN,Warsaw,41.24377,-85.85078
IN,Washington,38.65357,-87.17066
IN,Waterloo,41.44022,-85.0221
IN,Waveland,39.902,-87.01776
IN,Wawaka,41.48325,-85.48043
IN,Waynetown,40.08579,-87.05116
IN,Webster,39.9057,-84.94291
IN,West Baden Springs,38.5855,-86.61383
IN,West College Corner,39.5675,-84.81611
IN,West Harrison,39.26673,-84.87803
IN,West Lafayette,40.44403,-86.92366
IN,West Lebanon,40.24149,-87.43668
IN,West Middleton,40.43944,-86.21611
IN,West Newton,39.65306,-86.28278
IN,West Terre Haute,39.49384,-87.46709
IN,Westfield,40.04887,-86.14991
IN,Westphalia,38.86278,-87.22556
IN,Westpoint,40.35805,-87.05748
IN,Westport,39.17486,-85.5856
IN,Westville,41.53652,-86.90132
IN,Wheatfield,41.17795,-87.06988
IN,Wheatland,38.66705,-87.3062
IN,Wheeler,41.51167,-87.17917
IN,Whiteland,39.55531,-86.09348
IN,Whitestown,40.00002,-86.35072
IN,Whiting,41.67866,-87.50054
IN,Wilkinson,39.89567,-85.61436
IN,Williams,38.77348,-86.62849
IN,Williamsburg,39.958,-84.99844
IN,Williamsport,40.30944,-87.27869
IN,Winamac,41.05624,-86.6307
IN,Winchester,40.16959,-85.00437
IN,Windfall,40.36689,-85.94762
IN,Wingate,40.16659,-87.06644
IN,Winona Lake,41.21101,-85.83053
IN,Winslow,38.36395,-87.22233
IN,Wolcott,40.75161,-87.029
IN,Wolcottville,41.55697,-85.31499
IN,Wolflake,41.3325,-85.49806
IN,Woodburn,41.1361,-84.89287
IN,Worthington,39.12298,-86.99906
IN,Wyatt,41.52583,-86.16944
IN,Yeoman,40.66778,-86.72417
IN,Yoder,40.93706,-85.19583
IN,Yorktown,40.18358,-85.49599
IN,Young America,40.56861,-86.34667
IN,Zanesville,40.91583,-85.28111
IN,Zionsville,39.95611,-86.27674
KS,Abbyville,37.9626,-98.2071
KS,Abilene,38.93714,-97.20632
KS,Admire,38.6393,-96.10166
KS,Agenda,39.70287,-97.42698
KS,Agra,39.8037,-99.12554
KS,Albert,38.47576,-98.98071
KS,Alden,38.2343,-98.3112
KS,Alexander,38.457,-99.53783
KS,Allen,38.63752,-96.24997
KS,Alma,39.00921,-96.29232
KS,Almena,39.88907,-99.70418
KS,Alta Vista,38.86357,-96.47998
KS,Altamont,37.1873,-95.2983
KS,Alton,39.45142,-98.95387
KS,Altoona,37.51967,-95.64833
KS,Americus,38.5098,-96.26075
KS,Andale,37.78269,-97.64071
KS,Andover,37.69853,-97.1179
KS,Anthony,37.15121,-98.0285
KS,Arcadia,37.63411,-94.65478
KS,Argonia,37.28397,-97.75568
KS,Arkansas City,37.06759,-97.03566
KS,Arlington,37.85979,-98.15905
KS,Arma,37.54389,-94.7
KS,Arnold,38.60912,-100.012
KS,Ashland,37.18234,-99.75904
KS,Assaria,38.6676,-97.62032
KS,Atchison,39.55941,-95.13041
KS,Athol,39.77187,-98.90773
KS,Atlanta,37.43431,-96.76614
KS,Attica,37.25277,-98.22643
KS,Atwood,39.79261,-101.03177
KS,Auburn,38.91667,-95.81994
KS,Augusta,37.68361,-96.96477
KS,Aurora,39.44719,-97.53041
KS,Axtell,39.87068,-96.26756
KS,Baileyville,39.88162,-96.18014
KS,Baldwin City,38.79531,-95.22762
KS,Barnard,39.18157,-98.07114
KS,Barnes,39.68411,-96.86757
KS,Bartlett,37.0601,-95.21151
KS,Basehor,39.12814,-94.95703
KS,Baxter Springs,37.02806,-94.73928
KS,Bazine,38.45646,-99.70161
KS,Beattie,39.89884,-96.42862
KS,Beaumont,37.60787,-96.63864
KS,Beeler,38.48113,-100.17096
KS,Belle Plaine,37.40516,-97.28522
KS,Belleville,39.82405,-97.62902
KS,Beloit,39.45446,-98.11171
KS,Belpre,37.93465,-99.09357
KS,Belvue,39.2273,-96.18663
KS,Bendena,39.71738,-95.17646
KS,Benedict,37.6514,-95.62421
KS,Bennington,39.02239,-97.60312
KS,Bentley,37.87958,-97.51638
KS,Benton,37.79462,-97.09712
KS,Bern,39.95705,-95.96103
KS,Berryton,38.94418,-95.58249
KS,Beverly,38.98442,-97.98179
KS,Bird City,39.75794,-101.53187
KS,Bison,38.51933,-99.19863
KS,Blue Mound,38.09077,-95.00527
KS,Blue Rapids,39.67497,-96.63595
KS,Bluff City,37.08385,-97.87541
KS,Bogue,39.37822,-99.67882
KS,Bonner Springs,39.06846,-94.8861
KS,Bremen,39.87747,-96.74585
KS,Brewster,39.36552,-101.37297
KS,Bronson,37.92136,-95.03034
KS,Brookville,38.78577,-97.863
KS,Brownell,38.62385,-99.73281
KS,Bucklin,37.55297,-99.63254
KS,Bucyrus,38.68702,-94.74295
KS,Buffalo,37.70106,-95.70142
KS,Buhler,38.1309,-97.76909
KS,Bunker Hill,38.8357,-98.67829
KS,Burden,37.32086,-96.75704
KS,Burdett,38.21038,-99.52751
KS,Burdick,38.56737,-96.83963
KS,Burlingame,38.7634,-95.84002
KS,Burlington,38.2016,-95.74116
KS,Burns,38.12216,-96.86343
KS,Burr Oak,39.89318,-98.34991
KS,Burrton,38.02613,-97.66665
KS,Bushton,38.50184,-98.40163
KS,Byers,37.78469,-98.90166
KS,Caldwell,37.04524,-97.62466
KS,Cambridge,37.35835,-96.66388
KS,Caney,37.02241,-95.90913
KS,Canton,38.38584,-97.42907
KS,Carbondale,38.82062,-95.68708
KS,Cassoday,38.0298,-96.67457
KS,Catharine,38.96034,-99.21599
KS,Cawker City,39.51153,-98.43346
KS,Cedar,39.66024,-98.93692
KS,Cedar Point,38.27976,-96.77544
KS,Cedar Vale,37.12649,-96.47013
KS,Centerville,38.21303,-94.99343
KS,Centralia,39.73805,-96.1486
KS,Chanute,37.67493,-95.45696
KS,Chapman,38.97223,-97.01696
KS,Chase,38.36351,-98.35563
KS,Chautauqua,37.02028,-96.17639
KS,Cheney,37.6353,-97.76864
KS,Cherokee,37.36941,-94.84241
KS,Cherryvale,37.26683,-95.55902
KS,Chetopa,37.04182,-95.07957
KS,Cimarron,37.81273,-100.34382
KS,Circleville,39.51547,-95.85171
KS,Claflin,38.54089,-98.53722
KS,Clay Center,39.38435,-97.12779
KS,Clayton,39.69985,-100.05962
KS,Clearview City,38.97917,-94.96833
KS,Clearwater,37.50759,-97.50818
KS,Clifton,39.62012,-97.2611
KS,Clyde,39.57584,-97.408
KS,Coats,37.5125,-98.8504
KS,Coffeyville,37.04406,-95.63276
KS,Colby,39.38304,-101.04417
KS,Coldwater,37.24791,-99.31148
KS,Collyer,38.96523,-100.06921
KS,Colony,38.07615,-95.3287
KS,Columbus,37.16899,-94.85023
KS,Colwich,37.77824,-97.54052
KS,Concordia,39.55943,-97.66273
KS,Conway Springs,37.39027,-97.62836
KS,Coolidge,38.04167,-102.00833
KS,Copeland,37.56799,-100.61481
KS,Corning,39.65702,-96.07759
KS,Cottonwood Falls,38.35654,-96.54185
KS,Council Grove,38.66766,-96.49729
KS,Courtland,39.78509,-97.88996
KS,Crestline,37.16123,-94.67827
KS,Cuba,39.79748,-97.44962
KS,Cummings,39.48298,-95.28628
KS,Cunningham,37.66615,-98.39297
KS,Damar,39.32418,-99.58106
KS,Danville,37.26742,-97.86893
KS,De Soto,38.95656,-94.96471
KS,Dearing,37.05861,-95.71306
KS,Deerfield,38.00677,-101.14314
KS,Delia,39.26545,-95.9608
KS,Delphos,39.27312,-97.77169
KS,Denison,39.41531,-95.63285
KS,Dennis,37.32432,-95.4116
KS,Denton,39.71536,-95.27438
KS,Derby,37.55298,-97.25489
KS,Dexter,37.16409,-96.6917
KS,Dighton,38.47459,-100.45802
KS,Dodge City,37.75688,-100.02407
KS,Dorrance,38.83478,-98.56947
KS,Douglass,37.51951,-96.99485
KS,Dover,39.01922,-95.89855
KS,Downs,39.50275,-98.54412
KS,Dresden,39.60936,-100.41122
KS,Durham,38.50384,-97.25553
KS,Dwight,38.8389,-96.58021
KS,Easton,39.36205,-95.05435
KS,Edgerton,38.78108,-95.00938
KS,Edna,37.05615,-95.34416
KS,Edson,39.35787,-101.521
KS,Edwardsville,39.0587,-94.8255
KS,Effingham,39.50226,-95.41982
KS,El Dorado,37.82265,-96.8543
KS,Elbing,38.04621,-97.11277
KS,Elk City,37.31457,-95.91352
KS,Elk Falls,37.37451,-96.1959
KS,Elkhart,37.01545,-101.90124
KS,Ellinwood,38.3565,-98.58487
KS,Ellis,38.94713,-99.52851
KS,Ellsworth,38.73122,-98.20568
KS,Elmdale,38.37792,-96.66746
KS,Elsmore,37.80353,-95.15465
KS,Elwood,39.75556,-94.87222
KS,Emmett,39.30482,-96.05933
KS,Emporia,38.4184,-96.18715
KS,Englewood,37.06575,-99.98779
KS,Ensign,37.64138,-100.24956
KS,Enterprise,38.90632,-97.11222
KS,Erie,37.60439,-95.25138
KS,Esbon,39.75619,-98.44622
KS,Eskridge,38.85136,-96.10158
KS,Eudora,38.93304,-95.10221
KS,Eureka,37.82647,-96.29588
KS,Everest,39.68797,-95.4138
KS,Fairview,39.8445,-95.71101
KS,Fall River,37.62105,-96.04346
KS,Falun,38.66479,-97.75541
KS,Farlington,37.6163,-94.84793
KS,Florence,38.24154,-96.93456
KS,Fontana,38.41015,-94.87179
KS,Ford,37.63231,-99.76422
KS,Formoso,39.77947,-97.98891
KS,Fort Dodge,37.70652,-99.94563
KS,Fort Leavenworth,39.34851,-94.92655
KS,Fort Riley,39.06195,-96.78734
KS,Fort Scott,37.83416,-94.70422
KS,Fostoria,39.39389,-96.41333
KS,Fowler,37.3542,-100.19815
KS,Frankfort,39.719,-96.42832
KS,Franklin,37.52639,-94.70556
KS,Fredonia,37.52562,-95.8229
KS,Freeport,37.19026,-97.86342
KS,Frontenac,37.45556,-94.68889
KS,Fulton,37.98828,-94.73959
KS,Galena,37.06324,-94.65574
KS,Galesburg,37.46935,-95.31077
KS,Galva,38.38238,-97.53592
KS,Garden City,37.97693,-100.86209
KS,Garden Plain,37.67671,-97.66002
KS,Gardner,38.80754,-94.91567
KS,Garfield,38.06493,-99.23743
KS,Garland,37.71736,-94.67206
KS,Garnett,38.28591,-95.25937
KS,Gas,37.92361,-95.34583
KS,Gaylord,39.65992,-98.80175
KS,Gem,39.42959,-100.89478
KS,Geneseo,38.50366,-98.18582
KS,Geuda Springs,37.08093,-97.1795
KS,Girard,37.50913,-94.85691
KS,Glade,39.67037,-99.29963
KS,Glasco,39.36209,-97.84183
KS,Glen Elder,39.49578,-98.31551
KS,Goddard,37.65748,-97.53641
KS,Goessel,38.23426,-97.33628
KS,Goff,39.66539,-95.95739
KS,Goodland,39.3491,-101.7164
KS,Gorham,38.87223,-99.01116
KS,Gove,38.88697,-100.48671
KS,Grainfield,39.10302,-100.46804
KS,Grantville,39.09721,-95.53973
KS,Great Bend,38.37094,-98.7831
KS,Greeley,38.35243,-95.11876
KS,Green,39.42006,-96.99942
KS,Greenleaf,39.70614,-96.97746
KS,Greensburg,37.60837,-99.30106
KS,Greenwich,37.78278,-97.20333
KS,Grenola,37.36682,-96.43956
KS,Gridley,38.10123,-95.88735
KS,Grinnell,39.08511,-100.66205
KS,Gypsum,38.70474,-97.43384
KS,Haddam,39.85197,-97.30814
KS,Halstead,38.00639,-97.51179
KS,Hamilton,37.97912,-96.16913
KS,Hanover,39.89266,-96.86895
KS,Hanston,38.10896,-99.69278
KS,Hardtner,37.03001,-98.65473
KS,Harper,37.29094,-98.01798
KS,Hartford,38.28326,-95.99972
KS,Harveyville,38.85741,-95.99624
KS,Havana,37.09166,-95.94137
KS,Haven,37.86859,-97.77724
KS,Havensville,39.4942,-96.07688
KS,Haviland,37.60961,-99.13396
KS,Hays,38.87805,-99.32013
KS,Haysville,37.56467,-97.35532
KS,Hazelton,37.09842,-98.40032
KS,Healy,38.56636,-100.61594
KS,Hepler,37.65756,-94.98923
KS,Herington,38.70231,-97.01549
KS,Herndon,39.90356,-100.81394
KS,Hesston,38.13595,-97.44946
KS,Hiawatha,39.87156,-95.5289
KS,Highland,39.86075,-95.25834
KS,Hill City,39.35657,-99.84292
KS,Hillsboro,38.34491,-97.21215
KS,Hillsdale,38.68446,-94.85837
KS,Hoisington,38.52925,-98.79104
KS,Holcomb,37.9931,-100.98932
KS,Hollenberg,39.95999,-96.97351
KS,Holton,39.44362,-95.7525
KS,Holyrood,38.58996,-98.41592
KS,Home,39.85454,-96.5292
KS,Hope,38.6776,-97.10613
KS,Horton,39.67888,-95.52986
KS,Howard,37.48089,-96.2563
KS,Hoxie,39.33219,-100.47583
KS,Hoyt,39.25525,-95.68674
KS,Hudson,38.14849,-98.64082
KS,Hugoton,37.16823,-101.33461
KS,Humboldt,37.80446,-95.42201
KS,Hunter,39.24296,-98.40175
KS,Hutchinson,38.05499,-97.93105
KS,Independence,37.22925,-95.71653
KS,Ingalls,37.82934,-100.51425
KS,Inman,38.22321,-97.79511
KS,Iola,37.92824,-95.40215
KS,Isabel,37.44854,-98.53514
KS,Iuka,37.73972,-98.7361
KS,Jamestown,39.60214,-97.86308
KS,Jennings,39.67624,-100.28344
KS,Jetmore,38.07383,-99.93267
KS,Jewell,39.66969,-98.1256
KS,Johnson,37.56942,-101.71935
KS,Junction City,39.02991,-96.83955
KS,Kanopolis,38.70911,-98.15747
KS,Kanorado,39.34375,-102.00149
KS,Kansas City,39.11573,-94.62714
KS,Kechi,37.79583,-97.27917
KS,Kendall,37.96366,-101.59688
KS,Kensington,39.76918,-99.03085
KS,Kincaid,38.0915,-95.14517
KS,Kingman,37.63625,-98.1093
KS,Kinsley,37.92471,-99.41156
KS,Kiowa,37.01717,-98.48591
KS,Kirwin,39.67172,-99.12038
KS,Kismet,37.1336,-100.75065
KS,La Crosse,38.53114,-99.30973
KS,La Harpe,37.92239,-95.32319
KS,Lacygne,38.3434,-94.75926
KS,Lake City,37.35688,-98.80983
KS,Lakin,37.9382,-101.2713
KS,Lamont,38.13556,-96.13556
KS,Lancaster,39.5912,-95.3089
KS,Lane,38.4375,-95.09789
KS,Lansing,39.25019,-94.89938
KS,Larned,38.17964,-99.11238
KS,Latham,37.53098,-96.67915
KS,Lawrence,38.9644,-95.24179
KS,Le Roy,38.08743,-95.62265
KS,Leavenworth,39.30155,-94.93386
KS,Leawood,38.96057,-94.61964
KS,Lebanon,39.81284,-98.55815
KS,Lebo,38.41609,-95.82217
KS,Lecompton,39.00012,-95.40252
KS,Lehigh,38.37711,-97.30432
KS,Lenexa,38.96303,-94.73995
KS,Lenora,39.60936,-100.00157
KS,Leon,37.68127,-96.75263
KS,Leonardville,39.36515,-96.83122
KS,Leoti,38.49873,-101.35885
KS,Levant,39.38408,-101.20959
KS,Lewis,37.90622,-99.24798
KS,Liberal,37.04379,-100.92857
KS,Liberty,37.15763,-95.6017
KS,Liebenthal,38.64659,-99.28205
KS,Lincoln,39.02864,-98.14043
KS,Lincolnville,38.48104,-96.96123
KS,Lindsborg,38.57606,-97.67389
KS,Linn,39.68469,-97.08541
KS,Linwood,39.02063,-94.99139
KS,Little River,38.40787,-98.01132
KS,Logan,39.6611,-99.56869
KS,Long Island,39.95168,-99.53912
KS,Longford,39.17432,-97.20866
KS,Longton,37.39046,-96.08138
KS,Lorraine,38.56518,-98.28995
KS,Lost Springs,38.56572,-96.97987
KS,Louisburg,38.60734,-94.68291
KS,Lucas,39.05813,-98.53519
KS,Ludell,39.86304,-100.96035
KS,Luray,39.10386,-98.68508
KS,Lyndon,38.63565,-95.68023
KS,Lyons,38.33488,-98.18309
KS,Macksville,37.94328,-98.94805
KS,Madison,38.12776,-96.12128
KS,Mahaska,39.9845,-97.34527
KS,Maize,37.77473,-97.46887
KS,Manhattan,39.19376,-96.58578
KS,Mankato,39.78326,-98.21523
KS,Manter,37.54509,-101.91087
KS,Maple City,37.07129,-96.78139
KS,Maple Hill,39.06946,-96.01873
KS,Mapleton,38.02282,-94.87352
KS,Marienthal,38.48252,-101.19923
KS,Marion,38.35544,-97.02045
KS,Marquette,38.55603,-97.83808
KS,Marysville,39.84283,-96.64218
KS,Matfield Green,38.14477,-96.55411
KS,Mayetta,39.34891,-95.69275
KS,Mayfield,37.25181,-97.5416
KS,Mc Cracken,38.59573,-99.55398
KS,Mc Cune,37.34675,-95.03759
KS,Mc Donald,39.7923,-101.3227
KS,Mc Farland,39.01667,-96.28889
KS,Mc Louth,39.16676,-95.21829
KS,Mcconnell Afb,37.62369,-97.25402
KS,Mcpherson,38.37373,-97.65499
KS,Meade,37.28214,-100.33638
KS,Medicine Lodge,37.28445,-98.58478
KS,Melvern,38.50266,-95.62899
KS,Meriden,39.20383,-95.54764
KS,Milan,37.25776,-97.65206
KS,Milford,39.16917,-96.91005
KS,Milton,37.44006,-97.75916
KS,Miltonvale,39.34808,-97.45791
KS,Minneapolis,39.12949,-97.66878
KS,Minneola,37.42454,-99.96036
KS,Mission,39.0198,-94.6651
KS,Moline,37.36487,-96.30688
KS,Montezuma,37.60164,-100.44613
KS,Monument,39.07896,-101.03495
KS,Moran,37.93416,-95.16473
KS,Morganville,39.50922,-97.24922
KS,Morland,39.3229,-100.07328
KS,Morrill,39.93559,-95.71205
KS,Morrowville,39.86155,-97.18252
KS,Moscow,37.31717,-101.2427
KS,Mound City,38.15595,-94.81863
KS,Mound Valley,37.20908,-95.42471
KS,Moundridge,38.20603,-97.50877
KS,Mount Hope,37.86841,-97.65909
KS,Mulberry,37.5442,-94.6839
KS,Mullinville,37.57161,-99.46388
KS,Mulvane,37.47643,-97.23195
KS,Munden,39.92722,-97.5403
KS,Murdock,37.60995,-97.95027
KS,Muscotah,39.58805,-95.49845
KS,Narka,39.95816,-97.42433
KS,Nashville,37.43442,-98.41705
KS,Natoma,39.20134,-98.98286
KS,Neal,37.83417,-96.08
KS,Nekoma,38.43723,-99.42338
KS,Neodesha,37.42571,-95.67648
KS,Neosho Falls,37.96688,-95.54973
KS,Neosho Rapids,38.39476,-96.01682
KS,Ness City,38.43875,-99.90286
KS,Netawaka,39.6063,-95.727
KS,New Albany,37.54444,-95.91259
KS,New Cambria,38.89601,-97.52301
KS,New Century,38.85026,-94.93226
KS,Newton,38.04507,-97.34346
KS,Nickerson,38.14117,-98.06741
KS,Niotaze,37.05133,-96.01922
KS,Norcatur,39.84466,-100.20071
KS,North Newton,38.12825,-97.3288
KS,Norton,39.84071,-99.88783
KS,Nortonville,39.40953,-95.32357
KS,Norway,39.6953,-97.81193
KS,Norwich,37.4501,-97.86625
KS,Oakley,39.1121,-100.85805
KS,Oberlin,39.82751,-100.53139
KS,Offerle,37.8828,-99.54976
KS,Ogallah,38.93231,-99.68112
KS,Ogden,39.11922,-96.70008
KS,Oketo,39.95984,-96.62353
KS,Olathe,38.8822,-94.8178
KS,Olmitz,38.56705,-98.92899
KS,Olpe,38.25777,-96.18906
KS,Olsburg,39.41251,-96.60025
KS,Onaga,39.47297,-96.17611
KS,Oneida,39.86609,-95.9581
KS,Opolis,37.34444,-94.62083
KS,Osage City,38.6269,-95.8303
KS,Osawatomie,38.4888,-94.96199
KS,Osborne,39.4194,-98.69608
KS,Oskaloosa,39.21518,-95.31355
KS,Oswego,37.18225,-95.13346
KS,Otis,38.50924,-99.06564
KS,Ottawa,38.61425,-95.27452
KS,Overbrook,38.79217,-95.56163
KS,Overland Park,38.99249,-94.67477
KS,Oxford,37.2653,-97.17613
KS,Ozawkie,39.21365,-95.44039
KS,Palco,39.25311,-99.55926
KS,Palmer,39.61917,-97.11221
KS,Paola,38.572,-94.89369
KS,Paradise,39.07562,-98.92072
KS,Park,39.07883,-100.34694
KS,Parker,38.33031,-94.98707
KS,Parsons,37.33889,-95.26929
KS,Partridge,37.96713,-98.07981
KS,Pawnee Rock,38.27819,-98.98144
KS,Paxico,39.08029,-96.18178
KS,Peabody,38.17375,-97.11839
KS,Peck,37.47245,-97.31157
KS,Penokee,39.39167,-99.9196
KS,Perry,39.08752,-95.37312
KS,Peru,37.05682,-96.14038
KS,Pfeifer,38.72991,-99.14116
KS,Phillipsburg,39.76233,-99.33284
KS,Piedmont,37.63717,-96.3695
KS,Pierceville,37.90774,-100.71177
KS,Piqua,37.87285,-95.59003
KS,Pittsburg,37.41316,-94.70225
KS,Plains,37.27011,-100.57317
KS,Plainville,39.23082,-99.30083
KS,Pleasanton,38.18229,-94.70567
KS,Plevna,37.96576,-98.29881
KS,Pomona,38.61525,-95.44891
KS,Portis,39.54554,-98.69045
KS,Potter,39.42583,-95.14167
KS,Potwin,37.97187,-97.00061
KS,Powhattan,39.71769,-95.67511
KS,Prairie View,39.83697,-99.56831
KS,Prairie Village,38.99681,-94.63151
KS,Pratt,37.65022,-98.73003
KS,Prescott,38.0718,-94.70084
KS,Pretty Prairie,37.77828,-97.9886
KS,Princeton,38.48468,-95.27644
KS,Protection,37.19678,-99.48163
KS,Quenemo,38.5785,-95.53619
KS,Quinter,39.03625,-100.23374
KS,Ramona,38.57773,-97.07587
KS,Randall,39.62859,-98.06605
KS,Randolph,39.48794,-96.78284
KS,Ransom,38.64,-99.92665
KS,Rantoul,38.56659,-95.12342
KS,Raymond,38.28768,-98.41187
KS,Reading,38.52901,-95.98949
KS,Redfield,37.85605,-94.82899
KS,Republic,39.93757,-97.84346
KS,Rexford,39.46218,-100.74898
KS,Richfield,37.28336,-101.70038
KS,Richmond,38.40743,-95.24887
KS,Riley,39.12242,-96.81182
KS,Riverton,37.09926,-94.6788
KS,Robinson,39.81272,-95.38624
KS,Rock,37.42943,-96.93647
KS,Rolla,37.10888,-101.64468
KS,Rosalia,37.79604,-96.64816
KS,Rose Hill,37.57837,-97.11735
KS,Rossville,39.14511,-95.9553
KS,Roxbury,38.47433,-97.42719
KS,Rozel,38.21482,-99.40485
KS,Rush Center,38.45334,-99.30788
KS,Russell,38.88056,-98.85945
KS,Sabetha,39.89929,-95.81127
KS,Saint Francis,39.77363,-101.81226
KS,Saint George,39.21081,-96.43449
KS,Saint John,38.03094,-98.76465
KS,Saint Marys,39.19867,-96.06828
KS,Saint Paul,37.51805,-95.16878
KS,Salina,38.8238,-97.60879
KS,Satanta,37.44092,-100.96908
KS,Savonburg,37.75173,-95.15453
KS,Sawyer,37.51007,-98.66422
KS,Scammon,37.2711,-94.85196
KS,Scandia,39.79386,-97.77864
KS,Schoenchen,38.74809,-99.38687
KS,Scott City,38.47994,-100.89933
KS,Scranton,38.788,-95.74799
KS,Sedan,37.12968,-96.17325
KS,Sedgwick,37.86933,-97.40241
KS,Selden,39.52164,-100.52569
KS,Seneca,39.8398,-96.05949
KS,Severy,37.64985,-96.22978
KS,Sharon,37.24924,-98.41417
KS,Sharon Springs,38.88566,-101.74312
KS,Shawnee,39.0198,-94.7083
KS,Shawnee Mission,38.9566,-94.7847
KS,Silver Lake,39.1102,-95.85518
KS,Simpson,39.37307,-97.94889
KS,Smith Center,39.80422,-98.78424
KS,Soldier,39.50125,-95.96518
KS,Solomon,38.91936,-97.3518
KS,South Haven,37.05,-97.40423
KS,South Hutchinson,38.00731,-97.90814
KS,Spearville,37.82347,-99.73704
KS,Spivey,37.44099,-98.17512
KS,Spring Hill,38.76309,-94.82459
KS,Stafford,37.95537,-98.59285
KS,Stark,37.68111,-95.13879
KS,Sterling,38.21262,-98.20547
KS,Stilwell,38.79016,-94.66428
KS,Stockton,39.43761,-99.28711
KS,Strong City,38.41292,-96.51719
KS,Sublette,37.52215,-100.82077
KS,Summerfield,39.97985,-96.32791
KS,Sun City,37.39465,-98.90386
KS,Sycamore,37.32694,-95.71528
KS,Sylvan Grove,39.03244,-98.37303
KS,Sylvia,37.95569,-98.40676
KS,Syracuse,37.98258,-101.76865
KS,Talmage,39.00859,-97.29737
KS,Tampa,38.55344,-97.17739
KS,Tecumseh,39.02166,-95.53793
KS,Tescott,38.99832,-97.82837
KS,Thayer,37.45266,-95.46708
KS,Tipton,39.34364,-98.46439
KS,Tonganoxie,39.10261,-95.10505
KS,Topeka,39.0541,-95.6719
KS,Toronto,37.79534,-95.93682
KS,Towanda,37.80051,-96.99177
KS,Treece,37.03988,-94.86905
KS,Tribune,38.49622,-101.76558
KS,Troy,39.77875,-95.06634
KS,Turon,37.80959,-98.4218
KS,Tyro,37.03778,-95.82111
KS,Udall,37.39386,-97.11078
KS,Ulysses,37.57917,-101.34885
KS,Uniontown,37.81168,-94.98137
KS,Utica,38.64106,-100.13798
KS,Valley Center,37.86164,-97.26215
KS,Valley Falls,39.34843,-95.467
KS,Vassar,38.66913,-95.58128
KS,Vermillion,39.70504,-96.28164
KS,Victoria,38.85893,-99.13906
KS,Viola,37.56962,-97.63064
KS,Virgil,37.89759,-96.03293
KS,Wakarusa,38.90454,-95.70146
KS,Wakeeney,39.01141,-99.88182
KS,Wakefield,39.22492,-97.02285
KS,Waldo,39.08772,-98.77852
KS,Waldron,37.07299,-98.22888
KS,Walker,38.86722,-99.07556
KS,Wallace,38.87468,-101.57347
KS,Walnut,37.59674,-95.04553
KS,Walton,38.12391,-97.23608
KS,Wamego,39.21,-96.31534
KS,Washington,39.82234,-97.04837
KS,Waterville,39.69709,-96.74978
KS,Wathena,39.7625,-94.92546
KS,Waverly,38.37821,-95.5982
KS,Webber,39.9245,-97.99779
KS,Weir,37.29817,-94.74391
KS,Welda,38.16862,-95.30961
KS,Wellington,37.27783,-97.39098
KS,Wellsville,38.71368,-95.09157
KS,Weskan,38.86487,-101.95116
KS,West Mineral,37.28417,-94.92278
KS,Westmoreland,39.41654,-96.4114
KS,Westphalia,38.17179,-95.46651
KS,Wetmore,39.64276,-95.82312
KS,White City,38.78902,-96.76368
KS,White Cloud,39.96272,-95.2982
KS,Whitewater,37.96123,-97.13082
KS,Whiting,39.5974,-95.61584
KS,Wichita,37.6898,-97.3415
KS,Williamsburg,38.49017,-95.42261
KS,Wilmore,37.33179,-99.18458
KS,Wilsey,38.63345,-96.67041
KS,Wilson,38.81337,-98.44322
KS,Winchester,39.32453,-95.26958
KS,Windom,38.38452,-97.89648
KS,Winfield,37.24162,-96.97999
KS,Winona,39.06104,-101.22157
KS,Woodbine,38.81306,-96.96193
KS,Woodston,39.44312,-99.10375
KS,Wright,37.76764,-99.92377
KS,Yates Center,37.88012,-95.72894
KS,Yoder,37.94028,-97.86806
KS,Zenda,37.43725,-98.28736
KY,Aberdeen,37.25389,-86.68167
KY,Adairville,36.69138,-86.85852
KY,Adams,37.99137,-82.70244
KY,Adolphus,36.67749,-86.2636
KY,Ages Brookside,36.84073,-83.23529
KY,Albany,36.68569,-85.14068
KY,Alexandria,38.9406,-84.39433
KY,Allen,37.56618,-82.63627
KY,Allensville,36.69474,-87.02444
KY,Almo,36.71281,-88.30867
KY,Alpha,36.77974,-85.0924
KY,Alvaton,36.86296,-86.36321
KY,Annville,37.30696,-83.95974
KY,Argillite,38.43223,-82.80944
KY,Arjay,36.82834,-83.64154
KY,Arlington,36.80012,-88.94384
KY,Artemus,36.83884,-83.83289
KY,Ary,37.35436,-83.13925
KY,Ashcamp,37.25891,-82.46127
KY,Asher,37.04417,-83.40417
KY,Ashland,38.44304,-82.70271
KY,Athol,37.5525,-83.56278
KY,Auburn,36.88175,-86.71981
KY,Augusta,38.76299,-83.99535
KY,Austin,36.81238,-85.98503
KY,Auxier,37.72185,-82.76774
KY,Avawam,37.22444,-83.27528
KY,Bagdad,38.26081,-85.06514
KY,Bandana,37.14611,-88.94583
KY,Banner,37.57705,-82.69737
KY,Barbourville,36.86481,-83.89932
KY,Bardstown,37.80835,-85.46134
KY,Bardwell,36.86339,-89.02085
KY,Barlow,37.04928,-89.04081
KY,Baskett,37.87083,-87.4625
KY,Battletown,38.0393,-86.2991
KY,Baxter,36.87491,-83.31408
KY,Bays,37.64611,-83.24694
KY,Bear Branch,37.21089,-83.49445
KY,Beattyville,37.58189,-83.70234
KY,Beaumont,36.88758,-85.64883
KY,Beauty,37.84,-82.43917
KY,Beaver,37.37218,-82.6803
KY,Beaver Dam,37.38696,-86.87293
KY,Bedford,38.58636,-85.31333
KY,Bee Spring,37.29754,-86.27938
KY,Beech Creek,37.1837,-87.12385
KY,Beech Grove,37.61611,-87.39639
KY,Beechmont,37.17755,-87.03934
KY,Belcher,37.3137,-82.39654
KY,Belfry,37.64011,-82.2573
KY,Bellevue,39.10243,-84.47875
KY,Belton,37.15106,-86.97737
KY,Benham,36.95738,-82.9094
KY,Benton,36.88065,-88.35477
KY,Berea,37.57994,-84.27492
KY,Berry,38.51597,-84.36112
KY,Bethany,37.65028,-83.47361
KY,Bethelridge,37.22459,-84.77897
KY,Bethlehem,38.40243,-85.06487
KY,Betsy Layne,37.53159,-82.70025
KY,Beverly,36.94418,-83.55603
KY,Bevinsville,37.33849,-82.71247
KY,Big Clifty,37.5278,-86.1395
KY,Big Creek,37.14168,-83.63309
KY,Big Laurel,37.00279,-83.15647
KY,Bighill,37.55444,-84.20833
KY,Bimble,36.88675,-83.82818
KY,Blackey,37.13427,-82.94019
KY,Blackford,37.44833,-87.93472
KY,Blaine,38.02697,-82.85135
KY,Bledsoe,36.91235,-83.3539
KY,Bloomfield,37.90798,-85.28621
KY,Blue River,37.6481,-82.82736
KY,Boaz,36.92997,-88.62229
KY,Bonnieville,37.37414,-85.896
KY,Bonnyman,37.31081,-83.22858
KY,Booneville,37.47872,-83.66062
KY,Boons Camp,37.82161,-82.67043
KY,Boston,37.76399,-85.61993
KY,Bowling Green,37.00787,-86.45589
KY,Bradfordsville,37.46622,-85.1436
KY,Brandenburg,37.96624,-86.10836
KY,Breeding,36.98104,-85.40782
KY,Bremen,37.34296,-87.23299
KY,Brodhead,37.38152,-84.43358
KY,Bronston,36.95249,-84.63141
KY,Brooks,38.05458,-85.77134
KY,Brooksville,38.66439,-84.07865
KY,Browder,37.25933,-86.9782
KY,Brownsville,37.18817,-86.274
KY,Bryants Store,36.78309,-83.93073
KY,Bryantsville,37.71444,-84.64917
KY,Buckhorn,37.30104,-83.49365
KY,Buckner,38.36301,-85.47406
KY,Buffalo,37.47864,-85.64341
KY,Bulan,37.32817,-83.15849
KY,Burdine,37.18917,-82.59917
KY,Burgin,37.75167,-84.76833
KY,Burkesville,36.80679,-85.39703
KY,Burlington,39.03241,-84.74142
KY,Burna,37.23151,-88.39418
KY,Burnside,36.96145,-84.56524
KY,Bush,37.07087,-83.97612
KY,Busy,37.26316,-83.3007
KY,Butler,38.80133,-84.34458
KY,Bypro,37.30361,-82.70444
KY,Cadiz,36.84642,-87.84124
KY,Calhoun,37.575,-87.27731
KY,California,38.90061,-84.30979
KY,Calvert City,37.01474,-88.38111
KY,Calvin,36.70782,-83.73714
KY,Campbellsburg,38.52308,-85.16109
KY,Campbellsville,37.34662,-85.35076
KY,Campton,37.75024,-83.5164
KY,Canada,37.63782,-82.35331
KY,Cane Valley,37.18028,-85.31972
KY,Caneyville,37.42217,-86.47021
KY,Canmer,37.26956,-85.72029
KY,Cannel City,37.79,-83.27417
KY,Cannon,36.94888,-83.8425
KY,Carlisle,38.32123,-84.0279
KY,Carrie,37.298,-83.04155
KY,Carrollton,38.66956,-85.17304
KY,Carter,38.45861,-83.18611
KY,Catlettsburg,38.37995,-82.63206
KY,Cave City,37.11696,-85.94428
KY,Cawood,36.74619,-83.26572
KY,Cecilia,37.66034,-86.00605
KY,Center,37.1009,-85.67046
KY,Centertown,37.40792,-87.00902
KY,Central City,37.3007,-87.12024
KY,Cerulean,36.94962,-87.66485
KY,Chaplin,37.90254,-85.20147
KY,Chappell,37.01083,-83.35
KY,Chavies,37.35554,-83.33147
KY,Clarkson,37.4279,-86.16022
KY,Clay,37.4756,-87.83679
KY,Clay City,37.86057,-83.93469
KY,Clayhole,37.46608,-83.28125
KY,Clearfield,38.14399,-83.32729
KY,Cleaton,37.25444,-87.08889
KY,Clermont,37.92972,-85.65278
KY,Clifty,36.99528,-87.14778
KY,Clinton,36.66753,-88.96757
KY,Closplint,36.89227,-83.09977
KY,Cloverport,37.82212,-86.5954
KY,Coalgood,36.79339,-83.23878
KY,Coldiron,36.87772,-83.40959
KY,Columbia,37.11641,-85.26927
KY,Columbus,36.7555,-89.09829
KY,Combs,37.29132,-83.20229
KY,Corbin,36.93443,-84.10208
KY,Corinth,38.53021,-84.5846
KY,Cornettsville,37.12038,-83.03513
KY,Corydon,37.74428,-87.70003
KY,Covington,39.07084,-84.52121
KY,Coxs Creek,37.89639,-85.48416
KY,Crab Orchard,37.44652,-84.49391
KY,Cranks,36.76023,-83.20395
KY,Crayne,37.27056,-88.0825
KY,Crestwood,38.33264,-85.46104
KY,Crittenden,38.77411,-84.5982
KY,Crockett,37.98556,-83.09083
KY,Crofton,37.03439,-87.48907
KY,Cromona,37.18639,-82.69722
KY,Cromwell,37.34177,-86.76996
KY,Cub Run,37.31486,-86.08132
KY,Cumberland,36.97109,-82.97705
KY,Cunningham,36.89626,-88.87282
KY,Curdsville,37.735,-87.33167
KY,Custer,37.74259,-86.27101
KY,Cynthiana,38.3964,-84.29492
KY,Dana,37.54665,-82.6705
KY,Danville,37.64652,-84.7747
KY,David,37.60439,-82.89275
KY,Dawson Springs,37.19639,-87.68205
KY,Dayhoit,36.8646,-83.39433
KY,Dayton,39.11143,-84.47115
KY,De Mossville,38.75165,-84.4708
KY,Deane,37.23332,-82.79972
KY,Debord,37.79002,-82.58673
KY,Delphia,37.02332,-83.09557
KY,Dema,37.42149,-82.85231
KY,Denniston,37.91907,-83.51314
KY,Denton,38.29521,-82.82692
KY,Dewitt,36.8738,-83.73156
KY,Dexter,36.70313,-88.1807
KY,Dice,37.38254,-83.20534
KY,Dixon,37.51059,-87.7019
KY,Dorton,37.27667,-82.57917
KY,Dover,38.69102,-83.87179
KY,Drake,36.83611,-86.40972
KY,Drakesboro,37.21359,-87.04797
KY,Drift,37.48028,-82.74778
KY,Dry Ridge,38.70485,-84.62374
KY,Dubre,36.892,-85.56828
KY,Dunbar,37.18806,-86.75694
KY,Dundee,37.55105,-86.76045
KY,Dunmor,37.08397,-87.00789
KY,Dunnville,37.17689,-84.92951
KY,Dwale,37.62306,-82.72389
KY,Dwarf,37.335,-83.13139
KY,Dycusburg,37.15944,-88.18444
KY,Earlington,37.2679,-87.52268
KY,East Bernstadt,37.19078,-84.14568
KY,East Point,37.70858,-82.8288
KY,Eastern,37.53239,-82.8265
KY,Eastview,37.61478,-86.11915
KY,Eastwood,38.23306,-85.45583
KY,Eddyville,37.06638,-88.04939
KY,Edmonton,36.9852,-85.59274
KY,Eighty Eight,36.93924,-85.82808
KY,Ekron,37.91129,-86.15421
KY,Elizabethtown,37.70697,-85.85898
KY,Elizaville,38.41944,-83.82556
KY,Elk Horn,37.33929,-85.19176
KY,Elkfork,37.94036,-83.07711
KY,Elkhorn City,37.30265,-82.35334
KY,Elkton,36.9094,-87.16783
KY,Elliottville,38.18278,-83.27583
KY,Emerson,38.36722,-83.26179
KY,Eminence,38.36961,-85.17816
KY,Emlyn,36.70444,-84.14333
KY,Emmalena,37.3221,-83.06845
KY,Eolia,37.06177,-82.77062
KY,Eriline,37.18861,-83.59306
KY,Erlanger,39.00824,-84.59775
KY,Ermine,37.17461,-82.82212
KY,Essie,37.06167,-83.45194
KY,Etoile,36.81343,-85.91728
KY,Eubank,37.24704,-84.60559
KY,Evarts,36.85529,-83.18165
KY,Ewing,38.41565,-83.87332
KY,Ezel,37.90398,-83.38884
KY,Fairdale,38.10867,-85.75492
KY,Fairfield,37.93361,-85.38361
KY,Fairview,36.84333,-87.30389
KY,Falcon,37.78972,-83.00194
KY,Fall Rock,37.21972,-83.78833
KY,Falls Of Rough,37.56935,-86.51075
KY,Falmouth,38.6643,-84.34512
KY,Fancy Farm,36.77674,-88.79179
KY,Farmers,38.14278,-83.54611
KY,Farmington,36.6869,-88.54783
KY,Fedscreek,37.361,-82.25747
KY,Ferguson,37.06667,-84.6
KY,Finchville,38.15606,-85.34757
KY,Fisherville,38.16515,-85.42822
KY,Fisty,37.35635,-83.10825
KY,Flat Lick,36.83453,-83.7714
KY,Flatgap,37.93859,-82.88282
KY,Flatwoods,38.51878,-82.72122
KY,Flemingsburg,38.42798,-83.70797
KY,Florence,38.99889,-84.62667
KY,Fords Branch,37.43306,-82.51111
KY,Fordsville,37.62974,-86.72625
KY,Forest Hills,37.64324,-82.29914
KY,Fort Campbell,36.65358,-87.45971
KY,Fort Knox,37.8928,-85.94891
KY,Fort Thomas,39.07863,-84.45234
KY,Foster,38.75064,-84.15659
KY,Fountain Run,36.72002,-85.95202
KY,Fourmile,36.79333,-83.74194
KY,Frakes,36.64455,-83.89502
KY,Frankfort,38.19283,-84.88061
KY,Franklin,36.72535,-86.57004
KY,Fredonia,37.21296,-88.01123
KY,Freeburn,37.55119,-82.14338
KY,Frenchburg,37.94603,-83.6424
KY,Ft Mitchell,39.03238,-84.56961
KY,Fulton,36.52868,-88.88922
KY,Gamaliel,36.65404,-85.81335
KY,Gapville,37.63,-82.95917
KY,Garfield,37.81451,-86.31687
KY,Garner,37.37766,-82.89385
KY,Garrard,37.12361,-83.74639
KY,Garrett,37.48613,-82.84619
KY,Garrison,38.58691,-83.20004
KY,Gays Creek,37.35042,-83.45561
KY,Georgetown,38.21171,-84.55618
KY,Germantown,38.70753,-83.96062
KY,Ghent,38.71882,-85.05566
KY,Gilbertsville,36.96247,-88.27486
KY,Girdler,36.9691,-83.85388
KY,Glasgow,36.98819,-85.92205
KY,Glencoe,38.72295,-84.81155
KY,Glendale,37.6034,-85.8921
KY,Glens Fork,37.01819,-85.24012
KY,Glenview,38.30833,-85.65028
KY,Goose Rock,37.09028,-83.69444
KY,Gordon,36.99011,-83.06932
KY,Goshen,38.41129,-85.57082
KY,Gracey,36.85639,-87.6545
KY,Gradyville,37.05444,-85.42753
KY,Graham,37.22584,-87.25785
KY,Grahn,38.28361,-83.07528
KY,Grand Rivers,37.05781,-88.26138
KY,Gravel Switch,37.5758,-85.0824
KY,Gray,36.94674,-83.9828
KY,Gray Hawk,37.395,-83.94028
KY,Grays Knob,36.8111,-83.324
KY,Grayson,38.32804,-82.96509
KY,Green Road,36.99894,-83.89577
KY,Greensburg,37.24301,-85.52364
KY,Greenup,38.54797,-82.8684
KY,Greenville,37.20764,-87.18061
KY,Grethel,37.4596,-82.73958
KY,Gulston,36.76562,-83.32623
KY,Gunlock,37.54666,-82.93574
KY,Guston,37.89511,-86.21551
KY,Guthrie,36.66427,-87.17093
KY,Hagerhill,37.80351,-82.81491
KY,Hallie,37.06988,-83.02035
KY,Hampton,37.33476,-88.3649
KY,Hanson,37.43825,-87.47513
KY,Happy,37.19505,-83.08141
KY,Hardburly,37.30167,-83.12417
KY,Hardin,36.77623,-88.26215
KY,Hardinsburg,37.77255,-86.41686
KY,Hardy,37.60265,-82.25524
KY,Hardyville,37.2249,-85.75417
KY,Harlan,36.84999,-83.31957
KY,Harned,37.74292,-86.37779
KY,Harold,37.50418,-82.62159
KY,Harrods Creek,38.3275,-85.62778
KY,Harrodsburg,37.76999,-84.84675
KY,Hartford,37.47853,-86.91798
KY,Hawesville,37.85032,-86.7638
KY,Hazard,37.25264,-83.19984
KY,Hazel,36.54221,-88.33186
KY,Hazel Green,37.77599,-83.39892
KY,Hebron,39.07553,-84.70074
KY,Heidelberg,37.55528,-83.77889
KY,Heidrick,36.8927,-83.86651
KY,Hellier,37.2875,-82.47139
KY,Helton,36.84306,-83.32194
KY,Henderson,37.83611,-87.59
KY,Herndon,36.70847,-87.60822
KY,Hestand,36.65347,-85.5698
KY,Hi Hat,37.3935,-82.73245
KY,Hickman,36.55927,-89.19467
KY,Hickory,36.84778,-88.67878
KY,Hillsboro,38.29294,-83.66967
KY,Hillview,38.06972,-85.68556
KY,Hima,37.12056,-83.77833
KY,Hindman,37.32761,-82.95265
KY,Hinkle,36.87532,-83.78044
KY,Hiseville,37.10083,-85.8125
KY,Hitchins,38.25458,-82.92027
KY,Hodgenville,37.57457,-85.72321
KY,Holland,36.66732,-86.04976
KY,Holmes Mill,36.87565,-82.9943
KY,Hope,38.01583,-83.77306
KY,Hopkinsville,36.86205,-87.48515
KY,Horse Branch,37.42342,-86.69873
KY,Horse Cave,37.18494,-85.87855
KY,Hoskinston,37.07722,-83.39167
KY,Huddy,37.56682,-82.25004
KY,Hudson,37.65061,-86.30124
KY,Hueysville,37.5062,-82.83676
KY,Hulen,36.77145,-83.55513
KY,Hustonville,37.4595,-84.85277
KY,Hyden,37.1546,-83.41567
KY,Independence,38.93541,-84.54791
KY,Inez,37.86715,-82.52042
KY,Ingram,36.73028,-83.79833
KY,Irvine,37.70505,-83.99617
KY,Irvington,37.87624,-86.29653
KY,Island,37.44711,-87.16921
KY,Island City,37.38993,-83.71799
KY,Isom,37.19603,-82.91335
KY,Isonville,38.04623,-83.05061
KY,Ivel,37.55544,-82.64268
KY,Jackhorn,37.17168,-82.69186
KY,Jackson,37.55738,-83.3969
KY,Jamestown,36.96796,-85.09684
KY,Jeff,37.205,-83.13639
KY,Jeffersonville,37.964,-83.85578
KY,Jenkins,37.18633,-82.63004
KY,Jeremiah,37.16513,-82.92684
KY,Jetson,37.24037,-86.52087
KY,Jonancy,37.31639,-82.58306
KY,Jonesville,38.64825,-84.76367
KY,Junction City,37.58216,-84.80278
KY,Keaton,37.96805,-82.9561
KY,Keavy,37.0156,-84.14361
KY,Keene,37.94106,-84.65192
KY,Kenton,38.86833,-84.45611
KY,Kenvir,36.7776,-83.16055
KY,Kettle Island,36.80934,-83.58918
KY,Kevil,37.08723,-88.87637
KY,Kimper,37.46959,-82.31804
KY,Kings Mountain,37.38179,-84.71476
KY,Kirksey,36.67309,-88.42382
KY,Kite,37.27094,-82.78472
KY,Knifley,37.23189,-85.11284
KY,Knob Lick,36.99692,-85.7137
KY,Krypton,37.31833,-83.30591
KY,Kuttawa,37.06187,-88.14981
KY,La Center,37.08302,-88.97295
KY,La Fayette,36.65816,-87.65634
KY,La Grange,38.4029,-85.39282
KY,Lackey,37.46428,-82.79801
KY,Lancaster,37.65839,-84.59691
KY,Langley,37.53808,-82.79765
KY,Latonia,39.02169,-84.49886
KY,Lawrenceburg,38.01885,-84.92994
KY,Lebanon,37.56583,-85.26681
KY,Lebanon Junction,37.85105,-85.72464
KY,Leburn,37.38374,-82.95643
KY,Ledbetter,37.04917,-88.4865
KY,Leitchfield,37.4931,-86.30371
KY,Lejunior,36.9212,-83.19049
KY,Letcher,37.155,-82.98091
KY,Lewisburg,37.00375,-86.98875
KY,Lewisport,37.90902,-86.89571
KY,Lexington,38.01739,-84.48542
KY,Liberty,37.31455,-84.97186
KY,Lick Creek,37.34797,-82.32546
KY,Lily,37.00229,-84.08071
KY,Linefork,37.0514,-82.91976
KY,Littcarr,37.27146,-82.9651
KY,Livermore,37.50445,-87.12386
KY,Livingston,37.30739,-84.23178
KY,Lockport,38.42187,-84.95864
KY,London,37.1016,-84.0975
KY,Lone,37.53,-83.60389
KY,Lookout,37.31333,-82.46694
KY,Loretto,37.64211,-85.4113
KY,Lost Creek,37.48411,-83.32889
KY,Louisa,38.09433,-82.6176
KY,Louisville,38.2435,-85.7639
KY,Lovelaceville,36.96861,-88.83083
KY,Lovely,37.79211,-82.36379
KY,Lowes,36.88556,-88.77389
KY,Lowmansville,37.91722,-82.73194
KY,Loyall,36.85194,-83.35417
KY,Lucas,36.83759,-86.03568
KY,Lynch,36.99786,-82.91563
KY,Lynnville,36.56028,-88.56917
KY,Maceo,37.8436,-86.99992
KY,Mackville,37.7247,-85.0852
KY,Madisonville,37.32555,-87.49533
KY,Magnolia,37.41646,-85.73082
KY,Majestic,37.53389,-82.1
KY,Mallie,37.33462,-82.87136
KY,Malone,37.87194,-83.25833
KY,Mammoth Cave,37.27439,-86.17811
KY,Manchester,37.14232,-83.76829
KY,Manitou,37.40797,-87.56118
KY,Mannsville,37.3725,-85.19667
KY,Maple Mount,37.69306,-87.32361
KY,Marion,37.32543,-88.10047
KY,Marrowbone,36.82778,-85.50667
KY,Marshes Siding,36.74361,-84.48083
KY,Martha,38.01523,-82.95576
KY,Martin,37.56327,-82.74785
KY,Mary Alice,36.7068,-83.42441
KY,Mason,38.57611,-84.58528
KY,Masonic Home,38.26389,-85.65611
KY,Mayfield,36.73269,-88.65064
KY,Mayking,37.13333,-82.76611
KY,Mayslick,38.52692,-83.87487
KY,Maysville,38.61972,-83.75886
KY,Mazie,38.02694,-82.9725
KY,Mc Andrews,37.54499,-82.2558
KY,Mc Carr,37.59694,-82.16737
KY,Mc Daniels,37.59525,-86.39728
KY,Mc Dowell,37.42523,-82.74502
KY,Mc Henry,37.37972,-86.92333
KY,Mc Kee,37.43168,-84.00896
KY,Mc Kinney,37.47056,-84.75056
KY,Mc Quady,37.73,-86.54278
KY,Mc Roberts,37.2075,-82.67194
KY,Meally,37.7965,-82.74418
KY,Means,37.92838,-83.72534
KY,Melber,36.91966,-88.75204
KY,Melbourne,39.0067,-84.35375
KY,Melvin,37.35028,-82.69417
KY,Middleburg,37.35908,-84.8321
KY,Middlesboro,36.61719,-83.72308
KY,Midway,38.14874,-84.69285
KY,Milburn,36.79861,-88.89972
KY,Milford,38.58167,-84.15667
KY,Millersburg,38.30194,-84.1475
KY,Millstone,37.15161,-82.7533
KY,Millwood,37.46088,-86.37982
KY,Milton,38.69249,-85.36593
KY,Minerva,38.70528,-83.91917
KY,Minnie,37.47222,-82.75417
KY,Miracle,36.76056,-83.58417
KY,Mistletoe,37.33143,-83.58808
KY,Mitchellsburg,37.60056,-84.94972
KY,Mize,37.86694,-83.34528
KY,Monticello,36.84272,-84.83925
KY,Moorefield,38.29263,-83.89289
KY,Morehead,38.19905,-83.44365
KY,Morganfield,37.66394,-87.87686
KY,Morgantown,37.19102,-86.70373
KY,Morning View,38.83942,-84.50692
KY,Mortons Gap,37.23667,-87.47528
KY,Mount Eden,38.03524,-85.16411
KY,Mount Hermon,36.80898,-85.81916
KY,Mount Olivet,38.52175,-84.04798
KY,Mount Sherman,37.45341,-85.63138
KY,Mount Sterling,38.05482,-83.93877
KY,Mount Vernon,37.33661,-84.35488
KY,Mount Washington,38.04521,-85.55863
KY,Mousie,37.43312,-82.90177
KY,Mouthcard,37.33391,-82.30542
KY,Mozelle,37.00367,-83.4135
KY,Muldraugh,37.93694,-85.99167
KY,Munfordville,37.28981,-85.92014
KY,Murray,36.60992,-88.30325
KY,Muses Mills,38.35,-83.52722
KY,Myra,37.28972,-82.6
KY,Nancy,37.06422,-84.76624
KY,Nazareth,37.84806,-85.47278
KY,Nebo,37.36825,-87.68652
KY,Neon,37.21206,-82.69755
KY,Nerinx,37.66417,-85.39944
KY,Nevisdale,36.66371,-84.11111
KY,New Castle,38.43737,-85.17557
KY,New Concord,36.55,-88.09548
KY,New Haven,37.66633,-85.55769
KY,New Hope,37.63194,-85.50833
KY,New Liberty,38.62456,-84.90106
KY,Newport,39.08285,-84.48651
KY,Nicholasville,37.88056,-84.57306
KY,North Middletown,38.145,-84.11139
KY,Nortonville,37.18337,-87.4605
KY,Oak Grove,36.66522,-87.42551
KY,Oakland,37.0076,-86.28593
KY,Oil Springs,37.82641,-82.92808
KY,Olaton,37.49867,-86.72822
KY,Olive Hill,38.33628,-83.16899
KY,Olmstead,36.78463,-86.98185
KY,Olympia,38.06109,-83.75846
KY,Oneida,37.2677,-83.65547
KY,Ophir,37.90722,-83.01444
KY,Orlando,37.3734,-84.2528
KY,Owensboro,37.75126,-87.15539
KY,Owenton,38.4986,-84.80863
KY,Owingsville,38.1532,-83.75644
KY,Paducah,37.06338,-88.6632
KY,Paint Lick,37.60923,-84.42687
KY,Paintsville,37.81929,-82.80516
KY,Paris,38.20829,-84.24499
KY,Park City,37.05793,-86.07762
KY,Parkers Lake,36.83469,-84.44364
KY,Parksville,37.57777,-84.92813
KY,Partridge,37.01293,-82.87717
KY,Pathfork,36.75207,-83.46292
KY,Payneville,38.03013,-86.40816
KY,Pellville,37.75222,-86.81361
KY,Pembroke,36.79822,-87.33189
KY,Pendleton,38.48092,-85.31702
KY,Perry Park,38.54806,-84.99972
KY,Perryville,37.63749,-84.96651
KY,Petersburg,39.04156,-84.8371
KY,Pewee Valley,38.30394,-85.48338
KY,Phelps,37.49874,-82.15838
KY,Philpot,37.71832,-86.93717
KY,Phyllis,37.42215,-82.26679
KY,Pikeville,37.50683,-82.52017
KY,Pilgrim,37.76375,-82.44875
KY,Pine Knot,36.66368,-84.41275
KY,Pine Ridge,37.77487,-83.63206
KY,Pine Top,37.31153,-82.83042
KY,Pineville,36.7513,-83.6985
KY,Pinsonfork,37.56514,-82.19537
KY,Pippa Passes,37.36325,-82.82916
KY,Pittsburg,37.16,-84.10417
KY,Pleasureville,38.35872,-85.0872
KY,Plummers Landing,38.31889,-83.56111
KY,Poole,37.64028,-87.64417
KY,Port Royal,38.55528,-85.08028
KY,Powderly,37.23694,-87.15917
KY,Premium,37.06859,-82.95812
KY,Preston,38.08556,-83.75333
KY,Prestonsburg,37.64946,-82.78813
KY,Primrose,37.60222,-83.60861
KY,Princeton,37.1151,-87.86323
KY,Printer,37.50549,-82.70603
KY,Prospect,38.35599,-85.60829
KY,Providence,37.40496,-87.75051
KY,Putney,36.92591,-83.26079
KY,Quincy,38.62706,-83.10565
KY,Raccoon,37.52407,-82.42626
KY,Radcliff,37.84028,-85.94917
KY,Ransom,37.56639,-82.18833
KY,Raven,37.40433,-82.82606
KY,Ravenna,37.68671,-83.93866
KY,Raywick,37.53796,-85.43003
KY,Redfox,37.25311,-82.87186
KY,Reed,37.85876,-87.37038
KY,Regina,37.35969,-82.3737
KY,Renfro Valley,37.38778,-84.33167
KY,Revelo,36.67336,-84.47219
KY,Reynolds Station,37.69653,-86.77942
KY,Rhodelia,37.96854,-86.30408
KY,Ricetown,37.40931,-83.61506
KY,Richmond,37.7546,-84.29553
KY,Rineyville,37.75249,-85.9954
KY,River,37.87506,-82.67094
KY,Roark,37.02443,-83.5062
KY,Robards,37.67584,-87.5266
KY,Robinson Creek,37.33471,-82.56768
KY,Rochester,37.20478,-86.85921
KY,Rockfield,36.93986,-86.58539
KY,Rockholds,36.82422,-84.10405
KY,Rockhouse,37.32694,-82.4525
KY,Rockport,37.32687,-86.97462
KY,Rocky Hill,37.06748,-86.11009
KY,Rogers,37.73954,-83.65667
KY,Rosine,37.45028,-86.74139
KY,Roundhill,37.25601,-86.40697
KY,Rousseau,37.63491,-83.21472
KY,Rowdy,37.41306,-83.20403
KY,Roxana,37.0905,-83.03449
KY,Royalton,37.65212,-82.98667
KY,Rumsey,37.50762,-87.28064
KY,Rush,38.30893,-82.7476
KY,Russell,38.52258,-82.71563
KY,Russell Springs,37.05668,-85.04287
KY,Russellville,36.85307,-86.88871
KY,Sacramento,37.41769,-87.27358
KY,Sadieville,38.39082,-84.53842
KY,Saint Catharine,37.69913,-85.27106
KY,Saint Charles,37.17663,-87.55386
KY,Saint Francis,37.62864,-85.46421
KY,Saint Helens,37.58278,-83.64722
KY,Saint Mary,37.58056,-85.34639
KY,Salem,37.25535,-88.27114
KY,Salt Lick,38.10403,-83.63162
KY,Salvisa,37.91508,-84.88455
KY,Salyersville,37.7635,-83.05544
KY,Sanders,38.661,-84.97315
KY,Sandgap,37.4871,-84.05668
KY,Sandy Hook,38.12937,-83.12725
KY,Sassafras,37.23393,-83.03212
KY,Saul,37.2725,-83.49556
KY,Scalf,36.91748,-83.72655
KY,Science Hill,37.16833,-84.64865
KY,Scottsville,36.76144,-86.19286
KY,Scuddy,37.21218,-83.09324
KY,Sebree,37.58892,-87.52549
KY,Seco,37.17652,-82.73583
KY,Sedalia,36.58821,-88.59481
KY,Sextons Creek,37.27334,-83.79838
KY,Sharon Grove,36.92775,-87.10029
KY,Sharpsburg,38.21474,-83.8932
KY,Shelbiana,37.37548,-82.45532
KY,Shelby Gap,37.23274,-82.57515
KY,Shelbyville,38.21622,-85.22427
KY,Shepherdsville,38.00451,-85.68877
KY,Sidney,37.58022,-82.33867
KY,Siler,36.72035,-83.96419
KY,Silver Grove,39.03426,-84.39085
KY,Simpsonville,38.23119,-85.3548
KY,Sitka,37.89219,-82.84455
KY,Sizerock,37.16083,-83.37333
KY,Slade,37.78896,-83.68485
KY,Slaughters,37.5054,-87.50534
KY,Slemp,37.08037,-83.11694
KY,Smilax,37.16631,-83.28453
KY,Smith Mills,37.79833,-87.76194
KY,Smithfield,38.39331,-85.26558
KY,Smithland,37.12269,-88.38359
KY,Smiths Grove,37.0581,-86.19376
KY,Soldier,38.25917,-83.29944
KY,Somerset,37.07385,-84.60436
KY,Sonora,37.52207,-85.92297
KY,South Carrollton,37.3375,-87.14194
KY,South Portsmouth,38.70871,-83.01622
KY,South Shore,38.70927,-82.94637
KY,South Union,36.87639,-86.65639
KY,South Williamson,37.66699,-82.28861
KY,Sparta,38.72558,-84.88133
KY,Spottsville,37.83995,-87.42468
KY,Springfield,37.70135,-85.24047
KY,Staffordsville,37.83846,-82.85743
KY,Stambaugh,37.84112,-82.76779
KY,Stamping Ground,38.2888,-84.68182
KY,Stanford,37.52453,-84.69118
KY,Stanley,37.82333,-87.24389
KY,Stanton,37.8427,-83.82995
KY,Stanville,37.57839,-82.66917
KY,Stearns,36.70818,-84.51648
KY,Steele,37.40292,-82.20708
KY,Stephensport,37.90478,-86.52396
KY,Stinnett,37.08835,-83.39074
KY,Stone,37.56064,-82.28899
KY,Stoney Fork,36.88918,-83.5385
KY,Stopover,37.53034,-82.07352
KY,Strunk,36.61907,-84.4308
KY,Sturgis,37.54867,-87.99646
KY,Sullivan,37.4975,-87.94528
KY,Sulphur,38.49206,-85.25202
KY,Summer Shade,36.88835,-85.70832
KY,Summersville,37.34186,-85.61938
KY,Sweeden,37.25234,-86.29569
KY,Symsonia,36.87154,-88.52858
KY,Tateville,36.97389,-84.43836
KY,Taylorsville,38.04705,-85.38286
KY,Teaberry,37.42195,-82.64046
KY,Thelma,37.79874,-82.77553
KY,Thornton,37.12962,-82.7382
KY,Thousandsticks,37.185,-83.42889
KY,Tiline,37.16277,-88.25468
KY,Tollesboro,38.57233,-83.56046
KY,Tolu,37.43306,-88.24528
KY,Tomahawk,37.87929,-82.59927
KY,Tompkinsville,36.71308,-85.69684
KY,Topmost,37.34698,-82.78104
KY,Totz,36.97097,-83.20189
KY,Tram,37.57333,-82.64639
KY,Trenton,36.73138,-87.2611
KY,Trosper,36.78256,-83.83144
KY,Turners Station,38.55036,-85.13251
KY,Tutor Key,37.86053,-82.73511
KY,Tyner,37.34302,-83.87067
KY,Ulysses,37.94583,-82.67361
KY,Union,38.94351,-84.72736
KY,Union Star,37.96159,-86.46152
KY,Uniontown,37.76774,-87.92633
KY,Upton,37.4568,-85.90862
KY,Utica,37.62056,-87.05908
KY,Van Lear,37.69292,-82.70324
KY,Vanceburg,38.55151,-83.35545
KY,Vancleve,37.64768,-83.38055
KY,Varney,37.69854,-82.35098
KY,Verona,38.83901,-84.69072
KY,Versailles,38.0413,-84.72868
KY,Vest,37.40873,-83.06265
KY,Vicco,37.18983,-83.09979
KY,Vincent,37.44373,-83.78463
KY,Vine Grove,37.85894,-86.00689
KY,Viper,37.15066,-83.1583
KY,Virgie,37.31367,-82.64945
KY,Waco,37.76683,-84.11706
KY,Waddy,38.10545,-85.12883
KY,Walker,36.89114,-83.6616
KY,Wallingford,38.33745,-83.56253
KY,Wallins Creek,36.81653,-83.41897
KY,Walton,38.88749,-84.63277
KY,Waneta,37.47444,-84.04111
KY,Warbranch,36.95667,-83.45028
KY,Warfield,37.85809,-82.43219
KY,Warsaw,38.7807,-84.84958
KY,Washington,38.61583,-83.80861
KY,Water Valley,36.56936,-88.80837
KY,Waverly,37.74298,-87.80669
KY,Wayland,37.43671,-82.80104
KY,Waynesburg,37.34993,-84.66549
KY,Webbville,38.16338,-82.78974
KY,Webster,37.92394,-86.4032
KY,Weeksbury,37.32778,-82.68833
KY,Welchs Creek,37.30856,-86.63714
KY,Wellington,37.96535,-83.47305
KY,Wendover,37.12911,-83.35018
KY,West Liberty,37.94975,-83.27993
KY,West Louisville,37.69667,-87.28694
KY,West Paducah,37.09224,-88.76108
KY,West Point,37.99541,-85.9545
KY,West Somerset,37.09,-84.64583
KY,West Van Lear,37.78611,-82.77139
KY,Westport,38.49207,-85.45242
KY,Westview,37.6792,-86.42729
KY,Wheatcroft,37.49,-87.86278
KY,Wheelwright,37.3325,-82.72111
KY,Whick,37.41022,-83.37471
KY,White Mills,37.54377,-86.03952
KY,White Plains,37.17876,-87.36441
KY,Whitesburg,37.11546,-82.83877
KY,Whitesville,37.6834,-86.86991
KY,Whitley City,36.7386,-84.46836
KY,Wickliffe,36.96797,-89.01769
KY,Wildie,37.42333,-84.30222
KY,Willard,38.21167,-82.89722
KY,Williamsburg,36.73553,-84.14359
KY,Williamsport,37.81416,-82.71045
KY,Williamstown,38.62919,-84.57441
KY,Willisburg,37.83733,-85.13619
KY,Wilmore,37.86214,-84.66208
KY,Winchester,37.98716,-84.17889
KY,Windsor,37.12778,-84.91222
KY,Wingo,36.62528,-88.73945
KY,Winston,37.70556,-84.08222
KY,Wittensville,37.8703,-82.80999
KY,Woodbine,36.91879,-84.08274
KY,Woodburn,36.85569,-86.56229
KY,Woodbury,37.18333,-86.63389
KY,Woollum,37.00966,-83.8472
KY,Wooton,37.19244,-83.29265
KY,Worthington,38.5511,-82.73955
KY,Worthville,38.61795,-85.06632
KY,Wrigley,38.01833,-83.27139
KY,Yeaddiss,37.04302,-83.22701
KY,Yerkes,37.27722,-83.30111
KY,Yosemite,37.30736,-84.81241
KY,Zoe,37.66637,-83.66878
LA,Abbeville,29.95883,-92.14266
LA,Abita Springs,30.4837,-90.00407
LA,Acme,31.30162,-91.82156
LA,Addis,30.3557,-91.26135
LA,Aimwell,31.7619,-91.99249
LA,Akers,30.29,-90.40167
LA,Albany,30.51487,-90.59641
LA,Alexandria,31.28852,-92.46335
LA,Ama,29.94349,-90.29251
LA,Amelia,29.66046,-91.1111
LA,Amite,30.71821,-90.57049
LA,Anacoco,31.22176,-93.35895
LA,Angie,30.92241,-89.85671
LA,Angola,30.96562,-91.59795
LA,Arabi,29.96115,-89.9965
LA,Arcadia,32.55564,-92.92453
LA,Archibald,32.34889,-91.77722
LA,Arnaudville,30.39805,-91.92628
LA,Ashland,32.14167,-93.09806
LA,Athens,32.64507,-93.02388
LA,Atlanta,31.87358,-92.76413
LA,Avery Island,29.90333,-91.91028
LA,Baker,30.58806,-91.16806
LA,Baldwin,29.84878,-91.54578
LA,Ball,31.4048,-92.4075
LA,Barataria,29.71786,-90.12623
LA,Barksdale Afb,32.51431,-93.63817
LA,Basile,30.49779,-92.57357
LA,Baskin,32.28973,-91.71315
LA,Bastrop,32.78938,-91.90776
LA,Batchelor,30.80263,-91.66867
LA,Baton Rouge,30.45073,-91.18695
LA,Belcher,32.75439,-93.8508
LA,Bell City,30.11445,-92.94407
LA,Belle Chasse,29.83451,-90.00418
LA,Belle Rose,30.02595,-91.04435
LA,Belmont,31.70996,-93.49586
LA,Bentley,31.46604,-92.49273
LA,Benton,32.69762,-93.69095
LA,Bernice,32.82102,-92.62627
LA,Berwick,29.69879,-91.20566
LA,Bethany,32.36618,-94.00339
LA,Bienville,32.25232,-92.9084
LA,Blanchard,32.58083,-93.8925
LA,Bogalusa,30.7733,-89.86533
LA,Bonita,32.91226,-91.68216
LA,Boothville,29.32139,-89.39389
LA,Bordelonville,31.10528,-91.90722
LA,Bossier City,32.54492,-93.70383
LA,Bourg,29.54849,-90.60866
LA,Boutte,29.89732,-90.3934
LA,Boyce,31.3216,-92.68668
LA,Braithwaite,29.67356,-89.88535
LA,Branch,30.32868,-92.33462
LA,Breaux Bridge,30.27495,-91.9059
LA,Brittany,30.21194,-90.88139
LA,Broussard,30.12189,-91.95017
LA,Brusly,30.38769,-91.25265
LA,Bunkie,30.94928,-92.18258
LA,Buras,29.34106,-89.47568
LA,Burnside,30.13861,-90.92389
LA,Bush,30.61339,-89.95566
LA,Cade,30.08722,-91.90528
LA,Calhoun,32.52479,-92.32993
LA,Calvin,31.96556,-92.77556
LA,Cameron,29.86492,-93.27766
LA,Campti,31.89585,-93.09357
LA,Carencro,30.32443,-92.04227
LA,Carville,30.22076,-91.10248
LA,Castor,32.24518,-93.09358
LA,Cecilia,30.33694,-91.85306
LA,Center Point,31.26307,-92.18787
LA,Centerville,29.75944,-91.42833
LA,Chalmette,29.94661,-89.96114
LA,Charenton,29.88139,-91.525
LA,Chase,32.09694,-91.69889
LA,Chataignier,30.56833,-92.32194
LA,Chatham,32.29225,-92.43743
LA,Chauvin,29.4634,-90.59795
LA,Cheneyville,31.0201,-92.29514
LA,Choudrant,32.55563,-92.52242
LA,Church Point,30.40129,-92.22395
LA,Clarence,31.82139,-93.02944
LA,Clarks,32.02639,-92.13889
LA,Clayton,31.78857,-91.54255
LA,Clinton,30.82487,-90.93314
LA,Cloutierville,31.53592,-92.85733
LA,Colfax,31.50795,-92.65676
LA,Collinston,32.69714,-91.86342
LA,Columbia,32.11479,-92.10365
LA,Convent,30.05525,-90.86499
LA,Converse,31.78515,-93.71569
LA,Cotton Valley,32.81901,-93.42588
LA,Cottonport,30.98617,-92.05812
LA,Coushatta,32.0501,-93.31564
LA,Covington,30.48761,-90.09593
LA,Creole,29.79781,-93.03487
LA,Crowley,30.21475,-92.37771
LA,Crowville,32.24056,-91.59
LA,Cullen,32.96889,-93.45056
LA,Cut Off,29.52319,-90.3393
LA,Darrow,30.12999,-90.9651
LA,Delcambre,29.94741,-91.98894
LA,Delhi,32.45043,-91.51249
LA,Delta,32.32556,-90.92694
LA,Denham Springs,30.5821,-90.9341
LA,Dequincy,30.42111,-93.41505
LA,Deridder,30.82874,-93.26846
LA,Des Allemands,29.82199,-90.44705
LA,Destrehan,29.96579,-90.37398
LA,Deville,31.35451,-92.20229
LA,Dodson,32.07013,-92.67829
LA,Donaldsonville,30.1018,-90.99702
LA,Donner,29.69556,-90.94417
LA,Downsville,32.65251,-92.37447
LA,Doyline,32.49002,-93.39959
LA,Dry Creek,30.73536,-92.98885
LA,Dry Prong,31.59792,-92.56648
LA,Dubach,32.69489,-92.67854
LA,Dubberly,32.51916,-93.21419
LA,Dulac,29.35981,-90.65565
LA,Duplessis,30.26944,-90.93833
LA,Dupont,30.92917,-91.94778
LA,Duson,30.19122,-92.15246
LA,Echo,31.11,-92.24167
LA,Edgard,30.03186,-90.58168
LA,Effie,31.18961,-92.19418
LA,Egan,30.25097,-92.50023
LA,Elizabeth,30.86833,-92.79278
LA,Elm Grove,32.38863,-93.50262
LA,Elmer,31.14648,-92.71706
LA,Elton,30.4715,-92.69961
LA,Empire,29.3875,-89.59722
LA,Enterprise,31.90641,-91.87515
LA,Epps,32.6161,-91.49135
LA,Erath,29.95224,-92.03427
LA,Eros,32.39882,-92.34795
LA,Erwinville,30.55125,-91.39944
LA,Estherwood,30.18056,-92.46417
LA,Ethel,30.81312,-91.10998
LA,Eunice,30.51158,-92.39847
LA,Evangeline,30.26829,-92.55324
LA,Evans,31.00882,-93.42217
LA,Evergreen,30.95109,-92.09004
LA,Fairbanks,32.64417,-92.03639
LA,Farmerville,32.75338,-92.31795
LA,Fenton,30.36694,-92.91806
LA,Ferriday,31.64794,-91.57196
LA,Fisher,31.49366,-93.4602
LA,Flatwoods,31.38488,-92.88125
LA,Flora,31.61222,-93.0975
LA,Florien,31.42745,-93.51792
LA,Fluker,30.81278,-90.52067
LA,Folsom,30.61447,-90.18793
LA,Fordoche,30.55083,-91.69726
LA,Forest,32.79194,-91.41333
LA,Forest Hill,31.0243,-92.5108
LA,Fort Necessity,32.04341,-91.82569
LA,Fort Polk,31.03207,-93.22213
LA,Franklin,29.78566,-91.50264
LA,Franklinton,30.85774,-90.11548
LA,French Settlement,30.33639,-90.77322
LA,Frierson,32.24497,-93.69149
LA,Galliano,29.43113,-90.29805
LA,Garden City,29.76528,-91.46556
LA,Gardner,31.26944,-92.69278
LA,Garyville,30.05352,-90.62011
LA,Geismar,30.23626,-90.97582
LA,Georgetown,31.74501,-92.39518
LA,Gheens,29.70759,-90.48485
LA,Gibsland,32.52987,-93.07056
LA,Gibson,29.66252,-90.97764
LA,Gilbert,32.03494,-91.59203
LA,Gilliam,32.82505,-93.82927
LA,Glenmora,30.97838,-92.64576
LA,Gloster,32.1917,-93.82931
LA,Glynn,30.63762,-91.34231
LA,Golden Meadow,29.38205,-90.26393
LA,Goldonna,31.99999,-92.96106
LA,Gonzales,30.23833,-90.92
LA,Gorum,31.43278,-92.94333
LA,Grambling,32.5244,-92.71578
LA,Gramercy,30.05271,-90.69018
LA,Grand Cane,32.105,-93.79406
LA,Grand Chenier,29.78753,-92.898
LA,Grand Coteau,30.41972,-92.04667
LA,Grand Isle,29.22973,-90.0088
LA,Grant,30.78833,-92.94833
LA,Gray,29.69034,-90.78071
LA,Grayson,32.01211,-91.97462
LA,Greensburg,30.86469,-90.72556
LA,Greenwell Springs,30.52114,-91.00748
LA,Greenwood,32.42403,-93.96925
LA,Gretna,29.91081,-90.05312
LA,Grosse Tete,30.38793,-91.43829
LA,Gueydan,30.02554,-92.53378
LA,Hackberry,29.98219,-93.37497
LA,Hahnville,30.00009,-90.48858
LA,Hall Summit,32.17525,-93.30475
LA,Hamburg,31.07327,-91.91618
LA,Hammond,30.51908,-90.48786
LA,Harrisonburg,31.76693,-91.88397
LA,Harvey,29.87253,-90.06726
LA,Haughton,32.55073,-93.56574
LA,Hayes,30.10861,-92.92
LA,Haynesville,32.92781,-93.06914
LA,Heflin,32.44701,-93.28519
LA,Hessmer,31.0534,-92.13993
LA,Hester,30.03333,-90.75861
LA,Hineston,31.08254,-92.77488
LA,Hodge,32.27667,-92.72333
LA,Holden,30.55565,-90.66518
LA,Homer,32.77488,-93.02883
LA,Hornbeck,31.32264,-93.36831
LA,Hosston,32.89665,-93.88343
LA,Houma,29.59433,-90.75481
LA,Husser,30.67917,-90.33722
LA,Ida,32.99339,-93.90219
LA,Independence,30.63515,-90.52769
LA,Innis,30.87778,-91.68056
LA,Iota,30.30008,-92.5322
LA,Iowa,30.22194,-93.02586
LA,Jackson,30.82703,-91.23454
LA,Jamestown,32.36127,-93.18476
LA,Jarreau,30.63258,-91.43321
LA,Jeanerette,29.90324,-91.6544
LA,Jena,31.67482,-92.11368
LA,Jennings,30.22011,-92.6574
LA,Jigger,32.03472,-91.74667
LA,Jones,32.96629,-91.59651
LA,Jonesboro,32.24829,-92.69442
LA,Jonesville,31.63649,-91.84581
LA,Joyce,31.93917,-92.59861
LA,Kaplan,29.9771,-92.30246
LA,Keatchie,32.16217,-93.95105
LA,Keithville,32.31606,-93.88814
LA,Kelly,32.02862,-92.12607
LA,Kenner,29.9912,-90.2479
LA,Kentwood,30.88922,-90.47283
LA,Kilbourne,32.99944,-91.315
LA,Kinder,30.46065,-92.86933
LA,Kraemer,29.86667,-90.69694
LA,Krotz Springs,30.53793,-91.75633
LA,Kurthwood,31.33722,-93.16556
LA,La Place,30.07772,-90.48954
LA,Labadieville,29.83446,-90.96132
LA,Lacassine,30.14559,-92.82926
LA,Lacombe,30.32203,-89.92974
LA,Lafayette,30.23614,-92.00826
LA,Lafitte,29.56219,-90.05663
LA,Lake Arthur,30.09097,-92.68253
LA,Lake Charles,30.22845,-93.18797
LA,Lake Providence,32.80707,-91.19057
LA,Lakeland,30.57994,-91.42168
LA,Larose,29.57222,-90.38167
LA,Lawtell,30.51833,-92.18472
LA,Lebeau,30.73111,-91.97694
LA,Leblanc,30.50889,-92.94889
LA,Lecompte,31.10603,-92.38903
LA,Leesville,31.14429,-93.22396
LA,Lena,31.41848,-92.77185
LA,Leonville,30.47028,-91.97833
LA,Lettsworth,30.93239,-91.74025
LA,Libuse,31.35389,-92.33333
LA,Lillie,32.95293,-92.68577
LA,Lisbon,32.8452,-92.88781
LA,Livingston,30.47411,-90.76734
LA,Livonia,30.55235,-91.53322
LA,Lockport,29.60349,-90.49061
LA,Logansport,31.99433,-93.96273
LA,Longleaf,31.00639,-92.5525
LA,Longstreet,32.0975,-93.95194
LA,Longville,30.57999,-93.25481
LA,Loranger,30.58841,-90.35672
LA,Loreauville,30.06828,-91.65957
LA,Lottie,30.50395,-91.71053
LA,Luling,29.92512,-90.36926
LA,Lutcher,30.04468,-90.70084
LA,Lydia,29.91917,-91.79528
LA,Madisonville,30.42874,-90.17728
LA,Mamou,30.64965,-92.41965
LA,Mandeville,30.3861,-90.07685
LA,Mangham,32.33311,-91.79761
LA,Mansfield,32.02386,-93.69804
LA,Mansura,31.06147,-92.05433
LA,Many,31.58508,-93.46411
LA,Maringouin,30.48229,-91.51682
LA,Marion,32.88815,-92.25706
LA,Marksville,31.13961,-92.08315
LA,Marrero,29.85976,-90.11046
LA,Marthaville,31.77258,-93.39543
LA,Mathews,29.68198,-90.49491
LA,Maurepas,30.27159,-90.70426
LA,Maurice,30.07215,-92.10703
LA,Melrose,31.59861,-92.96694
LA,Melville,30.66264,-91.75649
LA,Mer Rouge,32.77176,-91.77164
LA,Meraux,29.93349,-89.92143
LA,Mermentau,30.18972,-92.5825
LA,Merryville,30.77014,-93.53073
LA,Metairie,29.98714,-90.16951
LA,Milton,30.10361,-92.07639
LA,Minden,32.63228,-93.28859
LA,Mittie,30.67881,-92.93206
LA,Monroe,32.52855,-92.1061
LA,Montegut,29.47437,-90.54395
LA,Monterey,31.44029,-91.73445
LA,Montgomery,31.66739,-92.84118
LA,Mooringsport,32.66258,-93.97302
LA,Mora,31.33393,-92.88891
LA,Moreauville,31.03677,-91.98181
LA,Morgan City,29.72394,-91.1165
LA,Morganza,30.72449,-91.59593
LA,Morrow,30.82489,-92.04078
LA,Morse,30.14344,-92.46315
LA,Mount Airy,30.05111,-90.63778
LA,Mount Hermon,30.95362,-90.27689
LA,Napoleonville,29.92884,-91.02661
LA,Natalbany,30.54611,-90.48472
LA,Natchez,31.6615,-93.02412
LA,Natchitoches,31.76169,-93.09157
LA,Negreet,31.46917,-93.57472
LA,New Iberia,30.00103,-91.81996
LA,New Orleans,29.96048,-90.0753
LA,New Orleans,29.96307,-90.16095
LA,New Roads,30.70136,-91.44212
LA,New Sarpy,29.97778,-90.38778
LA,Newellton,32.06562,-91.25777
LA,Newllano,31.0694,-93.2879
LA,Noble,31.69385,-93.71668
LA,Norco,30.00571,-90.4198
LA,Norwood,30.95177,-91.06287
LA,Oak Grove,32.87226,-91.4129
LA,Oak Ridge,32.62432,-91.76179
LA,Oakdale,30.81717,-92.66396
LA,Oberlin,30.6162,-92.75267
LA,Oil City,32.74511,-93.98384
LA,Olla,31.87339,-92.22139
LA,Opelousas,30.51442,-92.08967
LA,Oscar,30.59876,-91.48458
LA,Otis,31.22644,-92.74448
LA,Paincourtville,29.99,-91.055
LA,Palmetto,30.70654,-91.91138
LA,Paradis,29.87703,-90.43525
LA,Patterson,29.69671,-91.28123
LA,Paulina,30.03516,-90.73744
LA,Pearl River,30.39445,-89.77315
LA,Pelican,31.89656,-93.56336
LA,Perry,29.94833,-92.15694
LA,Pierre Part,29.95501,-91.20017
LA,Pilottown,29.18139,-89.2575
LA,Pine Grove,30.7032,-90.76723
LA,Pine Prairie,30.78361,-92.42528
LA,Pineville,31.3238,-92.4246
LA,Pioneer,32.71544,-91.46482
LA,Pitkin,30.93299,-92.95476
LA,Plain Dealing,32.90742,-93.69053
LA,Plaquemine,30.26841,-91.25236
LA,Plattenville,29.98861,-91.02194
LA,Plaucheville,30.93648,-91.98467
LA,Pleasant Hill,31.80858,-93.51359
LA,Pointe A La Hache,29.60833,-89.84833
LA,Pollock,31.49997,-92.40054
LA,Ponchatoula,30.44064,-90.44225
LA,Port Allen,30.47198,-91.25409
LA,Port Barre,30.54779,-91.92858
LA,Port Sulphur,29.47001,-89.68475
LA,Powhatan,31.87278,-93.20111
LA,Prairieville,30.31559,-90.9299
LA,Pride,30.61332,-90.99429
LA,Princeton,32.57909,-93.52258
LA,Provencal,31.58012,-93.14009
LA,Quitman,32.35642,-92.70853
LA,Raceland,29.71784,-90.59991
LA,Ragley,30.47026,-93.23365
LA,Rayne,30.20451,-92.24859
LA,Rayville,32.46894,-91.7643
LA,Reddell,30.67389,-92.42611
LA,Reeves,30.49673,-93.03685
LA,Reserve,30.06026,-90.55177
LA,Rhinehart,31.64028,-91.995
LA,Ringgold,32.3263,-93.29824
LA,Roanoke,30.31817,-92.68697
LA,Robeline,31.77145,-93.32097
LA,Robert,30.50633,-90.33517
LA,Rodessa,32.97008,-93.98847
LA,Rosedale,30.44078,-91.45616
LA,Roseland,30.77171,-90.52428
LA,Rosepine,30.91972,-93.28222
LA,Rougon,30.60345,-91.38132
LA,Ruby,31.18917,-92.24861
LA,Ruston,32.53082,-92.64393
LA,Saint Amant,30.23849,-90.84353
LA,Saint Benedict,30.52667,-90.1125
LA,Saint Bernard,29.86109,-89.83641
LA,Saint Francisville,30.85866,-91.39227
LA,Saint Gabriel,30.27987,-91.09162
LA,Saint James,30.0276,-90.86055
LA,Saint Joseph,31.9248,-91.27843
LA,Saint Landry,30.83812,-92.39385
LA,Saint Martinville,30.20828,-91.82596
LA,Saint Maurice,31.75944,-92.95889
LA,Saint Rose,29.95807,-90.31243
LA,Saline,32.1566,-92.94861
LA,Sarepta,32.94336,-93.44041
LA,Schriever,29.71228,-90.85134
LA,Scott,30.2504,-92.09808
LA,Shongaloo,32.97129,-93.29626
LA,Shreveport,32.50374,-93.7487
LA,Sibley,32.50954,-93.3009
LA,Sicily Island,31.85073,-91.68071
LA,Sieper,31.19703,-92.76981
LA,Sikes,32.06862,-92.44289
LA,Simmesport,30.97712,-91.82587
LA,Simpson,31.24556,-93.01528
LA,Simsboro,32.53839,-92.79948
LA,Singer,30.53291,-93.46499
LA,Slagle,31.20222,-93.12722
LA,Slaughter,30.79914,-91.05225
LA,Slidell,30.27841,-89.77119
LA,Sondheimer,32.57722,-91.2482
LA,Sorrento,30.18539,-90.86314
LA,Spearsville,32.95502,-92.58698
LA,Springfield,30.41574,-90.57748
LA,Springhill,33.00054,-93.45956
LA,Starks,30.30848,-93.66148
LA,Start,32.48639,-91.85917
LA,Sterlington,32.59327,-92.12134
LA,Stonewall,32.28476,-93.80028
LA,Sugartown,30.82765,-93.01702
LA,Sulphur,30.219,-93.36391
LA,Summerfield,32.9238,-92.82152
LA,Sun,30.64889,-89.8925
LA,Sunset,30.39374,-92.07568
LA,Sunshine,30.29824,-91.17992
LA,Swartz,32.56861,-91.985
LA,Talisheek,30.5325,-89.87667
LA,Tallulah,32.40213,-91.19007
LA,Tangipahoa,30.87583,-90.51194
LA,Taylor,32.54556,-93.11917
LA,Theriot,29.45159,-90.76515
LA,Thibodaux,29.79921,-90.80961
LA,Tickfaw,30.56685,-90.482
LA,Tioga,31.41573,-92.44712
LA,Transylvania,32.67053,-91.22881
LA,Trout,31.65314,-92.19931
LA,Tullos,31.85309,-92.30125
LA,Tunica,30.92917,-91.555
LA,Turkey Creek,30.87694,-92.41306
LA,Uncle Sam,30.02168,-90.77188
LA,Urania,31.86361,-92.29583
LA,Vacherie,29.96937,-90.7097
LA,Varnado,30.98209,-89.7606
LA,Venice,29.26181,-89.34778
LA,Ventress,30.6814,-91.40326
LA,Vidalia,31.57822,-91.46947
LA,Ville Platte,30.69238,-92.27371
LA,Vinton,30.20152,-93.57281
LA,Violet,29.90435,-89.89599
LA,Vivian,32.86684,-93.98731
LA,Wakefield,30.88917,-91.35
LA,Walker,30.52475,-90.85571
LA,Washington,30.70988,-92.03989
LA,Waterproof,31.80761,-91.38715
LA,Watson,30.57556,-90.95306
LA,Welsh,30.23626,-92.81897
LA,West Monroe,32.53173,-92.17597
LA,Westlake,30.26127,-93.26884
LA,Westwego,29.91439,-90.1813
LA,Weyanoke,30.94667,-91.46111
LA,White Castle,30.15447,-91.17734
LA,Wildsville,31.61556,-91.78389
LA,Wilson,30.94732,-91.06551
LA,Winnfield,31.92139,-92.63665
LA,Winnsboro,32.15923,-91.71085
LA,Wisner,31.99125,-91.6768
LA,Woodworth,31.13259,-92.499
LA,Youngsville,30.0975,-92.00963
LA,Zachary,30.65613,-91.13584
LA,Zwolle,31.61379,-93.66357
MA,Abington,42.11671,-70.95429
MA,Accord,42.1747,-70.8871
MA,Acton,42.47508,-71.44826
MA,Acushnet,41.6997,-70.90865
MA,Adams,42.62232,-73.11723
MA,Agawam,42.07021,-72.62274
MA,Allston,42.35352,-71.13287
MA,Amesbury,42.85588,-70.93668
MA,Amherst,42.37702,-72.51565
MA,Andover,42.64956,-71.15648
MA,Arlington,42.40417,-71.14722
MA,Arlington Heights,42.42028,-71.18056
MA,Ashburnham,42.64961,-71.92666
MA,Ashby,42.67446,-71.81737
MA,Ashfield,42.52321,-72.811
MA,Ashland,42.25391,-71.45835
MA,Ashley Falls,42.05955,-73.32019
MA,Assonet,41.79746,-71.06074
MA,Athol,42.59206,-72.21464
MA,Attleboro,41.9296,-71.30092
MA,Attleboro Falls,41.97098,-71.31035
MA,Auburn,42.2055,-71.83914
MA,Auburndale,42.34722,-71.25
MA,Avon,42.12582,-71.04374
MA,Ayer,42.55914,-71.57876
MA,Babson Park,42.29861,-71.26
MA,Baldwinville,42.59357,-72.06465
MA,Barnstable,41.69829,-70.30007
MA,Barre,42.4097,-72.10835
MA,Becket,42.35936,-73.12032
MA,Bedford,42.48429,-71.2768
MA,Belchertown,42.2751,-72.41095
MA,Bellingham,42.07457,-71.47683
MA,Belmont,42.39583,-71.17917
MA,Berkley,41.83532,-71.07653
MA,Berkshire,42.5125,-73.19333
MA,Berlin,42.38444,-71.63563
MA,Bernardston,42.68378,-72.56344
MA,Beverly,42.56083,-70.87594
MA,Billerica,42.55187,-71.25175
MA,Blackstone,42.02871,-71.52691
MA,Blandford,42.18295,-72.93611
MA,Bolton,42.43652,-71.60759
MA,Bondsville,42.2125,-72.34583
MA,Boston,42.3576,-71.06843
MA,Boxborough,42.48688,-71.51823
MA,Boxford,42.67972,-71.01137
MA,Boylston,42.33773,-71.73104
MA,Braintree,42.20928,-70.9963
MA,Brant Rock,42.08611,-70.64167
MA,Brewster,41.74918,-70.06987
MA,Bridgewater,41.97734,-70.97234
MA,Brighton,42.34779,-71.1566
MA,Brimfield,42.11654,-72.18846
MA,Brockton,42.08,-71.0377
MA,Brookfield,42.19914,-72.09889
MA,Brookline,42.3302,-71.1304
MA,Brookline Village,42.33278,-71.11667
MA,Bryantville,42.04389,-70.84306
MA,Buckland,42.61517,-72.76412
MA,Burlington,42.50894,-71.20044
MA,Buzzards Bay,41.75292,-70.59317
MA,Byfield,42.75679,-70.93505
MA,Cambridge,42.37705,-71.12561
MA,Canton,42.16445,-71.13554
MA,Carlisle,42.52856,-71.35189
MA,Carver,41.88826,-70.76775
MA,Cataumet,41.66611,-70.62028
MA,Centerville,41.66058,-70.3532
MA,Charlemont,42.6218,-72.88016
MA,Charlestown,42.37781,-71.06271
MA,Charlton,42.1379,-71.96638
MA,Charlton City,42.14583,-71.98889
MA,Charlton Depot,42.17306,-71.97917
MA,Chartley,41.94861,-71.22639
MA,Chatham,41.68763,-69.98076
MA,Chelmsford,42.59356,-71.35752
MA,Chelsea,42.39625,-71.03252
MA,Cherry Valley,42.23729,-71.87497
MA,Cheshire,42.56106,-73.15796
MA,Chester,42.27942,-72.98876
MA,Chesterfield,42.38167,-72.83331
MA,Chestnut Hill,42.33056,-71.16667
MA,Chicopee,42.16205,-72.60796
MA,Chilmark,41.35752,-70.74161
MA,Clinton,42.41815,-71.68285
MA,Cohasset,42.23948,-70.81279
MA,Colrain,42.67905,-72.72651
MA,Concord,42.4567,-71.37474
MA,Conway,42.51383,-72.70247
MA,Cotuit,41.69602,-70.43343
MA,Cummaquid,41.70167,-70.27361
MA,Cummington,42.4353,-72.90577
MA,Cuttyhunk,41.4436,-70.87854
MA,Dalton,42.47505,-73.16026
MA,Danvers,42.5694,-70.94246
MA,Dartmouth,41.64083,-70.98
MA,Dedham,42.24368,-71.16374
MA,Deerfield,42.54064,-72.60723
MA,Dennis,41.73217,-70.19105
MA,Dennis Port,41.66487,-70.13271
MA,Devens,42.54667,-71.59833
MA,Dighton,41.81251,-71.14272
MA,Douglas,42.06057,-71.72661
MA,Dover,42.23623,-71.28536
MA,Dracut,42.67642,-71.31859
MA,Drury,42.65222,-72.99806
MA,Dudley,42.04889,-71.89323
MA,Dunstable,42.67392,-71.4952
MA,Duxbury,42.04167,-70.67278
MA,East Boston,42.375,-71.03972
MA,East Bridgewater,42.03148,-70.94496
MA,East Brookfield,42.21931,-72.04808
MA,East Dennis,41.7425,-70.1625
MA,East Falmouth,41.58504,-70.56517
MA,East Freetown,41.76346,-70.96771
MA,East Longmeadow,42.0672,-72.50557
MA,East Mansfield,42.02306,-71.17778
MA,East Orleans,41.785,-69.97083
MA,East Otis,42.17333,-73.035
MA,East Princeton,42.47278,-71.83944
MA,East Sandwich,41.6846,-70.46822
MA,East Taunton,41.87358,-71.01923
MA,East Templeton,42.56306,-72.0375
MA,East Walpole,42.15324,-71.2179
MA,East Wareham,41.76825,-70.65324
MA,East Weymouth,42.21161,-70.93167
MA,Eastham,41.84078,-69.98486
MA,Easthampton,42.26432,-72.67992
MA,Easton,42.02444,-71.12917
MA,Edgartown,41.38886,-70.53389
MA,Elmwood,42.00972,-70.9625
MA,Erving,42.60496,-72.41664
MA,Essex,42.62863,-70.78279
MA,Everett,42.4112,-71.05145
MA,Fairhaven,41.64092,-70.88961
MA,Fall River,41.71822,-71.13999
MA,Falmouth,41.56475,-70.62166
MA,Fayville,42.29322,-71.50226
MA,Feeding Hills,42.07182,-72.67508
MA,Fiskdale,42.12276,-72.11776
MA,Fitchburg,42.57956,-71.80313
MA,Forestdale,41.6827,-70.51432
MA,Foxboro,42.06494,-71.24413
MA,Framingham,42.30067,-71.42549
MA,Franklin,42.09347,-71.40579
MA,Gardner,42.57405,-71.9898
MA,Georgetown,42.72807,-70.98224
MA,Gilbertville,42.33219,-72.19858
MA,Gill,42.67694,-72.44722
MA,Glendale,42.28333,-73.34444
MA,Gloucester,42.62084,-70.67215
MA,Goshen,42.46623,-72.84409
MA,Grafton,42.20037,-71.68685
MA,Granby,42.2557,-72.52
MA,Granville,42.07023,-72.90879
MA,Great Barrington,42.19592,-73.36065
MA,Green Harbor,42.07778,-70.65
MA,Greenbush,42.17917,-70.75
MA,Greenfield,42.60122,-72.60185
MA,Groton,42.61235,-71.55837
MA,Groveland,42.75303,-71.02702
MA,Hadley,42.36062,-72.5715
MA,Halifax,42.00016,-70.84479
MA,Hamilton,42.61833,-70.85667
MA,Hampden,42.06476,-72.43182
MA,Hanover,42.12141,-70.85701
MA,Hanscom Afb,42.46444,-71.28417
MA,Hanson,42.06163,-70.86505
MA,Hardwick,42.35,-72.2
MA,Harvard,42.49856,-71.57529
MA,Harwich,41.70082,-70.05793
MA,Harwich Port,41.67128,-70.07676
MA,Hatfield,42.38439,-72.61674
MA,Hathorne,42.58611,-70.975
MA,Haverhill,42.7856,-71.07206
MA,Haydenville,42.3818,-72.70318
MA,Heath,42.68535,-72.8391
MA,Hingham,42.22449,-70.89105
MA,Hinsdale,42.4346,-73.09243
MA,Holbrook,42.14641,-71.00827
MA,Holden,42.34198,-71.84142
MA,Holland,42.04026,-72.15437
MA,Holliston,42.20264,-71.43606
MA,Holyoke,42.20201,-72.62619
MA,Hopedale,42.1268,-71.5376
MA,Hopkinton,42.21905,-71.53018
MA,Housatonic,42.2653,-73.37454
MA,Hubbardston,42.48654,-72.00116
MA,Hudson,42.3918,-71.5609
MA,Hull,42.28535,-70.87544
MA,Humarock,42.13611,-70.69056
MA,Huntington,42.2653,-72.87334
MA,Hyannis,41.65368,-70.29818
MA,Hyannis Port,41.63556,-70.3
MA,Hyde Park,42.25399,-71.12605
MA,Ipswich,42.68088,-70.84935
MA,Jamaica Plain,42.3126,-71.1115
MA,Jefferson,42.37552,-71.87058
MA,Kingston,41.99502,-70.74099
MA,Lake Pleasant,42.55639,-72.51861
MA,Lakeville,41.83738,-70.9582
MA,Lancaster,42.45098,-71.68683
MA,Lanesboro,42.54196,-73.24874
MA,Lawrence,42.70796,-71.16381
MA,Lee,42.29899,-73.2317
MA,Leeds,42.35429,-72.7034
MA,Leicester,42.23705,-71.91883
MA,Lenox,42.36424,-73.27132
MA,Lenox Dale,42.33611,-73.24583
MA,Leominster,42.52744,-71.75631
MA,Leverett,42.46823,-72.49933
MA,Lexington,42.4558,-71.2193
MA,Lincoln,42.42172,-71.31372
MA,Linwood,42.09722,-71.64528
MA,Littleton,42.54013,-71.48767
MA,Longmeadow,42.05066,-72.5676
MA,Lowell,42.65604,-71.30508
MA,Ludlow,42.17282,-72.47101
MA,Lunenburg,42.58843,-71.72664
MA,Lynn,42.46338,-70.94552
MA,Lynnfield,42.53271,-71.03387
MA,Malden,42.42911,-71.06051
MA,Manchaug,42.09444,-71.74806
MA,Manchester,42.57963,-70.76743
MA,Manomet,41.91861,-70.56667
MA,Mansfield,42.02124,-71.21778
MA,Marblehead,42.49843,-70.86529
MA,Marion,41.70953,-70.76126
MA,Marlborough,42.35086,-71.54336
MA,Marshfield,42.10618,-70.69931
MA,Marshfield Hills,42.13333,-70.75833
MA,Marstons Mills,41.67027,-70.41632
MA,Mashpee,41.61812,-70.48536
MA,Mattapan,42.27389,-71.09387
MA,Mattapoisett,41.66184,-70.81636
MA,Maynard,42.43212,-71.45498
MA,Medfield,42.18453,-71.30481
MA,Medford,42.41833,-71.10667
MA,Medway,42.15136,-71.42172
MA,Melrose,42.45807,-71.06319
MA,Mendon,42.09674,-71.54988
MA,Menemsha,41.35167,-70.76472
MA,Merrimac,42.83463,-71.00466
MA,Methuen,42.72802,-71.18103
MA,Middleboro,41.8938,-70.9187
MA,Middlefield,42.34795,-73.00623
MA,Middleton,42.59418,-71.013
MA,Milford,42.15114,-71.5274
MA,Mill River,42.11389,-73.26806
MA,Millbury,42.19678,-71.76444
MA,Millers Falls,42.57621,-72.49463
MA,Millis,42.16694,-71.36069
MA,Millville,42.0331,-71.57981
MA,Milton,42.25366,-71.07705
MA,Milton Village,42.26667,-71.07222
MA,Minot,42.19583,-70.72639
MA,Monponsett,42.01833,-70.84722
MA,Monroe Bridge,42.72389,-72.96016
MA,Monson,42.10102,-72.31963
MA,Montague,42.54286,-72.53284
MA,Monterey,42.18785,-73.21345
MA,Monument Beach,41.71944,-70.6125
MA,Nahant,42.4261,-70.92774
MA,Nantucket,41.27253,-70.09322
MA,Natick,42.28748,-71.35741
MA,Needham,42.2778,-71.235
MA,Needham Heights,42.2997,-71.2321
MA,New Bedford,41.63475,-70.9372
MA,New Braintree,42.31977,-72.13064
MA,New Salem,42.51464,-72.30624
MA,New Town,42.36,-71.13056
MA,Newbury,42.78348,-70.84738
MA,Newburyport,42.81296,-70.88467
MA,Newton,42.3545,-71.1877
MA,Newton Center,42.33694,-71.20972
MA,Newton Highlands,42.32083,-71.2
MA,Newton Lower Falls,42.32917,-71.25417
MA,Newton Upper Falls,42.31389,-71.22
MA,Newtonville,42.3521,-71.2081
MA,Nonantum,42.3625,-71.20278
MA,Norfolk,42.11775,-71.32693
MA,North Adams,42.69865,-73.10999
MA,North Amherst,42.4102,-72.5313
MA,North Andover,42.68258,-71.109
MA,North Attleboro,41.97754,-71.32976
MA,North Billerica,42.57569,-71.29022
MA,North Brookfield,42.26646,-72.08213
MA,North Carver,41.92028,-70.8
MA,North Chatham,41.70298,-69.96661
MA,North Chelmsford,42.63474,-71.39083
MA,North Dartmouth,41.63379,-70.99577
MA,North Dighton,41.85287,-71.14852
MA,North Eastham,41.865,-69.99167
MA,North Easton,42.05896,-71.11234
MA,North Egremont,42.19667,-73.43833
MA,North Falmouth,41.64168,-70.62304
MA,North Grafton,42.22973,-71.70369
MA,North Hatfield,42.41111,-72.62278
MA,North Marshfield,42.14306,-70.77083
MA,North Oxford,42.16549,-71.88595
MA,North Pembroke,42.09306,-70.79306
MA,North Reading,42.5819,-71.09471
MA,North Scituate,42.21889,-70.78611
MA,North Truro,42.03378,-70.08751
MA,North Uxbridge,42.0875,-71.64167
MA,North Waltham,42.39306,-71.22028
MA,North Weymouth,42.24356,-70.94432
MA,Northampton,42.32466,-72.65425
MA,Northborough,42.31824,-71.64637
MA,Northbridge,42.1494,-71.65637
MA,Northfield,42.6887,-72.451
MA,Norton,41.9718,-71.18944
MA,Norwell,42.15957,-70.82172
MA,Norwood,42.18684,-71.20331
MA,Nutting Lake,42.53778,-71.26944
MA,Oak Bluffs,41.45417,-70.5625
MA,Oakham,42.34803,-72.05127
MA,Ocean Bluff,42.09722,-70.65417
MA,Onset,41.74167,-70.65833
MA,Orange,42.59123,-72.30587
MA,Orleans,41.77916,-69.9822
MA,Osterville,41.63005,-70.38373
MA,Otis,42.18988,-73.08209
MA,Oxford,42.11285,-71.86868
MA,Palmer,42.17623,-72.32878
MA,Paxton,42.30665,-71.92023
MA,Peabody,42.53258,-70.96119
MA,Pembroke,42.06207,-70.8044
MA,Pepperell,42.66889,-71.59339
MA,Petersham,42.48976,-72.18935
MA,Pinehurst,42.52917,-71.22861
MA,Pittsfield,42.45309,-73.24709
MA,Plainfield,42.51439,-72.91829
MA,Plainville,42.0124,-71.32745
MA,Plymouth,41.9104,-70.642
MA,Plympton,41.96549,-70.80458
MA,Pocasset,41.68812,-70.61051
MA,Prides Crossing,42.55972,-70.825
MA,Princeton,42.45081,-71.87624
MA,Provincetown,42.05336,-70.1865
MA,Quincy,42.24913,-70.99782
MA,Randolph,42.17359,-71.05139
MA,Raynham,41.93236,-71.04686
MA,Raynham Center,41.92361,-71.05278
MA,Reading,42.52799,-71.10902
MA,Readville,42.24917,-71.22917
MA,Rehoboth,41.85152,-71.25445
MA,Revere,42.41377,-71.00517
MA,Richmond,42.3784,-73.36446
MA,Rochdale,42.19969,-71.90688
MA,Rochester,41.75908,-70.85226
MA,Rockland,42.12929,-70.91326
MA,Rockport,42.65797,-70.61942
MA,Roslindale,42.28361,-71.12954
MA,Rowe,42.69529,-72.92578
MA,Rowley,42.71375,-70.90696
MA,Royalston,42.5925,-72.22778
MA,Russell,42.14706,-72.84034
MA,Rutland,42.3762,-71.94895
MA,Sagamore,41.77,-70.52889
MA,Sagamore Beach,41.79833,-70.52944
MA,Salem,42.51511,-70.90034
MA,Salisbury,42.85068,-70.85882
MA,Sandisfield,42.10943,-73.11629
MA,Sandwich,41.6983,-70.46932
MA,Saugus,42.46334,-71.01109
MA,Savoy,42.57696,-73.02328
MA,Scituate,42.20323,-70.75248
MA,Seekonk,41.83783,-71.32241
MA,Sharon,42.10939,-71.17587
MA,Sheffield,42.1001,-73.36109
MA,Shelburne Falls,42.6022,-72.73906
MA,Sheldonville,42.03472,-71.3875
MA,Sherborn,42.23309,-71.37872
MA,Shirley,42.55865,-71.64644
MA,Shrewsbury,42.2848,-71.7205
MA,Shutesbury,42.48197,-72.42134
MA,Siasconset,41.2625,-69.96667
MA,Silver Beach,42.64028,-70.6375
MA,Somerset,41.7223,-71.17797
MA,Somerville,42.38294,-71.10281
MA,South Barre,42.38528,-72.09583
MA,South Carver,41.84056,-70.74722
MA,South Chatham,41.68013,-70.02411
MA,South Dartmouth,41.59173,-70.95652
MA,South Deerfield,42.47562,-72.61527
MA,South Dennis,41.70971,-70.15851
MA,South Easton,42.0257,-71.09881
MA,South Egremont,42.10115,-73.45658
MA,South Grafton,42.17604,-71.69272
MA,South Hadley,42.23754,-72.58114
MA,South Hamilton,42.61848,-70.85613
MA,South Harwich,41.675,-70.04444
MA,South Lancaster,42.44444,-71.6875
MA,South Lee,42.27778,-73.27778
MA,South Orleans,41.75056,-69.99167
MA,South Walpole,42.0992,-71.27523
MA,South Wellfleet,41.91806,-69.99583
MA,South Weymouth,42.17282,-70.94869
MA,South Yarmouth,41.6728,-70.19731
MA,Southampton,42.2247,-72.71938
MA,Southborough,42.29392,-71.532
MA,Southbridge,42.07502,-72.03535
MA,Southfield,42.07801,-73.26093
MA,Southwick,42.0511,-72.77059
MA,Spencer,42.2441,-71.99062
MA,Springfield,42.106,-72.5977
MA,Sterling,42.43535,-71.77519
MA,Still River,42.49167,-71.61806
MA,Stockbridge,42.30104,-73.32226
MA,Stoneham,42.48278,-71.0978
MA,Stoughton,42.12528,-71.10736
MA,Stow,42.43079,-71.51502
MA,Sturbridge,42.11262,-72.08423
MA,Sudbury,42.38365,-71.42816
MA,Sunderland,42.45395,-72.56757
MA,Sutton,42.14059,-71.74842
MA,Swampscott,42.47461,-70.90977
MA,Swansea,41.74734,-71.21217
MA,Taunton,41.90501,-71.10261
MA,Templeton,42.54598,-72.06497
MA,Tewksbury,42.60283,-71.22322
MA,Thorndike,42.1875,-72.33611
MA,Three Rivers,42.18189,-72.36235
MA,Topsfield,42.64155,-70.94884
MA,Townsend,42.65251,-71.68965
MA,Truro,41.99879,-70.05636
MA,Turners Falls,42.60652,-72.54701
MA,Tyngsboro,42.67238,-71.41577
MA,Tyringham,42.24583,-73.20417
MA,Upton,42.17327,-71.60801
MA,Uxbridge,42.07443,-71.63287
MA,Village Of Nagog Woods,42.51494,-71.42235
MA,Vineyard Haven,41.44996,-70.59374
MA,Waban,42.32778,-71.22778
MA,Wakefield,42.50089,-71.06847
MA,Wales,42.06273,-72.20459
MA,Walpole,42.14441,-71.25439
MA,Waltham,42.3954,-71.2508
MA,Ware,42.26183,-72.25829
MA,Wareham,41.75408,-70.71159
MA,Warren,42.2125,-72.19167
MA,Warwick,42.68194,-72.33944
MA,Watertown,42.3733,-71.154
MA,Waverley,42.3875,-71.18333
MA,Wayland,42.34863,-71.35878
MA,Webster,42.04757,-71.83947
MA,Wellesley,42.2986,-71.3016
MA,Wellesley Hills,42.3133,-71.2695
MA,Wellfleet,41.92893,-70.01859
MA,Wendell,42.56564,-72.40085
MA,Wendell Depot,42.59583,-72.36028
MA,Wenham,42.60166,-70.87862
MA,West Barnstable,41.70021,-70.37198
MA,West Boxford,42.70694,-71.06444
MA,West Boylston,42.35836,-71.78382
MA,West Bridgewater,42.02551,-71.01605
MA,West Brookfield,42.24414,-72.15114
MA,West Chatham,41.68111,-69.99167
MA,West Chesterfield,42.40278,-72.87639
MA,West Chop,41.48,-70.60333
MA,West Dennis,41.66256,-70.16809
MA,West Falmouth,41.60417,-70.635
MA,West Groton,42.60417,-71.62778
MA,West Harwich,41.66937,-70.1135
MA,West Hatfield,42.37083,-72.6375
MA,West Hyannisport,41.63611,-70.32083
MA,West Medford,42.42222,-71.13333
MA,West Millbury,42.17111,-71.80417
MA,West Newbury,42.79487,-70.97781
MA,West Newton,42.35,-71.23333
MA,West Roxbury,42.27868,-71.15887
MA,West Springfield,42.11507,-72.64111
MA,West Stockbridge,42.33475,-73.38251
MA,West Tisbury,41.41372,-70.6558
MA,West Townsend,42.6704,-71.74057
MA,West Wareham,41.77962,-70.76418
MA,West Warren,42.20734,-72.20364
MA,West Yarmouth,41.66137,-70.2363
MA,Westborough,42.283,-71.6015
MA,Westfield,42.12948,-72.75432
MA,Westford,42.58996,-71.43814
MA,Westminster,42.54583,-71.91111
MA,Weston,42.36667,-71.30361
MA,Westport,41.62113,-71.089
MA,Westport Point,41.52222,-71.075
MA,Westwood,42.21482,-71.21043
MA,Weymouth,42.21133,-70.95825
MA,Whately,42.43972,-72.63528
MA,Wheelwright,42.35194,-72.14028
MA,White Horse Beach,41.93083,-70.55833
MA,Whitinsville,42.11532,-71.66436
MA,Whitman,42.0816,-70.93813
MA,Wilbraham,42.12451,-72.44642
MA,Williamsburg,42.40852,-72.77799
MA,Williamstown,42.70888,-73.20364
MA,Wilmington,42.55814,-71.17231
MA,Winchendon,42.67894,-72.04752
MA,Winchendon Springs,42.69444,-72.01528
MA,Winchester,42.45303,-71.14407
MA,Windsor,42.50949,-73.04661
MA,Winthrop,42.37629,-70.98004
MA,Woburn,42.48289,-71.1574
MA,Woods Hole,41.52627,-70.66431
MA,Woodville,42.2375,-71.5625
MA,Worcester,42.2621,-71.8034
MA,Woronoco,42.16389,-72.83
MA,Worthington,42.38429,-72.93143
MA,Wrentham,42.06175,-71.33957
MA,Yarmouth Port,41.70515,-70.22701
MD,Abell,38.24955,-76.7441
MD,Aberdeen,39.51089,-76.18054
MD,Aberdeen Proving Ground,39.47243,-76.1303
MD,Abingdon,39.47444,-76.29973
MD,Accident,39.6355,-79.30847
MD,Accokeek,38.67199,-77.01622
MD,Adamstown,39.30645,-77.44769
MD,Allen,38.28722,-75.68833
MD,Andrews Air Force Base,38.80333,-76.87139
MD,Annapolis,38.99965,-76.50314
MD,Annapolis Junction,39.13098,-76.79807
MD,Aquasco,38.5825,-76.71495
MD,Arnold,39.04759,-76.49406
MD,Ashton,39.15103,-76.99242
MD,Avenue,38.28262,-76.74655
MD,Baldwin,39.5194,-76.49271
MD,Baltimore,39.17185,-76.64829
MD,Baltimore,39.2595,-76.7091
MD,Baltimore,39.29463,-76.6252
MD,Barclay,39.12987,-75.86008
MD,Barnesville,39.22332,-77.37643
MD,Barstow,38.52528,-76.61639
MD,Barton,39.53314,-79.02813
MD,Beallsville,39.1671,-77.4144
MD,Bel Air,39.53937,-76.35643
MD,Bel Alton,38.47314,-76.97887
MD,Belcamp,39.47563,-76.24201
MD,Beltsville,39.03472,-76.90778
MD,Benedict,38.50917,-76.68
MD,Benson,39.50528,-76.38667
MD,Berlin,38.34751,-75.18656
MD,Bethesda,38.9806,-77.1008
MD,Bethlehem,38.74611,-75.94444
MD,Betterton,39.36551,-76.06394
MD,Big Pool,39.64569,-78.01045
MD,Bishopville,38.42961,-75.18554
MD,Bittinger,39.59779,-79.21425
MD,Bivalve,38.29534,-75.89141
MD,Bladensburg,38.94521,-76.92033
MD,Bloomington,39.48776,-79.11371
MD,Boonsboro,39.53224,-77.68352
MD,Boring,39.53167,-76.82306
MD,Bowie,38.9797,-76.7435
MD,Boyds,39.21004,-77.31673
MD,Bozman,38.75149,-76.27641
MD,Braddock Heights,39.41861,-77.50389
MD,Brandywine,38.6922,-76.83203
MD,Brentwood,38.9407,-76.95306
MD,Brinklow,39.18378,-77.01634
MD,Brookeville,39.18708,-77.06026
MD,Brooklandville,39.42028,-76.67028
MD,Brooklyn,39.23334,-76.61503
MD,Broomes Island,38.41796,-76.54776
MD,Brownsville,39.38194,-77.66056
MD,Brunswick,39.31636,-77.623
MD,Bryans Road,38.64147,-77.07659
MD,Bryantown,38.54264,-76.84654
MD,Buckeystown,39.33472,-77.43194
MD,Burkittsville,39.39707,-77.62651
MD,Burtonsville,39.09215,-76.93385
MD,Bushwood,38.28444,-76.79286
MD,Butler,39.53528,-76.72833
MD,Cabin John,38.9743,-77.15911
MD,California,38.30065,-76.53123
MD,Callaway,38.22752,-76.52096
MD,Cambridge,38.56428,-76.08736
MD,Capitol Heights,38.8847,-76.9108
MD,Cascade,39.70734,-77.49561
MD,Catonsville,39.27825,-76.74012
MD,Cavetown,39.64417,-77.58611
MD,Cecilton,39.40151,-75.8654
MD,Centreville,39.05642,-76.04497
MD,Chaptico,38.3332,-76.78234
MD,Charlestown,39.57287,-75.97954
MD,Charlotte Hall,38.47498,-76.80379
MD,Chase,39.36333,-76.37139
MD,Cheltenham,38.75309,-76.83685
MD,Chesapeake Beach,38.6698,-76.53763
MD,Chesapeake City,39.51331,-75.84058
MD,Chester,38.9583,-76.28418
MD,Chestertown,39.20889,-76.06694
MD,Chestertown,39.21252,-76.08021
MD,Chevy Chase,38.97796,-77.08198
MD,Chewsville,39.64278,-77.63528
MD,Childs,39.64611,-75.87194
MD,Church Creek,38.42782,-76.16957
MD,Church Hill,39.14596,-75.98803
MD,Churchton,38.80179,-76.52477
MD,Churchville,39.56484,-76.24896
MD,Claiborne,38.8375,-76.27806
MD,Clarksburg,39.26372,-77.27358
MD,Clarksville,39.19436,-76.94227
MD,Clear Spring,39.66169,-77.91259
MD,Clements,38.34072,-76.72642
MD,Clinton,38.75489,-76.90258
MD,Cobb Island,38.26056,-76.84417
MD,Cockeysville,39.47355,-76.62865
MD,College Park,38.9963,-76.92989
MD,Colora,39.66951,-76.09336
MD,Coltons Point,38.23696,-76.76465
MD,Columbia,39.2141,-76.87881
MD,Compton,38.275,-76.69333
MD,Conowingo,39.67775,-76.1572
MD,Cooksville,39.32111,-77.00508
MD,Cordova,38.87043,-76.00288
MD,Corriganville,39.69278,-78.79306
MD,Crapo,38.32954,-76.11421
MD,Crisfield,37.9845,-75.84288
MD,Crocheron,38.24278,-76.0525
MD,Crofton,39.01116,-76.68017
MD,Crownsville,39.04889,-76.59348
MD,Crumpton,39.23302,-75.91952
MD,Cumberland,39.6504,-78.7574
MD,Curtis Bay,39.20931,-76.56915
MD,Damascus,39.27606,-77.21309
MD,Dameron,38.15327,-76.35747
MD,Darlington,39.65403,-76.2278
MD,Davidsonville,38.93736,-76.63754
MD,Dayton,39.23388,-76.99675
MD,Deal Island,38.15333,-75.94956
MD,Deale,38.78291,-76.5515
MD,Delmar,38.44451,-75.55828
MD,Denton,38.87793,-75.83607
MD,Derwood,39.13454,-77.14771
MD,Dickerson,39.21261,-77.41985
MD,District Heights,38.85389,-76.88913
MD,Dowell,38.34611,-76.45917
MD,Drayden,38.17188,-76.4731
MD,Dundalk,39.26486,-76.50248
MD,Dunkirk,38.74076,-76.64266
MD,Earleville,39.4271,-75.94031
MD,East New Market,38.5921,-75.95677
MD,Easton,38.77682,-76.07577
MD,Eckhart Mines,39.6525,-78.89722
MD,Eden,38.27616,-75.64817
MD,Edgewater,38.92251,-76.54037
MD,Edgewood,39.42773,-76.30555
MD,Elk Mills,39.65861,-75.82639
MD,Elkridge,39.2125,-76.71389
MD,Elkton,39.62643,-75.84584
MD,Ellerslie,39.72056,-78.77444
MD,Ellicott City,39.26722,-76.79861
MD,Emmitsburg,39.69404,-77.33566
MD,Essex,39.30855,-76.45326
MD,Ewell,37.99379,-76.03506
MD,Fairplay,39.54228,-77.76147
MD,Fallston,39.52705,-76.43277
MD,Faulkner,38.43822,-76.97294
MD,Federalsburg,38.71468,-75.77538
MD,Finksburg,39.50865,-76.90986
MD,Fishing Creek,38.31629,-76.21678
MD,Flintstone,39.69929,-78.57395
MD,Forest Hill,39.57549,-76.40077
MD,Fork,39.47294,-76.45036
MD,Fort George G Meade,39.11292,-76.74501
MD,Fort Howard,39.20722,-76.44528
MD,Fort Washington,38.75866,-76.98353
MD,Frederick,39.40823,-77.40087
MD,Freeland,39.69396,-76.72235
MD,Friendship,38.73908,-76.60009
MD,Friendsville,39.6665,-79.42191
MD,Frostburg,39.64936,-78.93056
MD,Fruitland,38.32252,-75.62278
MD,Fulton,39.15018,-76.92999
MD,Funkstown,39.60889,-77.70472
MD,Gaithersburg,39.14187,-77.18899
MD,Galena,39.33742,-75.87167
MD,Galesville,38.84306,-76.54389
MD,Gambrills,39.04069,-76.68188
MD,Garrett Park,39.03806,-77.09333
MD,Georgetown,39.39972,-75.87417
MD,Germantown,39.17039,-77.26994
MD,Gibson Island,39.07511,-76.43242
MD,Girdletree,38.09582,-75.39023
MD,Glen Arm,39.45748,-76.51533
MD,Glen Burnie,39.1677,-76.595
MD,Glen Echo,38.96933,-77.14346
MD,Glenelg,39.26206,-77.0057
MD,Glenn Dale,38.97663,-76.80534
MD,Glenwood,39.27952,-77.01482
MD,Glyndon,39.49278,-76.78757
MD,Goldsboro,39.02296,-75.7926
MD,Grantsville,39.68444,-79.15166
MD,Grasonville,38.9456,-76.1997
MD,Great Mills,38.26743,-76.49537
MD,Greenbelt,39.0004,-76.8766
MD,Greensboro,38.96163,-75.80591
MD,Gunpowder,39.39825,-76.27426
MD,Gwynn Oak,39.32963,-76.73406
MD,Hagerstown,39.63202,-77.73722
MD,Halethorpe,39.23089,-76.69687
MD,Hampstead,39.61352,-76.8494
MD,Hancock,39.69908,-78.17625
MD,Hanover,39.15507,-76.72154
MD,Harmans,39.15722,-76.69694
MD,Harwood,38.85815,-76.61446
MD,Havre De Grace,39.55231,-76.11714
MD,Hebron,38.4026,-75.69627
MD,Helen,38.38278,-76.72194
MD,Henderson,39.0672,-75.79479
MD,Highland,39.18425,-76.96864
MD,Hillsboro,38.91667,-75.93917
MD,Hollywood,38.35236,-76.56264
MD,Hughesville,38.52071,-76.78168
MD,Hunt Valley,39.50262,-76.65984
MD,Huntingtown,38.60945,-76.60027
MD,Hurlock,38.64283,-75.86625
MD,Hyattsville,38.95063,-76.93465
MD,Hydes,39.47405,-76.46954
MD,Ijamsville,39.32674,-77.29636
MD,Indian Head,38.58886,-77.14836
MD,Ingleside,39.12465,-75.89175
MD,Ironsides,38.49167,-77.16
MD,Issue,38.30433,-76.86753
MD,Jarrettsville,39.61624,-76.46843
MD,Jefferson,39.36529,-77.54406
MD,Jessup,39.1484,-76.79224
MD,Joppa,39.42421,-76.3541
MD,Keedysville,39.45632,-77.69443
MD,Kennedyville,39.29783,-75.9818
MD,Kensington,39.02556,-77.07667
MD,Keymar,39.56562,-77.28166
MD,Kingsville,39.45578,-76.41473
MD,Kitzmiller,39.39628,-79.20253
MD,Knoxville,39.34789,-77.65129
MD,La Plata,38.52567,-76.9865
MD,Ladiesburg,39.57639,-77.26528
MD,Lanham,38.96722,-76.85194
MD,Laurel,39.0958,-76.81548
MD,Laurel,39.10769,-76.87204
MD,Laurel,39.12081,-76.84345
MD,Leonardtown,38.27743,-76.63804
MD,Lexington Park,38.24945,-76.45293
MD,Libertytown,39.485,-77.24056
MD,Lineboro,39.7185,-76.83948
MD,Linkwood,38.54032,-75.96301
MD,Linthicum Heights,39.20833,-76.65748
MD,Lisbon,39.33611,-77.07139
MD,Little Orleans,39.68759,-78.37814
MD,Lonaconing,39.5757,-78.99148
MD,Long Green,39.47278,-76.52333
MD,Lothian,38.80293,-76.66281
MD,Loveville,38.34744,-76.67708
MD,Luke,39.47739,-79.05936
MD,Lusby,38.36613,-76.43464
MD,Lutherville Timonium,39.43864,-76.63379
MD,Madison,38.51139,-76.22056
MD,Manchester,39.67475,-76.89407
MD,Manokin,38.11528,-75.75611
MD,Marbury,38.55734,-77.15633
MD,Mardela Springs,38.48639,-75.74144
MD,Marion Station,38.02664,-75.7579
MD,Marriottsville,39.33415,-76.91324
MD,Marydel,39.10817,-75.76225
MD,Maryland Line,39.71417,-76.65417
MD,Massey,39.31257,-75.82148
MD,Maugansville,39.6996,-77.74992
MD,Mayo,38.8875,-76.51222
MD,Mc Henry,39.55971,-79.36413
MD,Mcdaniel,38.81921,-76.28059
MD,Mechanicsville,38.42932,-76.7254
MD,Middle River,39.3401,-76.41526
MD,Middletown,39.44159,-77.55024
MD,Midland,39.59,-78.95
MD,Midlothian,39.63417,-78.95028
MD,Millersville,39.1041,-76.61902
MD,Millington,39.25799,-75.84997
MD,Monkton,39.57661,-76.59296
MD,Monrovia,39.35125,-77.24944
MD,Montgomery Village,39.179,-77.1928
MD,Morganza,38.37528,-76.69583
MD,Mount Airy,39.38813,-77.17235
MD,Mount Rainier,38.94307,-76.96515
MD,Mount Savage,39.69913,-78.87389
MD,Mount Victoria,38.35333,-76.89611
MD,Myersville,39.52819,-77.55132
MD,Nanjemoy,38.44616,-77.1983
MD,Nanticoke,38.26721,-75.90213
MD,Neavitt,38.72444,-76.28278
MD,New Market,39.3825,-77.26972
MD,New Midway,39.56694,-77.29111
MD,New Windsor,39.51623,-77.1034
MD,Newark,38.24887,-75.28932
MD,Newburg,38.32978,-76.9175
MD,Newcomb,38.75361,-76.17639
MD,North Beach,38.71188,-76.5367
MD,North East,39.60453,-75.95381
MD,Nottingham,39.39141,-76.48711
MD,Oakland,39.39999,-79.38966
MD,Ocean City,38.37925,-75.08101
MD,Odenton,39.0762,-76.69958
MD,Oldtown,39.5846,-78.60437
MD,Olney,39.15306,-77.06722
MD,Owings,38.69551,-76.60609
MD,Owings Mills,39.42688,-76.77693
MD,Oxford,38.68636,-76.15378
MD,Oxon Hill,38.81076,-76.98978
MD,Park Hall,38.22436,-76.44152
MD,Parkton,39.64994,-76.67759
MD,Parkville,39.38758,-76.54177
MD,Parsonsburg,38.39139,-75.47366
MD,Pasadena,39.12928,-76.51625
MD,Patuxent River,38.27909,-76.43806
MD,Perry Hall,39.40101,-76.45099
MD,Perry Point,39.55417,-76.07222
MD,Perryman,39.46944,-76.20472
MD,Perryville,39.56489,-76.05923
MD,Phoenix,39.50698,-76.56462
MD,Pikesville,39.37636,-76.72901
MD,Piney Point,38.13967,-76.50472
MD,Pinto,39.56972,-78.83944
MD,Pittsville,38.37546,-75.40759
MD,Pocomoke City,38.07137,-75.55504
MD,Point Of Rocks,39.27909,-77.53276
MD,Pomfret,38.58554,-77.00931
MD,Poolesville,39.1386,-77.40672
MD,Port Deposit,39.62226,-76.08371
MD,Port Republic,38.49524,-76.53486
MD,Port Tobacco,38.49935,-77.04186
MD,Potomac,39.03877,-77.19215
MD,Powellville,38.32861,-75.37583
MD,Preston,38.74646,-75.91628
MD,Price,39.0975,-75.95917
MD,Prince Frederick,38.53363,-76.59549
MD,Princess Anne,38.19193,-75.70724
MD,Pylesville,39.69591,-76.41126
MD,Quantico,38.33389,-75.7851
MD,Queen Anne,38.94558,-75.97765
MD,Queenstown,38.95623,-76.15265
MD,Randallstown,39.37457,-76.80025
MD,Rawlings,39.52136,-78.90623
MD,Rehobeth,38.03889,-75.66333
MD,Reisterstown,39.45996,-76.81345
MD,Rhodesdale,38.60298,-75.77495
MD,Riderwood,39.40917,-76.64889
MD,Ridge,38.11688,-76.37107
MD,Ridgely,38.95679,-75.88483
MD,Rising Sun,39.68818,-76.04916
MD,Riva,38.95039,-76.58544
MD,Riverdale,38.96007,-76.91466
MD,Rock Hall,39.13437,-76.23047
MD,Rock Point,38.27194,-76.84111
MD,Rockville,39.0838,-77.153
MD,Rocky Ridge,39.6057,-77.32963
MD,Rohrersville,39.44305,-77.65798
MD,Rosedale,39.33605,-76.50139
MD,Royal Oak,38.72883,-76.18779
MD,Sabillasville,39.68277,-77.46932
MD,Saint Inigoes,38.14406,-76.40833
MD,Saint James,39.5625,-77.75833
MD,Saint Leonard,38.45013,-76.51102
MD,Saint Marys City,38.18694,-76.43472
MD,Saint Michaels,38.78296,-76.22155
MD,Salisbury,38.363,-75.59224
MD,Sandy Spring,39.15032,-77.02907
MD,Savage,39.13796,-76.82182
MD,Scotland,38.08277,-76.34768
MD,Secretary,38.60917,-75.94778
MD,Severn,39.12754,-76.69795
MD,Severna Park,39.08108,-76.55775
MD,Shady Side,38.83679,-76.51088
MD,Sharpsburg,39.44239,-77.75107
MD,Sharptown,38.5425,-75.71972
MD,Sherwood,38.73741,-76.32782
MD,Showell,38.39778,-75.21528
MD,Silver Spring,39.01911,-77.00761
MD,Simpsonville,39.18667,-76.88222
MD,Smithsburg,39.64704,-77.57056
MD,Snow Hill,38.18679,-75.40499
MD,Solomons,38.33407,-76.45889
MD,Southern Md Facility,39.1412,-77.1901
MD,Sparks Glencoe,39.54309,-76.66911
MD,Sparrows Point,39.22907,-76.44694
MD,Spencerville,39.12134,-76.9598
MD,Spring Gap,39.56528,-78.71667
MD,Stevenson,39.41028,-76.71333
MD,Stevensville,38.9394,-76.33709
MD,Still Pond,39.32762,-76.05216
MD,Stockton,38.04516,-75.41076
MD,Street,39.64993,-76.33017
MD,Suburb Maryland Fac,39.0875,-77.05778
MD,Sudlersville,39.18234,-75.84997
MD,Suitland,38.84245,-76.92216
MD,Sunderland,38.64897,-76.5767
MD,Swanton,39.47636,-79.24017
MD,Sykesville,39.39887,-76.96144
MD,Takoma Park,38.98321,-77.00071
MD,Tall Timbers,38.16532,-76.5399
MD,Taneytown,39.6658,-77.16906
MD,Taylors Island,38.4631,-76.29641
MD,Temple Hills,38.82216,-76.94779
MD,Templeville,39.13611,-75.76639
MD,Thurmont,39.60658,-77.40511
MD,Tilghman,38.70631,-76.33765
MD,Toddville,38.27259,-76.05963
MD,Towson,39.40252,-76.60322
MD,Tracys Landing,38.7671,-76.57524
MD,Trappe,38.66466,-76.05067
MD,Tuscarora,39.26669,-77.51011
MD,Tyaskin,38.30706,-75.86903
MD,Tylerton,37.96744,-76.02304
MD,Union Bridge,39.54148,-77.19435
MD,Unionville,39.47472,-77.18583
MD,Upper Fairmount,38.10389,-75.79167
MD,Upper Falls,39.43967,-76.4006
MD,Upper Marlboro,38.83772,-76.79803
MD,Upperco,39.56394,-76.81623
MD,Valley Lee,38.18994,-76.50869
MD,Vienna,38.47738,-75.87293
MD,Waldorf,38.63706,-76.87779
MD,Walkersville,39.47875,-77.34839
MD,Warwick,39.42826,-75.79959
MD,Washington Grove,39.13972,-77.17556
MD,Welcome,38.46721,-77.09501
MD,West Friendship,39.29345,-76.96603
MD,West River,38.82519,-76.53911
MD,Westernport,39.48262,-79.03073
MD,Westminster,39.55565,-76.99404
MD,Westover,38.10099,-75.74056
MD,Whaleyville,38.40417,-75.28887
MD,White Hall,39.66176,-76.56664
MD,White Marsh,39.39232,-76.41319
MD,White Plains,38.59485,-76.98023
MD,Whiteford,39.70771,-76.31601
MD,Willards,38.39385,-75.35516
MD,Williamsport,39.59302,-77.80871
MD,Windsor Mill,39.335,-76.7625
MD,Wingate,38.2899,-76.0863
MD,Wittman,38.78919,-76.29931
MD,Woodbine,39.34644,-77.0647
MD,Woodsboro,39.53112,-77.29719
MD,Woodstock,39.33915,-76.85757
MD,Woolford,38.5066,-76.20406
MD,Worton,39.29635,-76.10078
MD,Wye Mills,38.92811,-76.08137
ME,Abbot,45.27984,-69.52514
ME,Acton,43.54941,-70.93069
ME,Addison,44.58304,-67.71457
ME,Albion,44.53553,-69.46829
ME,Alfred,43.4875,-70.69609
ME,Alna,44.10611,-69.60417
ME,Andover,44.6637,-70.79666
ME,Anson,44.78311,-69.93086
ME,Ashland,46.61844,-68.38761
ME,Athens,44.93884,-69.66948
ME,Auburn,44.09479,-70.23898
ME,Augusta,44.32323,-69.76655
ME,Aurora,44.88611,-68.29593
ME,Bailey Island,43.73415,-69.99518
ME,Baileyville,45.13323,-67.41752
ME,Bangor,44.8242,-68.79184
ME,Bar Harbor,44.3738,-68.24479
ME,Bar Mills,43.61306,-70.55028
ME,Bass Harbor,44.1993,-68.38039
ME,Bath,43.90615,-69.82657
ME,Beals,44.51297,-67.60555
ME,Belfast,44.43544,-69.01475
ME,Belgrade,44.46875,-69.86064
ME,Belgrade Lakes,44.5111,-69.86368
ME,Benedicta,45.81248,-68.40886
ME,Bernard,44.24154,-68.35803
ME,Berwick,43.28992,-70.85504
ME,Bethel,44.41618,-70.80369
ME,Biddeford,43.48365,-70.47193
ME,Biddeford Pool,43.44272,-70.35202
ME,Bingham,45.06824,-69.88572
ME,Birch Harbor,44.38419,-68.03169
ME,Blaine,46.50472,-67.86917
ME,Blue Hill,44.43427,-68.58851
ME,Boothbay,43.8945,-69.62732
ME,Boothbay Harbor,43.85456,-69.61844
ME,Bowdoin,44.04583,-70.02583
ME,Bowdoinham,44.03681,-69.91885
ME,Bradford,45.08552,-68.92349
ME,Bradley,44.90145,-68.62633
ME,Bremen,44.00629,-69.43066
ME,Brewer,44.78743,-68.7539
ME,Bridgewater,46.42215,-67.84147
ME,Bridgton,44.05205,-70.72408
ME,Bristol,43.95186,-69.49537
ME,Brooklin,44.25413,-68.55652
ME,Brooks,44.56781,-69.14039
ME,Brooksville,44.37564,-68.73128
ME,Brookton,45.5686,-67.70783
ME,Brownfield,43.97132,-70.90323
ME,Brownville,45.34123,-69.04233
ME,Brownville Junction,45.35,-69.05278
ME,Brunswick,43.89759,-69.95547
ME,Bryant Pond,44.39571,-70.64347
ME,Buckfield,44.28768,-70.36829
ME,Bucksport,44.60155,-68.77682
ME,Burlington,45.21844,-68.4427
ME,Burnham,44.68477,-69.38005
ME,Bustins Island,43.79602,-70.04225
ME,Buxton,43.66159,-70.60155
ME,Calais,45.17148,-67.26408
ME,Cambridge,45.05128,-69.44193
ME,Camden,44.21372,-69.07668
ME,Canaan,44.74498,-69.54978
ME,Canton,44.41889,-70.32172
ME,Cape Elizabeth,43.60173,-70.2301
ME,Cape Neddick,43.21332,-70.63969
ME,Cape Porpoise,43.3725,-70.43861
ME,Caratunk,45.241,-69.93862
ME,Caribou,46.87057,-68.02035
ME,Carmel,44.80532,-68.99415
ME,Casco,43.95962,-70.52601
ME,Castine,44.4675,-68.7192
ME,Center Lovell,44.16814,-70.88362
ME,Chamberlain,43.88415,-69.49862
ME,Charleston,45.06702,-69.08686
ME,Chebeague Island,43.73536,-70.11688
ME,Cherryfield,44.62279,-67.94362
ME,China Village,44.44833,-69.51861
ME,Clayton Lake,46.6298,-69.62645
ME,Cliff Island,43.69555,-70.1071
ME,Clinton,44.64399,-69.52841
ME,Columbia Falls,44.66988,-67.75341
ME,Coopers Mills,44.25882,-69.50767
ME,Corea,44.40528,-67.98503
ME,Corinna,44.92605,-69.23234
ME,Corinth,44.98365,-69.00853
ME,Cornish,43.77961,-70.77843
ME,Cranberry Isles,44.24833,-68.26083
ME,Crouseville,46.755,-68.09694
ME,Cumberland Center,43.80982,-70.2484
ME,Cumberland Foreside,43.77448,-70.18833
ME,Cushing,43.98674,-69.27206
ME,Cutler,44.67531,-67.24987
ME,Damariscotta,44.02931,-69.50424
ME,Danforth,45.66865,-67.86878
ME,Danville,44.03653,-70.27205
ME,Deer Isle,44.23395,-68.64484
ME,Denmark,43.9755,-70.79241
ME,Dennysville,44.8961,-67.22443
ME,Detroit,44.77753,-69.31608
ME,Dexter,45.02035,-69.27965
ME,Dixfield,44.5548,-70.4241
ME,Dixmont,44.69908,-69.10253
ME,Dover Foxcroft,45.18774,-69.20447
ME,Dresden,44.07851,-69.74573
ME,Dryden,44.60022,-70.22396
ME,Durham,43.92833,-70.12361
ME,Eagle Lake,47.04,-68.59
ME,East Andover,44.60301,-70.72956
ME,East Baldwin,43.8646,-70.69216
ME,East Blue Hill,44.49583,-68.50222
ME,East Boothbay,43.82624,-69.5939
ME,East Dixfield,44.57333,-70.30417
ME,East Livermore,44.3994,-70.13033
ME,East Machias,44.74236,-67.38207
ME,East Millinocket,45.62997,-68.57282
ME,East Newport,44.82083,-69.22306
ME,East Orland,44.57249,-68.70174
ME,East Parsonsfield,43.7275,-70.91556
ME,East Poland,44.07056,-70.32861
ME,East Vassalboro,44.44778,-69.60639
ME,East Waterboro,43.59954,-70.69063
ME,East Wilton,44.61583,-70.19333
ME,East Winthrop,44.32167,-69.89694
ME,Easton,46.6357,-67.90178
ME,Eastport,44.91997,-67.00739
ME,Eddington,44.82064,-68.61883
ME,Edgecomb,43.97918,-69.61974
ME,Eliot,43.13094,-70.78222
ME,Ellsworth,44.55482,-68.41209
ME,Estcourt Station,47.45556,-69.1825
ME,Etna,44.79323,-69.13223
ME,Eustis,45.16256,-70.45707
ME,Exeter,44.96793,-69.10793
ME,Fairfield,44.60964,-69.63321
ME,Falmouth,43.73404,-70.26253
ME,Farmingdale,44.25233,-69.79131
ME,Farmington,44.66534,-70.13288
ME,Farmington Falls,44.62083,-70.07583
ME,Fort Fairfield,46.76227,-67.8402
ME,Fort Kent,47.19686,-68.59086
ME,Fort Kent Mills,47.23889,-68.58444
ME,Frankfort,44.59794,-68.93398
ME,Franklin,44.60873,-68.24165
ME,Freedom,44.46331,-69.31905
ME,Freeport,43.85109,-70.11385
ME,Frenchboro,44.11806,-68.36306
ME,Frenchville,46.68111,-68.33361
ME,Friendship,44.00674,-69.2916
ME,Fryeburg,44.03128,-70.96684
ME,Gardiner,44.20703,-69.78577
ME,Garland,45.03833,-69.16083
ME,Georgetown,43.81965,-69.74742
ME,Glen Cove,44.13361,-69.09472
ME,Gorham,43.68433,-70.46797
ME,Gouldsboro,44.47305,-68.08986
ME,Grand Isle,47.30443,-68.15424
ME,Grand Lake Stream,45.15778,-67.72667
ME,Gray,43.8942,-70.34294
ME,Greenbush,45.0776,-68.60328
ME,Greene,44.18906,-70.14553
ME,Greenville,45.47157,-69.58438
ME,Greenville Junction,45.48839,-69.63753
ME,Greenwood,44.31833,-70.65139
ME,Guilford,45.17345,-69.39749
ME,Hallowell,44.28641,-69.80574
ME,Hampden,44.74107,-68.87305
ME,Hancock,44.50459,-68.2402
ME,Hanover,44.49587,-70.71673
ME,Harborside,44.33858,-68.8009
ME,Harmony,45.00393,-69.56871
ME,Harpswell,43.78193,-69.99371
ME,Harrington,44.61222,-67.81472
ME,Harrison,44.1071,-70.65385
ME,Hartland,44.87815,-69.47175
ME,Hebron,44.20214,-70.37537
ME,Hinckley,44.68556,-69.63306
ME,Hiram,43.86222,-70.85308
ME,Holden,44.74221,-68.64831
ME,Hollis Center,43.59458,-70.60507
ME,Hope,44.2589,-69.14674
ME,Houlton,46.11885,-67.86301
ME,Howland,45.24781,-68.66925
ME,Hudson,44.99142,-68.88783
ME,Hulls Cove,44.41917,-68.25111
ME,Island Falls,46.01687,-68.26672
ME,Isle Au Haut,44.05606,-68.6206
ME,Isle Of Springs,43.87639,-69.63417
ME,Islesboro,44.30823,-68.90735
ME,Islesford,44.26194,-68.23444
ME,Jackman,45.63508,-70.24923
ME,Jay,44.51599,-70.20988
ME,Jefferson,44.18942,-69.4839
ME,Jonesboro,44.65815,-67.57769
ME,Jonesport,44.55094,-67.6044
ME,Kenduskeag,44.91825,-68.93418
ME,Kennebunk,43.38806,-70.5478
ME,Kennebunkport,43.39229,-70.47287
ME,Kents Hill,44.43826,-70.07482
ME,Kingfield,44.9854,-70.18318
ME,Kingman,45.59843,-68.23662
ME,Kittery,43.09213,-70.74288
ME,Kittery Point,43.09757,-70.71211
ME,Lagrange,45.17892,-68.83448
ME,Lambert Lake,45.54583,-67.5275
ME,Lebanon,43.4103,-70.91099
ME,Lee,45.3635,-68.29089
ME,Leeds,44.28343,-70.12528
ME,Levant,44.88428,-68.98367
ME,Lewiston,44.09854,-70.19162
ME,Liberty,44.37409,-69.33058
ME,Limerick,43.69626,-70.78656
ME,Limestone,46.92479,-67.84509
ME,Limington,43.72603,-70.67518
ME,Lincoln,45.35083,-68.50769
ME,Lincolnville,44.30483,-69.08245
ME,Lincolnville Center,44.29778,-69.10806
ME,Lisbon,44.02551,-70.11393
ME,Lisbon Falls,43.99776,-70.07337
ME,Litchfield,44.16344,-69.95807
ME,Little Deer Isle,44.28521,-68.70666
ME,Livermore,44.38389,-70.24972
ME,Livermore Falls,44.44576,-70.19361
ME,Long Island,43.69201,-70.15509
ME,Lovell,44.1614,-70.92995
ME,Lubec,44.83477,-67.04602
ME,Machias,44.72154,-67.482
ME,Machiasport,44.68204,-67.40728
ME,Madawaska,47.32945,-68.33281
ME,Madison,44.80962,-69.8449
ME,Manchester,44.30837,-69.88466
ME,Mapleton,46.67463,-68.15358
ME,Mars Hill,46.52227,-67.86297
ME,Matinicus,43.865,-68.8875
ME,Mattawamkeag,45.52639,-68.35195
ME,Mechanic Falls,44.09996,-70.36821
ME,Meddybemps,45.01931,-67.38285
ME,Medway,45.60704,-68.52271
ME,Mexico,44.56278,-70.5358
ME,Milbridge,44.5366,-67.88443
ME,Milford,44.93926,-68.6296
ME,Millinocket,45.65956,-68.71012
ME,Milo,45.2507,-68.9771
ME,Minot,44.08556,-70.32056
ME,Monhegan,43.76422,-69.31643
ME,Monmouth,44.22083,-70.02627
ME,Monroe,44.59267,-69.03169
ME,Monson,45.29809,-69.48799
ME,Monticello,46.30066,-67.84144
ME,Moody,43.275,-70.5975
ME,Morrill,44.41069,-69.1471
ME,Mount Desert,44.31155,-68.35225
ME,Mount Vernon,44.49934,-69.99034
ME,Naples,43.96812,-70.59875
ME,New Gloucester,43.96084,-70.29738
ME,New Harbor,43.86054,-69.50793
ME,New Limerick,46.12611,-67.84083
ME,New Portland,44.88557,-70.09286
ME,New Sharon,44.6458,-70.01393
ME,New Sweden,46.95592,-68.11545
ME,New Vineyard,44.79666,-70.12195
ME,Newcastle,44.04987,-69.53311
ME,Newfield,43.64806,-70.8475
ME,Newport,44.83926,-69.2675
ME,Newry,44.40794,-70.79261
ME,Nobleboro,44.0943,-69.48279
ME,Norridgewock,44.68994,-69.83058
ME,North Anson,44.87966,-69.91195
ME,North Berwick,43.3254,-70.72117
ME,North Bridgton,44.09861,-70.69917
ME,North Haven,44.1436,-68.86674
ME,North Jay,44.54722,-70.23861
ME,North Monmouth,44.27533,-70.03669
ME,North Turner,44.33503,-70.25615
ME,North Vassalboro,44.47775,-69.57808
ME,North Waterboro,43.63998,-70.7298
ME,North Waterford,44.20651,-70.71739
ME,North Yarmouth,43.82972,-70.27694
ME,Northeast Harbor,44.29417,-68.29028
ME,Norway,44.21265,-70.56014
ME,Oakfield,46.10875,-68.12981
ME,Oakland,44.51729,-69.74008
ME,Ocean Park,43.50056,-70.38667
ME,Ogunquit,43.22846,-70.59718
ME,Olamon,45.12083,-68.61111
ME,Old Orchard Beach,43.51745,-70.39205
ME,Old Town,44.94304,-68.67496
ME,Oquossoc,44.96639,-70.77417
ME,Orient,45.80564,-67.83774
ME,Orland,44.54582,-68.73131
ME,Orono,44.88306,-68.6725
ME,Orrington,44.72635,-68.7876
ME,Orrs Island,43.77267,-69.96679
ME,Owls Head,44.07319,-69.08942
ME,Oxbow,46.40196,-68.52179
ME,Oxford,44.11183,-70.5098
ME,Palermo,44.38428,-69.43337
ME,Palmyra,44.85758,-69.38108
ME,Paris,44.25972,-70.50111
ME,Parsonsfield,43.78536,-70.89272
ME,Passadumkeag,45.18369,-68.60433
ME,Patten,46.01316,-68.46467
ME,Peaks Island,43.65892,-70.19402
ME,Pemaquid,43.89239,-69.52892
ME,Pembroke,44.9654,-67.2002
ME,Penobscot,44.43437,-68.75741
ME,Perham,46.84417,-68.19778
ME,Perry,44.98882,-67.09288
ME,Peru,44.49441,-70.44346
ME,Phillips,44.83749,-70.36008
ME,Phippsburg,43.76882,-69.81498
ME,Pittsfield,44.78711,-69.40223
ME,Plymouth,44.76994,-69.22656
ME,Poland,44.02116,-70.37966
ME,Port Clyde,43.92722,-69.25333
ME,Portage,46.7753,-68.48767
ME,Porter,43.82622,-70.92427
ME,Portland,43.66056,-70.25886
ME,Pownal,43.89004,-70.1955
ME,Presque Isle,46.68415,-68.01179
ME,Princeton,45.21309,-67.60083
ME,Prospect Harbor,44.41949,-68.02794
ME,Randolph,44.2287,-69.77492
ME,Rangeley,44.96306,-70.66584
ME,Raymond,43.92192,-70.44983
ME,Readfield,44.40322,-69.95063
ME,Richmond,44.10421,-69.82108
ME,Robbinston,45.06701,-67.1433
ME,Rockland,44.11233,-69.11394
ME,Rockport,44.18879,-69.09011
ME,Rockwood,45.65933,-69.82244
ME,Round Pond,43.92498,-69.46617
ME,Roxbury,44.65657,-70.60919
ME,Rumford,44.54345,-70.56448
ME,Rumford Center,44.59233,-70.70006
ME,Sabattus,44.11327,-70.07479
ME,Saco,43.52095,-70.45463
ME,Saint Agatha,47.23866,-68.32324
ME,Saint Albans,44.92926,-69.39918
ME,Saint David,47.33433,-68.23137
ME,Saint Francis,47.14071,-68.95031
ME,Salsbury Cove,44.43056,-68.28417
ME,Sandy Point,44.51472,-68.81333
ME,Sanford,43.42854,-70.75848
ME,Sangerville,45.14057,-69.32177
ME,Sargentville,44.3345,-68.70522
ME,Scarborough,43.57806,-70.32222
ME,Seal Cove,44.28583,-68.39917
ME,Seal Harbor,44.30306,-68.24083
ME,Searsmont,44.37703,-69.21958
ME,Searsport,44.48767,-68.93112
ME,Sebago,43.88225,-70.63387
ME,Sebago Lake,43.75836,-70.57345
ME,Sebasco Estates,43.76934,-69.85756
ME,Sebec,45.30694,-69.03389
ME,Sedgwick,44.33552,-68.63766
ME,Shapleigh,43.56735,-70.82862
ME,Shawmut,44.62778,-69.58694
ME,Sheridan,46.65722,-68.40556
ME,Sherman,45.87773,-68.36959
ME,Shirley Mills,45.36556,-69.61861
ME,Sinclair,47.17438,-68.26792
ME,Skowhegan,44.77721,-69.69757
ME,Smithfield,44.63011,-69.8075
ME,Smyrna Mills,46.14641,-68.20636
ME,Solon,44.9676,-69.83302
ME,Sorrento,44.4907,-68.17866
ME,South Berwick,43.2292,-70.78595
ME,South Bristol,43.86771,-69.56137
ME,South Casco,43.87674,-70.51294
ME,South China,44.39533,-69.58036
ME,South Freeport,43.81972,-70.11
ME,South Gardiner,44.18,-69.75722
ME,South Paris,44.21667,-70.50118
ME,South Portland,43.63185,-70.27088
ME,South Thomaston,44.03778,-69.13594
ME,South Windham,43.815,-70.4275
ME,Southport,43.82377,-69.66734
ME,Southwest Harbor,44.2823,-68.32647
ME,Springfield,45.42638,-68.11076
ME,Springvale,43.4715,-70.80644
ME,Spruce Head,44.0104,-69.17071
ME,Squirrel Island,43.80903,-69.63097
ME,Stacyville,45.88589,-68.46184
ME,Standish,43.81421,-70.48066
ME,Steep Falls,43.75714,-70.64563
ME,Stetson,44.88434,-69.10688
ME,Steuben,44.49708,-67.95032
ME,Stillwater,44.90833,-68.68694
ME,Stockholm,47.0643,-68.20861
ME,Stockton Springs,44.51406,-68.85597
ME,Stoneham,44.2382,-70.85294
ME,Stonington,44.1752,-68.67462
ME,Stratton,45.1232,-70.43193
ME,Strong,44.82236,-70.22205
ME,Sullivan,44.52028,-68.19722
ME,Sumner,44.3728,-70.43231
ME,Sunset,44.2174,-68.707
ME,Surry,44.48827,-68.50627
ME,Swans Island,44.145,-68.45222
ME,Temple,44.69542,-70.24264
ME,Tenants Harbor,43.95547,-69.2315
ME,Thomaston,44.08457,-69.1888
ME,Thorndike,44.57441,-69.24866
ME,Topsfield,45.4304,-67.74725
ME,Topsham,43.94129,-69.96448
ME,Trevett,43.89351,-69.6746
ME,Troy,44.67566,-69.25488
ME,Turner,44.25567,-70.24944
ME,Union,44.2424,-69.25244
ME,Unity,44.60068,-69.33278
ME,Van Buren,47.15886,-67.94589
ME,Vanceboro,45.55876,-67.46342
ME,Vassalboro,44.44046,-69.6519
ME,Vienna,44.53333,-69.98528
ME,Vinalhaven,44.03968,-68.83682
ME,Waite,45.35774,-67.64281
ME,Waldoboro,44.1046,-69.37454
ME,Wallagrass,47.15153,-68.59808
ME,Walpole,43.94624,-69.55165
ME,Warren,44.12707,-69.24789
ME,Washburn,46.78827,-68.13384
ME,Washington,44.26928,-69.38424
ME,Waterboro,43.5661,-70.74312
ME,Waterford,44.18139,-70.71778
ME,Waterville,44.54797,-69.63592
ME,Wayne,44.34928,-70.0712
ME,Weld,44.70162,-70.4249
ME,Wells,43.31435,-70.59688
ME,Wesley,44.715,-67.46194
ME,West Baldwin,43.82987,-70.74901
ME,West Bethel,44.40194,-70.86167
ME,West Boothbay Harbor,43.84889,-69.64389
ME,West Enfield,45.18778,-68.46833
ME,West Farmington,44.66278,-70.15583
ME,West Forks,45.3839,-69.98406
ME,West Kennebunk,43.40861,-70.58194
ME,West Minot,44.17111,-70.36639
ME,West Newfield,43.64342,-70.91348
ME,West Paris,44.32527,-70.57317
ME,West Poland,44.04717,-70.45017
ME,West Rockport,44.18197,-69.15105
ME,Westbrook,43.68427,-70.35803
ME,Westfield,46.50869,-67.89736
ME,Whitefield,44.21784,-69.60216
ME,Whiting,44.79083,-67.17611
ME,Wilton,44.59107,-70.29606
ME,Windham,43.79577,-70.41428
ME,Windsor,44.30088,-69.58059
ME,Winn,45.45679,-68.35747
ME,Winter Harbor,44.39004,-68.08432
ME,Winterport,44.65525,-68.88617
ME,Winthrop,44.31403,-69.97313
ME,Wiscasset,44.00744,-69.68258
ME,Woolwich,43.95032,-69.7891
ME,Wytopitlock,45.66448,-68.10554
ME,Yarmouth,43.80093,-70.17496
ME,York,43.15445,-70.65783
ME,York Beach,43.17139,-70.60944
ME,York Harbor,43.13667,-70.64611
MI,Acme,44.77194,-85.50139
MI,Ada,42.95661,-85.48096
MI,Addison,42.0036,-84.31223
MI,Adrian,41.90052,-84.04456
MI,Afton,45.36368,-84.46945
MI,Ahmeek,47.29889,-88.39639
MI,Akron,43.58437,-83.53926
MI,Alanson,45.44055,-84.79242
MI,Alba,44.97472,-84.96861
MI,Albion,42.25807,-84.75605
MI,Alden,44.87789,-85.2241
MI,Alger,44.13949,-84.18719
MI,Algonac,42.6307,-82.56016
MI,Allegan,42.52561,-85.86608
MI,Allen,41.92642,-84.76078
MI,Allen Park,42.25223,-83.212
MI,Allendale,42.97107,-85.92491
MI,Allenton,42.91986,-82.88681
MI,Allouez,47.28722,-88.40944
MI,Alma,43.38088,-84.66348
MI,Almont,42.92601,-83.03622
MI,Alpena,45.07902,-83.4602
MI,Alpha,46.04389,-88.37694
MI,Alto,42.82431,-85.42555
MI,Amasa,46.22667,-88.45333
MI,Anchorville,42.71182,-82.70939
MI,Ann Arbor,42.27938,-83.784
MI,Applegate,43.3619,-82.64786
MI,Arcadia,44.52316,-86.20606
MI,Argyle,43.56417,-82.93611
MI,Armada,42.8409,-82.8899
MI,Arnold,46.05083,-87.49194
MI,Ashley,43.1891,-84.48796
MI,Athens,42.10296,-85.23174
MI,Atlanta,44.99237,-84.14798
MI,Atlantic Mine,47.09366,-88.66132
MI,Atlas,42.93778,-83.53444
MI,Attica,43.05467,-83.16684
MI,Au Gres,44.0338,-83.70202
MI,Au Train,46.42823,-86.77933
MI,Auburn,43.60799,-84.10267
MI,Auburn Hills,42.6875,-83.23417
MI,Augusta,42.35631,-85.35401
MI,Avoca,43.05642,-82.67814
MI,Azalia,42.01889,-83.66583
MI,Bad Axe,43.80674,-83.00538
MI,Bailey,43.27677,-85.83132
MI,Baldwin,43.88941,-85.88187
MI,Bancroft,42.88196,-84.12072
MI,Bangor,42.33122,-86.1311
MI,Bannister,43.16154,-84.35968
MI,Baraga,46.79021,-88.49549
MI,Barbeau,46.28475,-84.21733
MI,Bark River,45.70541,-87.24052
MI,Baroda,41.94882,-86.49127
MI,Barryton,43.75065,-85.15465
MI,Barton City,44.70196,-83.59937
MI,Bath,42.82056,-84.45455
MI,Battle Creek,42.3053,-85.1389
MI,Bay City,43.61216,-83.91988
MI,Bay Port,43.83774,-83.35246
MI,Bay Shore,45.31806,-85.25833
MI,Bear Lake,44.43113,-86.1425
MI,Beaver Island,45.72206,-85.53158
MI,Beaverton,43.88658,-84.42406
MI,Bedford,42.39528,-85.23222
MI,Belding,43.08855,-85.23127
MI,Bellaire,44.97647,-85.22649
MI,Belleville,42.19486,-83.48543
MI,Bellevue,42.45247,-85.04887
MI,Belmont,43.07793,-85.58677
MI,Bentley,43.88603,-84.14474
MI,Benton Harbor,42.10859,-86.42342
MI,Benzonia,44.5955,-86.09609
MI,Bergland,46.58812,-89.5973
MI,Berkley,42.50276,-83.18868
MI,Berrien Center,41.94844,-86.28504
MI,Berrien Springs,41.948,-86.35401
MI,Bessemer,46.48019,-90.05154
MI,Beulah,44.646,-86.03835
MI,Big Bay,46.81583,-87.72833
MI,Big Rapids,43.68968,-85.4797
MI,Birch Run,43.26487,-83.79029
MI,Birmingham,42.5444,-83.21326
MI,Bitely,43.73213,-85.8778
MI,Black River,44.81384,-83.34071
MI,Blanchard,43.52278,-85.05886
MI,Blissfield,41.82764,-83.87726
MI,Bloomfield Hills,42.54504,-83.2771
MI,Bloomingdale,42.38423,-85.95676
MI,Boon,44.29156,-85.61438
MI,Boyne City,45.2052,-85.01829
MI,Boyne Falls,45.21156,-84.89158
MI,Bradley,42.63028,-85.64306
MI,Branch,43.9233,-86.13137
MI,Brant,43.25484,-84.29785
MI,Breckenridge,43.39346,-84.50232
MI,Breedsville,42.34639,-86.07306
MI,Brethren,44.2966,-85.9964
MI,Bridgeport,43.35531,-83.85491
MI,Bridgewater,42.16083,-83.90222
MI,Bridgman,41.9362,-86.55433
MI,Brighton,42.52944,-83.78028
MI,Brimley,46.41112,-84.56384
MI,Britton,41.98871,-83.83772
MI,Brohman,43.68528,-85.81583
MI,Bronson,41.86432,-85.18377
MI,Brooklyn,42.10436,-84.24135
MI,Brown City,43.21707,-82.99784
MI,Bruce Crossing,46.52796,-89.16803
MI,Brutus,45.50679,-84.74669
MI,Buchanan,41.83269,-86.37084
MI,Buckley,44.51986,-85.69354
MI,Burlington,42.12386,-85.105
MI,Burnips,42.73194,-85.83944
MI,Burr Oak,41.8459,-85.33454
MI,Burt,43.24043,-83.95107
MI,Burt Lake,45.44083,-84.71111
MI,Burton,43.02449,-83.6063
MI,Byron,42.80593,-83.97297
MI,Byron Center,42.80161,-85.7136
MI,Cadillac,44.25045,-85.43005
MI,Caledonia,42.79639,-85.56217
MI,Calumet,47.24272,-88.44272
MI,Camden,41.73615,-84.7245
MI,Cannonsburg,43.05389,-85.46972
MI,Canton,42.33201,-83.46952
MI,Capac,43.01998,-82.92519
MI,Carleton,42.05294,-83.3755
MI,Carney,45.59174,-87.5439
MI,Caro,43.48327,-83.38347
MI,Carp Lake,45.74236,-84.77345
MI,Carrollton,43.45861,-83.93028
MI,Carson City,43.1695,-84.86533
MI,Carsonville,43.4258,-82.60217
MI,Casco,42.76806,-82.67028
MI,Caseville,43.94292,-83.26592
MI,Casnovia,43.23815,-85.82539
MI,Caspian,46.06417,-88.63139
MI,Cass City,43.57968,-83.17326
MI,Cassopolis,41.89681,-85.99227
MI,Cedar,44.83695,-85.74534
MI,Cedar Lake,43.40611,-84.975
MI,Cedar Springs,43.22148,-85.54524
MI,Cedarville,46.00245,-84.34882
MI,Cement City,42.06039,-84.32542
MI,Center Line,42.47879,-83.02477
MI,Central Lake,45.0748,-85.26729
MI,Centreville,41.92168,-85.4963
MI,Ceresco,42.21274,-85.11285
MI,Champion,46.4685,-87.83059
MI,Channing,46.15456,-88.07722
MI,Charlevoix,45.29934,-85.2453
MI,Charlotte,42.57017,-84.83518
MI,Chase,43.86817,-85.61964
MI,Chassell,47.00204,-88.55455
MI,Chatham,46.29482,-86.75893
MI,Cheboygan,45.60804,-84.48672
MI,Chelsea,42.32069,-84.03339
MI,Chesaning,43.18239,-84.11216
MI,Chippewa Lake,43.74389,-85.29722
MI,Clare,43.82232,-84.76346
MI,Clarklake,42.1235,-84.35206
MI,Clarkston,42.72164,-83.40566
MI,Clarksville,42.83018,-85.24938
MI,Clawson,42.53647,-83.15032
MI,Clayton,41.86865,-84.17752
MI,Clifford,43.30995,-83.1741
MI,Climax,42.23398,-85.32383
MI,Clinton,42.06389,-83.94415
MI,Clinton Township,42.5565,-82.909
MI,Clio,43.17789,-83.72495
MI,Cloverdale,42.63667,-85.30861
MI,Cohoctah,42.75972,-83.94861
MI,Coldwater,41.92546,-85.00568
MI,Coleman,43.7494,-84.59106
MI,Coloma,42.20295,-86.32247
MI,Colon,41.95761,-85.33059
MI,Columbiaville,43.15033,-83.38106
MI,Columbus,42.85194,-82.6825
MI,Comins,44.82635,-84.02606
MI,Commerce Township,42.58942,-83.49467
MI,Comstock,42.28667,-85.51333
MI,Comstock Park,43.05781,-85.68447
MI,Concord,42.1875,-84.65293
MI,Conklin,43.1494,-85.85375
MI,Constantine,41.84603,-85.65709
MI,Conway,45.41667,-84.86694
MI,Cooks,45.89966,-86.53072
MI,Coopersville,43.06013,-85.95172
MI,Copemish,44.45028,-85.88786
MI,Copper City,47.28361,-88.38694
MI,Copper Harbor,47.24667,-88.45389
MI,Coral,43.36446,-85.37924
MI,Cornell,45.91037,-87.2237
MI,Corunna,43.0414,-84.02762
MI,Covert,42.29107,-86.27429
MI,Covington,46.55719,-88.52445
MI,Cross Village,45.64222,-85.0375
MI,Croswell,43.26225,-82.63372
MI,Crystal,43.26238,-84.89933
MI,Crystal Falls,46.10925,-88.35052
MI,Curran,44.73361,-83.83199
MI,Curtis,46.20476,-85.78647
MI,Custer,43.94424,-86.22044
MI,Dafter,46.3492,-84.39968
MI,Daggett,45.48874,-87.60786
MI,Dansville,42.55049,-84.29393
MI,Davisburg,42.75413,-83.52002
MI,Davison,43.03478,-83.52677
MI,De Tour Village,45.99385,-83.93963
MI,Dearborn,42.3053,-83.16049
MI,Dearborn Heights,42.27682,-83.2606
MI,Decatur,42.10122,-86.03381
MI,Decker,43.47753,-83.06379
MI,Deckerville,43.51509,-82.71912
MI,Deerfield,41.89091,-83.78474
MI,Deerton,46.48398,-87.04064
MI,Deford,43.47348,-83.17024
MI,Delton,42.5141,-85.40671
MI,Detroit,42.34743,-83.0604
MI,Dewitt,42.84278,-84.57965
MI,Dexter,42.35832,-83.90003
MI,Dimondale,42.65009,-84.64859
MI,Dodgeville,47.09144,-88.58087
MI,Dollar Bay,47.11972,-88.51139
MI,Dorr,42.72311,-85.7628
MI,Douglas,42.64333,-86.20056
MI,Dowagiac,41.99097,-86.11677
MI,Dowling,42.50148,-85.24945
MI,Drayton Plains,42.68417,-83.37722
MI,Drummond Island,46.00552,-83.73671
MI,Dryden,42.93777,-83.15007
MI,Dundee,41.95143,-83.65216
MI,Durand,42.91171,-83.98765
MI,Eagle,42.82631,-84.75897
MI,East China,42.77889,-82.53417
MI,East Jordan,45.15386,-85.13865
MI,East Lansing,42.7388,-84.47641
MI,East Leroy,42.19613,-85.23108
MI,East Tawas,44.30082,-83.47763
MI,Eastlake,44.24444,-86.29611
MI,Eastpointe,42.46576,-82.9459
MI,Eastport,45.10722,-85.35
MI,Eaton Rapids,42.51662,-84.65654
MI,Eau Claire,42.01513,-86.29715
MI,Eben Junction,46.35173,-87.0328
MI,Eckerman,46.34664,-85.16261
MI,Ecorse,42.25188,-83.14894
MI,Edenville,43.80276,-84.39623
MI,Edmore,43.41158,-85.028
MI,Edwardsburg,41.79126,-86.02625
MI,Elberta,44.61944,-86.22639
MI,Elk Rapids,44.89547,-85.40823
MI,Elkton,43.83444,-83.17864
MI,Ellsworth,45.15993,-85.26329
MI,Elm Hall,43.365,-84.83528
MI,Elmira,45.03458,-84.83032
MI,Elsie,43.08692,-84.39096
MI,Elwell,43.41056,-84.7631
MI,Emmett,42.98724,-82.7854
MI,Empire,44.84106,-85.99253
MI,Engadine,46.20401,-85.60047
MI,Erie,41.78294,-83.4958
MI,Escanaba,45.76587,-87.08898
MI,Essexville,43.60691,-83.82166
MI,Eureka,43.10361,-84.51389
MI,Evart,43.88877,-85.26493
MI,Ewen,46.54041,-89.31449
MI,Fair Haven,42.68065,-82.63767
MI,Fairgrove,43.51257,-83.58353
MI,Fairview,44.72046,-84.05253
MI,Falmouth,44.25286,-85.017
MI,Farmington,42.51004,-83.40543
MI,Farwell,43.83416,-84.8754
MI,Felch,45.82028,-88.06583
MI,Fennville,42.57767,-86.12488
MI,Fenton,42.7851,-83.72935
MI,Fenwick,43.14968,-85.06657
MI,Ferndale,42.45856,-83.13626
MI,Ferrysburg,43.08444,-86.22028
MI,Fife Lake,44.57206,-85.25312
MI,Filer City,44.21528,-86.28722
MI,Filion,43.90136,-82.98248
MI,Flat Rock,42.10552,-83.27953
MI,Flint,43.0233,-83.6856
MI,Flushing,43.07195,-83.84239
MI,Forestville,43.66194,-82.60944
MI,Fort Gratiot,43.07194,-82.49583
MI,Foster City,46.00477,-87.80477
MI,Fostoria,43.2645,-83.37959
MI,Fountain,44.03634,-86.21686
MI,Fowler,42.99414,-84.75997
MI,Fowlerville,42.66144,-84.07209
MI,Frankenmuth,43.34096,-83.74748
MI,Frankfort,44.63112,-86.2212
MI,Franklin,42.52189,-83.25185
MI,Fraser,42.54225,-82.94696
MI,Frederic,44.83822,-84.68241
MI,Free Soil,44.11204,-86.26516
MI,Freeland,43.51613,-84.18217
MI,Freeport,42.7297,-85.27913
MI,Fremont,43.4652,-85.96255
MI,Frontier,41.78167,-84.60472
MI,Fruitport,43.14428,-86.13883
MI,Fulton,42.13909,-85.32266
MI,Gaastra,46.05264,-88.59173
MI,Gagetown,43.65425,-83.26279
MI,Gaines,42.88133,-83.88549
MI,Galesburg,42.29484,-85.42366
MI,Galien,41.81976,-86.50354
MI,Garden,45.75487,-86.57758
MI,Garden City,42.32415,-83.34024
MI,Gaylord,45.0275,-84.67472
MI,Genesee,43.1125,-83.61778
MI,Germfask,46.23626,-85.91589
MI,Gilford,43.49417,-83.62194
MI,Gladstone,45.8564,-87.02728
MI,Gladwin,44.02962,-84.4968
MI,Glen Arbor,44.84293,-86.03534
MI,Glenn,42.52028,-86.2275
MI,Glennie,44.55823,-83.68995
MI,Gobles,42.37018,-85.85365
MI,Goetzville,46.10098,-84.05927
MI,Good Hart,45.56722,-85.11306
MI,Goodells,43.00006,-82.62173
MI,Goodrich,42.91473,-83.48446
MI,Gould City,46.13454,-85.72589
MI,Gowen,43.22388,-85.31594
MI,Grand Blanc,42.92816,-83.62641
MI,Grand Haven,43.03784,-86.19123
MI,Grand Junction,42.37608,-86.05405
MI,Grand Ledge,42.75292,-84.73731
MI,Grand Marais,46.65292,-85.98363
MI,Grand Rapids,42.9704,-85.6738
MI,Grandville,42.89387,-85.76187
MI,Grant,43.3392,-85.83683
MI,Grass Lake,42.27107,-84.19404
MI,Grawn,44.64278,-85.71129
MI,Grayling,44.67096,-84.69132
MI,Greenbush,44.54804,-83.32688
MI,Greenland,46.77944,-89.10167
MI,Greenville,43.17926,-85.24971
MI,Gregory,42.45067,-84.04659
MI,Grosse Ile,42.13465,-83.15383
MI,Grosse Pointe,42.38469,-82.92439
MI,Gulliver,46.01149,-86.02143
MI,Gwinn,46.29194,-87.43016
MI,Hadley,42.95444,-83.40333
MI,Hagar Shores,42.18611,-86.30833
MI,Hale,44.38189,-83.83594
MI,Hamburg,42.44861,-83.80167
MI,Hamilton,42.6881,-85.97473
MI,Hamtramck,42.40812,-83.05827
MI,Hancock,47.13673,-88.56539
MI,Hanover,42.10252,-84.58481
MI,Harbert,41.87194,-86.62889
MI,Harbor Beach,43.83125,-82.68861
MI,Harbor Springs,45.46453,-84.9803
MI,Harper Woods,42.43766,-82.92888
MI,Harrietta,44.29716,-85.73957
MI,Harris,45.70361,-87.34528
MI,Harrison,44.02848,-84.77289
MI,Harrison Township,42.60274,-82.83639
MI,Harrisville,44.6546,-83.34243
MI,Harsens Island,42.58504,-82.58605
MI,Hart,43.70676,-86.31415
MI,Hartford,42.20881,-86.1687
MI,Hartland,42.63561,-83.71467
MI,Haslett,42.75309,-84.39889
MI,Hastings,42.64301,-85.29369
MI,Hawks,45.29747,-83.85422
MI,Hazel Park,42.46077,-83.09818
MI,Hemlock,43.40991,-84.22656
MI,Henderson,43.08171,-84.18578
MI,Hermansville,45.7149,-87.62266
MI,Herron,45.01237,-83.65348
MI,Hersey,43.84806,-85.40593
MI,Hesperia,43.59651,-86.06074
MI,Hessel,46.00417,-84.42583
MI,Hickory Corners,42.42368,-85.39978
MI,Higgins Lake,44.48361,-84.77972
MI,Highland,42.66919,-83.58951
MI,Highland Park,42.42115,-83.10091
MI,Hillman,45.0691,-83.94678
MI,Hillsdale,41.92395,-84.62081
MI,Holland,42.7875,-86.10889
MI,Holly,42.79049,-83.61274
MI,Holt,42.6394,-84.52423
MI,Holton,43.44145,-86.15085
MI,Homer,42.14156,-84.81572
MI,Honor,44.69539,-86.03758
MI,Hope,43.78817,-84.32961
MI,Hopkins,42.64209,-85.7322
MI,Horton,42.11909,-84.49759
MI,Houghton,47.1158,-88.55802
MI,Houghton Lake,44.34133,-84.74218
MI,Houghton Lake Heights,44.3275,-84.77444
MI,Howard City,43.40833,-85.48561
MI,Howell,42.61593,-83.92481
MI,Hubbard Lake,44.89467,-83.60591
MI,Hubbardston,43.08278,-84.81728
MI,Hubbell,47.17333,-88.42917
MI,Hudson,41.8581,-84.33803
MI,Hudsonville,42.87481,-85.8751
MI,Hulbert,46.35417,-85.15
MI,Huntington Woods,42.48254,-83.17491
MI,Ida,41.85493,-83.59156
MI,Idlewild,43.91262,-85.71604
MI,Imlay City,43.04251,-83.0708
MI,Indian River,45.42698,-84.59558
MI,Ingalls,45.37477,-87.62061
MI,Inkster,42.29404,-83.31463
MI,Interlochen,44.65177,-85.80216
MI,Ionia,42.98592,-85.07098
MI,Iron Mountain,45.82189,-88.06826
MI,Iron River,46.09302,-88.64597
MI,Irons,44.09664,-85.93901
MI,Ironwood,46.46379,-90.15884
MI,Ishpeming,46.49016,-87.68264
MI,Ithaca,43.28281,-84.60883
MI,Jackson,42.25452,-84.38748
MI,Jamestown,42.82556,-85.8425
MI,Jasper,41.75896,-83.95155
MI,Jeddo,43.13458,-82.55473
MI,Jenison,42.91042,-85.8276
MI,Jerome,42.04838,-84.44548
MI,Johannesburg,45.01521,-84.38571
MI,Jones,41.9129,-85.83411
MI,Jonesville,41.97983,-84.64508
MI,Kalamazoo,42.27356,-85.54565
MI,Kaleva,44.36917,-86.04674
MI,Kalkaska,44.73546,-85.12065
MI,Kawkawlin,43.6794,-83.99266
MI,Kearsarge,47.275,-88.41611
MI,Keego Harbor,42.61045,-83.33955
MI,Kendall,42.36167,-85.81333
MI,Kent City,43.23624,-85.73995
MI,Kewadin,45.01257,-85.35394
MI,Kincheloe,46.3663,-84.8461
MI,Kinde,43.948,-82.97553
MI,Kingsford,45.795,-88.07194
MI,Kingsley,44.57564,-85.52623
MI,Kingston,43.39815,-83.18473
MI,Kinross,46.41661,-84.75112
MI,La Salle,41.85849,-83.47149
MI,Lachine,45.04295,-83.74907
MI,Lacota,42.41361,-86.12972
MI,Laingsburg,42.86271,-84.35299
MI,Lake,43.85016,-84.9786
MI,Lake Ann,44.73174,-85.85284
MI,Lake City,44.36193,-85.20735
MI,Lake George,43.96333,-84.94694
MI,Lake Leelanau,44.9856,-85.73287
MI,Lake Linden,47.17139,-88.41183
MI,Lake Odessa,42.78634,-85.13567
MI,Lake Orion,42.72078,-83.2917
MI,Lakeland,42.46333,-83.84417
MI,Lakeside,41.84846,-86.66935
MI,Lakeview,43.42694,-85.29242
MI,Lakeville,42.82139,-83.15028
MI,Lambertville,41.75306,-83.62587
MI,Lamont,43.00861,-85.90611
MI,Lanse,46.77041,-88.42096
MI,Lansing,42.7323,-84.556
MI,Lansing,42.7335,-84.6391
MI,Lapeer,43.05788,-83.33315
MI,Lawrence,42.20764,-86.05254
MI,Lawton,42.15446,-85.82897
MI,Leland,45.01022,-86.09292
MI,Lennon,42.96932,-83.92791
MI,Leonard,42.83642,-83.13809
MI,Leonidas,42.02939,-85.34968
MI,Leroy,44.04566,-85.43
MI,Leslie,42.46028,-84.42065
MI,Levering,45.63771,-84.7986
MI,Lewiston,44.85376,-84.29728
MI,Lexington,43.24348,-82.5301
MI,Lincoln,44.71112,-83.39467
MI,Lincoln Park,42.24221,-83.18069
MI,Linden,42.81038,-83.79928
MI,Linwood,43.73745,-84.01334
MI,Litchfield,42.05404,-84.63609
MI,Little Lake,46.05371,-87.41145
MI,Livonia,42.3615,-83.36494
MI,Long Lake,44.44846,-83.81706
MI,Loretto,45.77722,-87.815
MI,Lowell,42.95497,-85.36531
MI,Ludington,43.96882,-86.44025
MI,Luna Pier,41.81537,-83.43617
MI,Lupton,44.39758,-83.99047
MI,Luther,44.05449,-85.68263
MI,Luzerne,44.62959,-84.24674
MI,Lyons,42.96343,-84.92094
MI,Macatawa,42.76972,-86.20611
MI,Mackinac Island,45.85784,-84.62453
MI,Mackinaw City,45.78389,-84.72778
MI,Macomb,42.70083,-82.95917
MI,Madison Heights,42.5016,-83.1027
MI,Mancelona,44.9116,-85.0634
MI,Manchester,42.15554,-84.03325
MI,Manistee,44.22832,-86.28503
MI,Manistique,45.98298,-86.27551
MI,Manitou Beach,41.96706,-84.27671
MI,Manton,44.41522,-85.42017
MI,Maple City,44.85903,-85.88139
MI,Maple Rapids,43.10472,-84.69194
MI,Marcellus,42.02746,-85.79878
MI,Marenisco,46.35511,-89.67742
MI,Marine City,42.72129,-82.51403
MI,Marion,44.04631,-85.15503
MI,Marlette,43.33988,-83.05725
MI,Marne,43.05318,-85.84196
MI,Marquette,46.53124,-87.38944
MI,Marshall,42.27205,-84.95828
MI,Martin,42.54832,-85.61065
MI,Marysville,42.91353,-82.48134
MI,Mason,42.57959,-84.45609
MI,Mass City,46.74745,-89.06486
MI,Mattawan,42.24507,-85.79428
MI,Maybee,42.02882,-83.5179
MI,Mayfield,44.62611,-85.52861
MI,Mayville,43.35616,-83.37253
MI,Mc Bain,44.21718,-85.22825
MI,Mc Millan,46.29703,-85.73072
MI,Mcbrides,43.35417,-85.04278
MI,Mears,43.68249,-86.45331
MI,Mecosta,43.68132,-85.22803
MI,Melvin,43.19304,-82.83928
MI,Melvindale,42.28123,-83.18257
MI,Memphis,42.90595,-82.76962
MI,Mendon,42.01426,-85.4727
MI,Menominee,45.13427,-87.62148
MI,Merrill,43.39389,-84.33076
MI,Merritt,44.36843,-85.01551
MI,Mesick,44.40745,-85.70612
MI,Metamora,42.94237,-83.31837
MI,Michigamme,46.66814,-87.89239
MI,Michigan Center,42.22629,-84.32131
MI,Middleton,43.16891,-84.75522
MI,Middleville,42.69325,-85.4759
MI,Midland,43.63756,-84.26796
MI,Mikado,44.58328,-83.43552
MI,Milan,42.09137,-83.67764
MI,Milford,42.60195,-83.6508
MI,Millersburg,45.40216,-84.12225
MI,Millington,43.27177,-83.56194
MI,Minden City,43.68139,-82.72986
MI,Mio,44.66648,-84.13526
MI,Mohawk,47.32007,-88.33257
MI,Moline,42.73917,-85.66389
MI,Monroe,41.92751,-83.40485
MI,Montague,43.42416,-86.37399
MI,Montgomery,41.79276,-84.84964
MI,Montrose,43.17538,-83.88241
MI,Moran,46.04411,-85.00784
MI,Morenci,41.73861,-84.2192
MI,Morley,43.50595,-85.44732
MI,Morrice,42.83851,-84.17677
MI,Moscow,42.04944,-84.51
MI,Mosherville,42.06028,-84.65944
MI,Mount Clemens,42.57756,-82.89405
MI,Mount Morris,43.11601,-83.68952
MI,Mount Pleasant,43.6025,-84.7752
MI,Muir,43.04386,-84.93909
MI,Mullett Lake,45.53583,-84.51667
MI,Mulliken,42.73766,-84.89791
MI,Munger,43.52858,-83.76722
MI,Munising,46.41386,-86.62685
MI,Munith,42.37032,-84.24849
MI,Muskegon,43.23259,-86.24919
MI,Nadeau,45.60889,-87.55278
MI,Nahma,45.84167,-86.66389
MI,Napoleon,42.16056,-84.24611
MI,Nashville,42.59372,-85.12203
MI,National City,44.31375,-83.68395
MI,National Mine,46.48861,-87.6675
MI,Naubinway,46.12602,-85.44619
MI,Nazareth,42.35194,-85.52639
MI,Negaunee,46.50066,-87.58291
MI,New Baltimore,42.67534,-82.7801
MI,New Boston,42.1449,-83.35886
MI,New Buffalo,41.78559,-86.74663
MI,New Era,43.55558,-86.3448
MI,New Haven,42.73296,-82.82025
MI,New Hudson,42.50765,-83.63423
MI,New Lothrop,43.13878,-83.98514
MI,New Troy,41.87639,-86.54972
MI,Newaygo,43.4198,-85.75938
MI,Newberry,46.34376,-85.51495
MI,Newport,41.97658,-83.28044
MI,Niles,41.82017,-86.23679
MI,Nisula,46.76952,-88.83397
MI,North Adams,41.97148,-84.52082
MI,North Branch,43.20689,-83.22666
MI,North Star,43.24833,-84.54333
MI,North Street,43.02686,-82.53825
MI,Northport,45.1157,-85.61729
MI,Northville,42.42625,-83.47935
MI,Norvell,42.1575,-84.18417
MI,Norway,45.78619,-87.90469
MI,Nottawa,41.91889,-85.44889
MI,Novi,42.47349,-83.52242
MI,Nunica,43.08831,-86.10277
MI,Oak Park,42.46615,-83.18399
MI,Oakland,42.77318,-83.17112
MI,Oakley,43.15053,-84.20938
MI,Oden,45.42361,-84.82806
MI,Okemos,42.72222,-84.4275
MI,Old Mission,44.96222,-85.48528
MI,Olivet,42.44595,-84.89731
MI,Omena,45.05556,-85.58889
MI,Omer,44.04994,-83.84296
MI,Onaway,45.33654,-84.21227
MI,Onekama,44.36458,-86.20996
MI,Onondaga,42.44873,-84.5535
MI,Onsted,42.02953,-84.18389
MI,Ontonagon,46.82748,-89.34847
MI,Orleans,43.08946,-85.11655
MI,Ortonville,42.84094,-83.42881
MI,Oscoda,44.44649,-83.36191
MI,Oshtemo,42.25889,-85.6775
MI,Osseo,41.83841,-84.59739
MI,Ossineke,44.91038,-83.45919
MI,Otisville,43.17058,-83.51719
MI,Otsego,42.47233,-85.7035
MI,Ottawa Lake,41.76828,-83.68556
MI,Otter Lake,43.21833,-83.42422
MI,Ovid,42.99693,-84.36494
MI,Owendale,43.72065,-83.2307
MI,Owosso,42.99341,-84.15949
MI,Oxford,42.82645,-83.20046
MI,Painesdale,47.04333,-88.67222
MI,Palmer,46.44083,-87.59306
MI,Palms,43.62567,-82.70174
MI,Palmyra,41.87298,-83.96568
MI,Palo,43.1125,-84.98556
MI,Paradise,46.59832,-85.05625
MI,Paris,43.7677,-85.52135
MI,Parma,42.27388,-84.59989
MI,Paw Paw,42.23493,-85.90049
MI,Pearces,42.6323,-83.9167
MI,Peck,43.26938,-82.81929
MI,Pelkie,46.79493,-88.62508
MI,Pellston,45.57028,-84.8425
MI,Pentwater,43.82371,-86.38682
MI,Perkins,45.97778,-87.07167
MI,Perrinton,43.16492,-84.66598
MI,Perronville,45.82641,-87.3989
MI,Perry,42.82001,-84.23135
MI,Petersburg,41.87566,-83.68767
MI,Petoskey,45.36127,-84.94026
MI,Pewamo,43.00075,-84.84922
MI,Pickford,46.15586,-84.36631
MI,Pierson,43.33551,-85.51336
MI,Pigeon,43.81791,-83.27551
MI,Pinckney,42.45958,-83.90992
MI,Pinconning,43.84908,-84.00816
MI,Pittsford,41.89626,-84.44402
MI,Plainwell,42.45438,-85.59936
MI,Pleasant Lake,42.39034,-84.34279
MI,Pleasant Ridge,42.47104,-83.14377
MI,Plymouth,42.36882,-83.47995
MI,Pointe Aux Pins,45.75489,-84.44703
MI,Pompeii,43.18389,-84.60083
MI,Pontiac,42.66795,-83.28933
MI,Port Austin,44.02229,-82.99843
MI,Port Hope,43.92799,-82.75289
MI,Port Huron,42.99584,-82.45994
MI,Port Sanilac,43.43292,-82.54679
MI,Portage,42.20748,-85.59569
MI,Portland,42.86241,-84.91393
MI,Posen,45.22333,-83.63927
MI,Potterville,42.63978,-84.73459
MI,Powers,45.67924,-87.53185
MI,Prescott,44.20999,-84.0212
MI,Presque Isle,45.30417,-83.47694
MI,Prudenville,44.29739,-84.66275
MI,Pullman,42.46513,-86.07991
MI,Quincy,41.97069,-84.84929
MI,Quinnesec,45.79987,-87.99215
MI,Ralph,46.10861,-87.78361
MI,Ramsay,46.47028,-89.99639
MI,Rapid City,44.84486,-85.29432
MI,Rapid River,45.91066,-86.88449
MI,Ravenna,43.20913,-85.96482
MI,Ray,42.78528,-82.93194
MI,Reading,41.84419,-84.76475
MI,Redford,42.37555,-83.28895
MI,Reed City,43.88681,-85.51303
MI,Reese,43.45309,-83.70153
MI,Remus,43.60325,-85.15736
MI,Republic,46.36805,-87.99382
MI,Rhodes,43.85175,-84.2134
MI,Richland,42.37569,-85.44465
MI,Richmond,42.81274,-82.73005
MI,Richville,43.40917,-83.67722
MI,Riga,41.79531,-83.80114
MI,River Rouge,42.26923,-83.13643
MI,Riverdale,43.40982,-84.82661
MI,Riverside,42.18333,-86.38278
MI,Riverview,42.1733,-83.21309
MI,Rives Junction,42.38871,-84.45887
MI,Rochester,42.71068,-83.16421
MI,Rock,46.05026,-87.13307
MI,Rockford,43.11522,-85.51361
MI,Rockland,46.73806,-89.17944
MI,Rockwood,42.07918,-83.2162
MI,Rodney,43.73791,-85.32188
MI,Rogers City,45.41231,-83.83548
MI,Romeo,42.80351,-83.0192
MI,Romulus,42.2203,-83.35829
MI,Roscommon,44.48391,-84.66009
MI,Rose City,44.41672,-84.12556
MI,Rosebush,43.68427,-84.7833
MI,Roseville,42.50342,-82.93868
MI,Rothbury,43.51163,-86.34464
MI,Royal Oak,42.49058,-83.13658
MI,Rudyard,46.20057,-84.54934
MI,Rumely,46.34187,-86.93507
MI,Ruth,43.74044,-82.7414
MI,Saginaw,43.40469,-83.91563
MI,Sagola,46.08127,-88.06764
MI,Saint Charles,43.28627,-84.15978
MI,Saint Clair,42.82545,-82.51326
MI,Saint Clair Shores,42.46347,-82.90067
MI,Saint Helen,44.36649,-84.4247
MI,Saint Ignace,45.92153,-84.70941
MI,Saint Johns,43.00592,-84.57193
MI,Saint Joseph,42.06396,-86.47834
MI,Saint Louis,43.42777,-84.59524
MI,Salem,42.40611,-83.58
MI,Saline,42.16984,-83.78494
MI,Samaria,41.80806,-83.57833
MI,Sand Creek,41.77928,-84.0755
MI,Sand Lake,43.29811,-85.53665
MI,Sandusky,43.40554,-82.84094
MI,Sanford,43.72035,-84.39545
MI,Saranac,42.92853,-85.22994
MI,Saugatuck,42.64256,-86.19409
MI,Sault Sainte Marie,46.47393,-84.34675
MI,Sawyer,41.88287,-86.58851
MI,Schoolcraft,42.13286,-85.66374
MI,Scotts,42.18189,-85.46849
MI,Scottville,43.97669,-86.31561
MI,Sears,43.90175,-85.18825
MI,Sebewaing,43.72889,-83.43662
MI,Seney,46.38799,-85.97085
MI,Shaftsburg,42.80472,-84.29306
MI,Shelby,43.60794,-86.3615
MI,Shelbyville,42.59358,-85.62824
MI,Shepherd,43.56567,-84.58732
MI,Sheridan,43.21263,-85.04684
MI,Sherwood,42.01074,-85.2408
MI,Shingleton,46.3512,-86.48226
MI,Sidnaw,46.50472,-88.70833
MI,Sidney,43.23579,-85.12067
MI,Silverwood,43.31413,-83.27197
MI,Six Lakes,43.43371,-85.14157
MI,Skandia,46.34905,-87.24809
MI,Skanee,46.87473,-88.17319
MI,Smiths Creek,42.92207,-82.57452
MI,Smyrna,43.05944,-85.26278
MI,Snover,43.48865,-82.93006
MI,Sodus,42.05208,-86.3921
MI,Somerset,42.04473,-84.39472
MI,Somerset Center,42.05111,-84.41361
MI,South Boardman,44.64014,-85.2472
MI,South Branch,44.5014,-83.86857
MI,South Haven,42.4041,-86.25421
MI,South Lyon,42.45668,-83.65895
MI,South Range,47.07,-88.64306
MI,South Rockwood,42.0624,-83.2663
MI,Southfield,42.46302,-83.28805
MI,Southgate,42.20443,-83.19992
MI,Spalding,45.69575,-87.4964
MI,Sparta,43.16187,-85.68767
MI,Spring Arbor,42.20686,-84.55013
MI,Spring Lake,43.08874,-86.19151
MI,Springport,42.38055,-84.70389
MI,Spruce,44.82244,-83.50439
MI,Stambaugh,46.08111,-88.62694
MI,Standish,43.97329,-83.9433
MI,Stanton,43.30584,-85.09955
MI,Stanwood,43.60173,-85.44461
MI,Stephenson,45.41659,-87.62579
MI,Sterling,44.06784,-84.01257
MI,Sterling Heights,42.56478,-83.07013
MI,Stevensville,42.02197,-86.51186
MI,Stockbridge,42.4604,-84.17518
MI,Strongs,46.36528,-85.03528
MI,Sturgis,41.80893,-85.42636
MI,Sumner,43.30914,-84.79066
MI,Sunfield,42.76931,-84.98131
MI,Suttons Bay,44.96561,-85.64226
MI,Swartz Creek,42.94678,-83.817
MI,Sylvan Beach,43.41,-86.34861
MI,Tawas City,44.26749,-83.5449
MI,Taylor,42.23174,-83.26727
MI,Tecumseh,41.9953,-83.95548
MI,Tekonsha,42.08633,-84.9926
MI,Temperance,41.76823,-83.57974
MI,Thompsonville,44.51983,-85.94597
MI,Three Oaks,41.81498,-86.61541
MI,Three Rivers,41.9596,-85.63712
MI,Tipton,42.03691,-84.07684
MI,Toivola,46.98545,-88.86066
MI,Topinabee,45.48389,-84.59528
MI,Tower,45.34162,-84.3035
MI,Traverse City,44.74365,-85.61887
MI,Trenary,46.19474,-86.95018
MI,Trenton,42.1343,-83.21814
MI,Trout Creek,46.48643,-89.02696
MI,Trout Lake,46.19361,-85.01889
MI,Troy,42.5609,-83.1471
MI,Trufant,43.31561,-85.36849
MI,Turner,44.10543,-83.65068
MI,Tuscola,43.32639,-83.65722
MI,Tustin,44.10718,-85.49014
MI,Twin Lake,43.34138,-86.16332
MI,Twining,44.12929,-83.84912
MI,Ubly,43.68963,-82.96401
MI,Union,41.78268,-85.85291
MI,Union City,42.05513,-85.13564
MI,Union Lake,42.61472,-83.44694
MI,Union Pier,41.82555,-86.69115
MI,Unionville,43.64734,-83.4699
MI,University Center,43.5608,-83.9899
MI,Utica,42.66369,-82.99655
MI,Vandalia,41.89551,-85.87555
MI,Vanderbilt,45.15325,-84.65113
MI,Vassar,43.36905,-83.58445
MI,Vermontville,42.63921,-85.01098
MI,Vernon,42.93917,-84.02944
MI,Vestaburg,43.38703,-84.90817
MI,Vicksburg,42.1209,-85.50238
MI,Vulcan,45.76226,-87.81681
MI,Wakefield,46.47518,-89.94245
MI,Waldron,41.73861,-84.44964
MI,Walhalla,43.95361,-86.11472
MI,Walkerville,43.76256,-86.08299
MI,Wallace,45.30166,-87.58046
MI,Walled Lake,42.55038,-83.47962
MI,Walloon Lake,45.26611,-84.93361
MI,Warren,42.5159,-82.9824
MI,Washington,42.7262,-83.0268
MI,Waterford,42.64375,-83.4076
MI,Waters,44.87972,-84.69861
MI,Watersmeet,46.25416,-89.21084
MI,Watervliet,42.1938,-86.26037
MI,Watton,46.5137,-88.5993
MI,Wayland,42.66427,-85.61911
MI,Wayne,42.27681,-83.37581
MI,Webberville,42.66298,-84.17013
MI,Weidman,43.64528,-85.00457
MI,Wells,45.78487,-87.07344
MI,Wellston,44.21327,-85.95548
MI,West Bloomfield,42.54237,-83.37931
MI,West Branch,44.27903,-84.22862
MI,West Olive,42.90991,-86.13173
MI,Westland,42.31888,-83.37491
MI,Weston,41.77028,-84.09778
MI,Westphalia,42.91231,-84.78557
MI,Wetmore,46.35352,-86.63454
MI,Wheeler,43.39622,-84.42433
MI,White Cloud,43.5398,-85.75864
MI,White Lake,42.658,-83.53984
MI,White Pigeon,41.79289,-85.67501
MI,White Pine,46.75389,-89.58389
MI,Whitehall,43.39036,-86.33145
MI,Whitmore Lake,42.4289,-83.78282
MI,Whittaker,42.12806,-83.59972
MI,Whittemore,44.23251,-83.80684
MI,Williamsburg,44.80195,-85.43473
MI,Williamston,42.69665,-84.2926
MI,Willis,42.12925,-83.56874
MI,Wilson,45.66486,-87.39973
MI,Winn,43.52333,-84.90167
MI,Wixom,42.53404,-83.52849
MI,Wolverine,45.28615,-84.60648
MI,Woodland,42.70565,-85.13261
MI,Wyandotte,42.19606,-83.18211
MI,Wyoming,42.90087,-85.70578
MI,Yale,43.12243,-82.7979
MI,Ypsilanti,42.23254,-83.63362
MI,Zeeland,42.82559,-86.01041
MN,Ada,47.3156,-96.50357
MN,Adams,43.55912,-92.73049
MN,Adolph,46.841,-92.2201
MN,Adrian,43.61968,-95.92726
MN,Afton,44.86965,-92.82336
MN,Ah Gwah Ching,46.24278,-93.27472
MN,Aitkin,46.47993,-93.64541
MN,Akeley,47.00099,-94.72343
MN,Albany,45.61511,-94.57402
MN,Albert Lea,43.65368,-93.37067
MN,Alberta,45.55709,-96.04977
MN,Albertville,45.25343,-93.6469
MN,Alborn,46.97823,-92.55794
MN,Alden,43.64659,-93.58231
MN,Aldrich,46.40254,-94.99202
MN,Alexandria,45.88175,-95.38199
MN,Almelund,45.49139,-92.78528
MN,Alpha,43.59459,-94.90509
MN,Altura,44.13611,-91.97447
MN,Alvarado,48.20197,-96.99146
MN,Amboy,43.89033,-94.17735
MN,Andover,45.25068,-93.28453
MN,Angle Inlet,49.32492,-95.09025
MN,Angora,47.75774,-92.64133
MN,Annandale,45.24827,-94.10607
MN,Anoka,45.23854,-93.40782
MN,Appleton,45.20543,-95.99487
MN,Arco,44.40915,-96.19991
MN,Argyle,48.33142,-96.8671
MN,Arlington,44.61528,-94.07619
MN,Ashby,46.07807,-95.82142
MN,Askov,46.19641,-92.75281
MN,Atwater,45.11165,-94.79378
MN,Audubon,46.87189,-95.98814
MN,Aurora,47.4951,-92.24149
MN,Austin,43.66954,-92.97837
MN,Avoca,43.97055,-95.60015
MN,Avon,45.61217,-94.43603
MN,Babbitt,47.70912,-91.95695
MN,Backus,46.86991,-94.39592
MN,Badger,48.79129,-96.09652
MN,Bagley,47.48702,-95.41334
MN,Balaton,44.22525,-95.88377
MN,Barnesville,46.6773,-96.37269
MN,Barnum,46.51962,-92.62917
MN,Barrett,45.89955,-95.87539
MN,Barry,45.54745,-96.56053
MN,Battle Lake,46.31417,-95.71439
MN,Baudette,48.69272,-94.59948
MN,Baxter,46.34333,-94.28639
MN,Bayport,45.02141,-92.78437
MN,Beardsley,45.55385,-96.70601
MN,Beaver Bay,47.25778,-91.30028
MN,Beaver Creek,43.62234,-96.36977
MN,Becker,45.43654,-93.84097
MN,Bejou,47.44909,-95.94542
MN,Belgrade,45.48652,-94.96988
MN,Belle Plaine,44.61385,-93.76039
MN,Bellingham,45.15563,-96.32235
MN,Beltrami,47.57212,-96.45486
MN,Belview,44.60549,-95.31776
MN,Bemidji,47.48807,-94.84881
MN,Bena,47.34773,-94.25192
MN,Benedict,47.15806,-94.69028
MN,Benson,45.3129,-95.57664
MN,Bertha,46.25146,-95.03573
MN,Bethel,45.39411,-93.23309
MN,Big Falls,48.15603,-93.72963
MN,Big Lake,45.35065,-93.73992
MN,Bigelow,43.53361,-95.65153
MN,Bigfork,47.75023,-93.6707
MN,Bingham Lake,43.89415,-95.04571
MN,Birchdale,48.6247,-94.16765
MN,Bird Island,44.75073,-94.87163
MN,Biwabik,47.53306,-92.34
MN,Blackduck,47.73814,-94.49607
MN,Blomkest,44.93951,-95.06396
MN,Blooming Prairie,43.89773,-93.06081
MN,Blue Earth,43.63943,-94.09238
MN,Bluffton,46.4918,-95.22359
MN,Bock,45.78443,-93.55366
MN,Borup,47.18964,-96.55297
MN,Bovey,47.28679,-93.37232
MN,Bowlus,45.81212,-94.41753
MN,Bowstring,47.54306,-93.79639
MN,Boyd,44.85072,-95.9421
MN,Braham,45.71755,-93.20369
MN,Brainerd,46.35722,-94.20187
MN,Brandon,46.0039,-95.57877
MN,Breckenridge,46.27966,-96.56222
MN,Brewster,43.70322,-95.48068
MN,Bricelyn,43.57463,-93.82108
MN,Brimson,47.31416,-91.86252
MN,Britt,47.65496,-92.63206
MN,Brook Park,45.93869,-92.98347
MN,Brooks,47.81294,-96.01166
MN,Brookston,46.83843,-92.64301
MN,Brooten,45.49317,-95.09005
MN,Browerville,46.09052,-94.83458
MN,Browns Valley,45.60693,-96.80625
MN,Brownsdale,43.72476,-92.87375
MN,Brownsville,43.67073,-91.30123
MN,Brownton,44.72814,-94.33061
MN,Bruno,46.2845,-92.61899
MN,Buckman,45.8975,-94.09333
MN,Buffalo,45.18137,-93.86348
MN,Buffalo Lake,44.77088,-94.59121
MN,Buhl,47.49361,-92.77778
MN,Burnsville,44.76778,-93.2775
MN,Burtrum,45.88803,-94.69621
MN,Butterfield,43.96542,-94.79563
MN,Byron,44.03733,-92.63075
MN,Caledonia,43.62208,-91.48366
MN,Callaway,47.00764,-95.94396
MN,Calumet,47.32194,-93.27667
MN,Cambridge,45.55759,-93.28893
MN,Campbell,46.12964,-96.43717
MN,Canby,44.72019,-96.27839
MN,Cannon Falls,44.49598,-92.864
MN,Canton,43.56669,-91.91296
MN,Canyon,47.07852,-92.45936
MN,Carlos,45.97257,-95.31047
MN,Carlton,46.6484,-92.47098
MN,Carver,44.7169,-93.68795
MN,Cass Lake,47.35155,-94.6119
MN,Castle Rock,44.59422,-93.10924
MN,Cedar,45.33649,-93.26583
MN,Center City,45.39389,-92.81639
MN,Ceylon,43.53824,-94.61491
MN,Champlin,45.17004,-93.38193
MN,Chandler,43.91631,-95.92962
MN,Chanhassen,44.86792,-93.53591
MN,Chaska,44.80607,-93.60831
MN,Chatfield,43.8362,-92.15735
MN,Chisago City,45.36114,-92.89213
MN,Chisholm,47.50074,-92.86169
MN,Chokio,45.55237,-96.17331
MN,Circle Pines,45.15284,-93.14398
MN,Clara City,44.96391,-95.3499
MN,Claremont,44.05223,-92.98884
MN,Clarissa,46.1373,-94.95719
MN,Clarkfield,44.77426,-95.8304
MN,Clarks Grove,43.76297,-93.32322
MN,Clear Lake,45.47948,-93.96839
MN,Clearbrook,47.71458,-95.37519
MN,Clearwater,45.38769,-94.04525
MN,Clements,44.39432,-95.04745
MN,Cleveland,44.32014,-93.82862
MN,Climax,47.65301,-96.80265
MN,Clinton,45.45766,-96.41816
MN,Clitherall,46.31693,-95.58582
MN,Clontarf,45.37342,-95.67863
MN,Cloquet,46.72604,-92.45282
MN,Cohasset,47.26911,-93.63915
MN,Cokato,45.07476,-94.19105
MN,Cold Spring,45.44998,-94.43782
MN,Coleraine,47.28889,-93.4275
MN,Collegeville,45.59444,-94.36278
MN,Cologne,44.76459,-93.79825
MN,Comfrey,44.11107,-94.91345
MN,Comstock,46.6667,-96.73975
MN,Conger,43.61142,-93.52236
MN,Cook,47.84419,-92.72104
MN,Correll,45.29074,-96.17527
MN,Cosmos,44.95897,-94.69783
MN,Cottage Grove,44.83082,-92.93928
MN,Cotton,47.1638,-92.44492
MN,Cottonwood,44.60025,-95.69251
MN,Courtland,44.27908,-94.34823
MN,Crane Lake,48.25939,-92.4896
MN,Cromwell,46.67178,-92.87394
MN,Crookston,47.77969,-96.59308
MN,Crosby,46.50908,-93.98745
MN,Crosslake,46.67864,-94.11426
MN,Crystal Bay,44.95306,-93.57611
MN,Currie,44.09462,-95.69532
MN,Cushing,46.20219,-94.61845
MN,Cyrus,45.56948,-95.70696
MN,Dakota,43.91481,-91.39404
MN,Dalbo,45.67874,-93.44192
MN,Dalton,46.15441,-95.85002
MN,Danube,44.79557,-95.07837
MN,Danvers,45.34185,-95.88619
MN,Darfur,44.06103,-94.81342
MN,Darwin,45.10295,-94.42493
MN,Dassel,45.10321,-94.33048
MN,Dawson,44.93174,-96.01501
MN,Dayton,45.19816,-93.4668
MN,Deer Creek,46.41119,-95.26726
MN,Deer River,47.38287,-93.84979
MN,Deerwood,46.44457,-93.88486
MN,Delano,45.03422,-93.80164
MN,Delavan,43.77186,-94.02249
MN,Dennison,44.42388,-92.97478
MN,Dent,46.55542,-95.76436
MN,Detroit Lakes,46.83488,-95.80061
MN,Dexter,43.71596,-92.72676
MN,Dilworth,46.87817,-96.70222
MN,Dodge Center,44.03251,-92.85538
MN,Donaldson,48.57979,-96.85789
MN,Donnelly,45.70137,-96.06494
MN,Dover,44.00146,-92.14151
MN,Dovray,44.05967,-95.52708
MN,Duluth,47.09443,-91.84673
MN,Dumont,45.67174,-96.40612
MN,Dundas,44.39554,-93.20369
MN,Dunnell,43.55305,-94.78756
MN,Eagle Bend,46.11702,-95.09606
MN,Eagle Lake,44.15459,-93.87191
MN,East Grand Forks,47.9318,-97.02126
MN,Easton,43.75813,-93.93399
MN,Echo,44.63105,-95.41822
MN,Eden Prairie,44.85743,-93.43757
MN,Eden Valley,45.30201,-94.60391
MN,Edgerton,43.88242,-96.14633
MN,Effie,47.84719,-93.5799
MN,Eitzen,43.50806,-91.46139
MN,Elbow Lake,45.99527,-95.96715
MN,Elgin,44.13584,-92.25349
MN,Elizabeth,46.40622,-96.08509
MN,Elk River,45.3136,-93.5814
MN,Elko,44.58945,-93.38356
MN,Elkton,43.63481,-92.71041
MN,Ellendale,43.88259,-93.31949
MN,Ellsworth,43.52654,-96.01125
MN,Elmore,43.52007,-94.09837
MN,Elrosa,45.56278,-94.94694
MN,Ely,47.90344,-91.85704
MN,Elysian,44.22313,-93.6965
MN,Embarrass,47.66585,-92.21011
MN,Emily,46.74779,-93.94839
MN,Emmons,43.50885,-93.48244
MN,Erhard,46.49482,-96.05926
MN,Erskine,47.66182,-96.01217
MN,Esko,46.71255,-92.35692
MN,Essig,44.32375,-94.56823
MN,Euclid,48.0338,-96.9215
MN,Evansville,46.01525,-95.69507
MN,Eveleth,47.45105,-92.52804
MN,Excelsior,44.9007,-93.57913
MN,Eyota,44.00429,-92.24407
MN,Fairfax,44.53294,-94.72563
MN,Fairmont,43.63759,-94.45095
MN,Faribault,44.29446,-93.28179
MN,Farmington,44.6628,-93.15389
MN,Farwell,45.72442,-95.66558
MN,Federal Dam,47.20691,-94.25752
MN,Felton,47.07053,-96.50522
MN,Fergus Falls,46.28972,-96.06434
MN,Fertile,47.52137,-96.23713
MN,Fifty Lakes,46.747,-94.06556
MN,Finland,47.41972,-91.2096
MN,Finlayson,46.21211,-92.93892
MN,Fisher,47.83814,-96.88031
MN,Flensburg,45.9509,-94.53077
MN,Flom,47.16611,-96.13056
MN,Floodwood,46.90759,-92.91668
MN,Foley,45.70869,-93.86846
MN,Forbes,47.30694,-92.60306
MN,Forest Lake,45.2685,-92.97489
MN,Foreston,45.70284,-93.69576
MN,Fort Ripley,46.20988,-94.2527
MN,Fosston,47.58158,-95.74308
MN,Fountain,43.7284,-92.14229
MN,Foxhome,46.25837,-96.31758
MN,Franklin,44.54213,-94.89309
MN,Frazee,46.75647,-95.52116
MN,Freeborn,43.78476,-93.57454
MN,Freeport,45.67315,-94.67853
MN,Frontenac,44.48718,-92.3281
MN,Frost,43.5638,-93.9361
MN,Fulda,43.8753,-95.59794
MN,Garden City,44.04675,-94.17908
MN,Garfield,45.99531,-95.45004
MN,Garrison,46.26373,-93.93634
MN,Garvin,44.22932,-95.76721
MN,Gary,47.36749,-96.21523
MN,Gatzke,48.41042,-95.79031
MN,Gaylord,44.5463,-94.19554
MN,Geneva,43.82354,-93.2671
MN,Georgetown,47.09987,-96.727
MN,Ghent,44.50784,-95.89364
MN,Gibbon,44.56059,-94.54668
MN,Gilbert,47.48849,-92.40246
MN,Gilman,45.77418,-93.94688
MN,Glencoe,44.778,-94.16155
MN,Glenville,43.55775,-93.26176
MN,Glenwood,45.64291,-95.38681
MN,Glyndon,46.88202,-96.55834
MN,Gonvick,47.74901,-95.49901
MN,Good Thunder,43.99519,-94.06766
MN,Goodhue,44.40218,-92.57174
MN,Goodland,47.19243,-93.14691
MN,Goodridge,48.06859,-95.72834
MN,Graceville,45.56025,-96.42092
MN,Granada,43.70608,-94.33073
MN,Grand Marais,47.77577,-90.33911
MN,Grand Meadow,43.71007,-92.5692
MN,Grand Portage,47.95907,-89.69886
MN,Grand Rapids,47.2378,-93.53
MN,Grandy,45.63528,-93.195
MN,Granite Falls,44.80875,-95.55156
MN,Grasston,45.77293,-93.19623
MN,Green Isle,44.66866,-93.93264
MN,Greenbush,48.69567,-96.18709
MN,Greenwald,45.60167,-94.85972
MN,Grey Eagle,45.81069,-94.83208
MN,Grove City,45.15317,-94.68784
MN,Grygla,48.30707,-95.6398
MN,Gully,47.76975,-95.64103
MN,Hackensack,46.98844,-94.50332
MN,Hallock,48.77486,-96.94449
MN,Halma,48.66689,-96.5969
MN,Halstad,47.35511,-96.79804
MN,Hamburg,44.73145,-93.96432
MN,Hamel,45.07995,-93.57596
MN,Hampton,44.60285,-92.94667
MN,Hancock,45.49846,-95.80078
MN,Hanley Falls,44.67886,-95.68249
MN,Hanover,45.15583,-93.66611
MN,Hanska,44.15268,-94.49327
MN,Hardwick,43.79107,-96.21607
MN,Harmony,43.56627,-92.01451
MN,Harris,45.5962,-93.03955
MN,Hartland,43.80399,-93.47695
MN,Hastings,44.71893,-92.86257
MN,Hawley,46.88419,-96.31115
MN,Hayfield,43.89226,-92.81749
MN,Hayward,43.63864,-93.23773
MN,Hector,44.74849,-94.70582
MN,Henderson,44.5344,-93.93449
MN,Hendricks,44.49951,-96.40775
MN,Hendrum,47.26889,-96.79875
MN,Henning,46.32561,-95.38516
MN,Henriette,45.79472,-93.14889
MN,Herman,45.8071,-96.09919
MN,Heron Lake,43.79788,-95.32674
MN,Hewitt,46.32497,-95.05036
MN,Hibbing,47.4156,-92.93558
MN,Hill City,46.99682,-93.5994
MN,Hillman,46.06776,-93.88122
MN,Hills,43.53355,-96.36453
MN,Hinckley,46.01888,-92.89933
MN,Hines,47.73243,-94.64767
MN,Hitterdal,47.00135,-96.28884
MN,Hoffman,45.82329,-95.79548
MN,Hokah,43.75086,-91.34547
MN,Holdingford,45.72492,-94.45809
MN,Holland,44.0759,-96.19028
MN,Hollandale,43.75284,-93.16799
MN,Holloway,45.27081,-95.91637
MN,Holmes City,45.81071,-95.56464
MN,Holyoke,46.46645,-92.37495
MN,Homer,44.02139,-91.55639
MN,Hope,43.97972,-93.34582
MN,Hopkins,44.925,-93.4625
MN,Houston,43.7929,-91.56257
MN,Hovland,47.83415,-90.04757
MN,Howard Lake,45.06083,-94.07306
MN,Howard Lake,45.06159,-94.06951
MN,Hoyt Lakes,47.51496,-92.14005
MN,Hugo,45.1628,-93.00349
MN,Humboldt,48.92111,-97.09306
MN,Huntley,43.72375,-94.20157
MN,Hutchinson,44.89455,-94.38469
MN,Ihlen,43.90722,-96.36694
MN,International Falls,48.5834,-93.40609
MN,Inver Grove Heights,44.84197,-93.03475
MN,Iona,43.90263,-95.77177
MN,Iron,47.41145,-92.6195
MN,Ironton,46.46413,-94.04366
MN,Isabella,47.62672,-91.51733
MN,Isanti,45.46821,-93.22656
MN,Isle,46.1696,-93.47406
MN,Ivanhoe,44.50712,-96.22606
MN,Jackson,43.64573,-94.99383
MN,Jacobson,46.97719,-93.30636
MN,Janesville,44.11678,-93.70946
MN,Jasper,43.85683,-96.38504
MN,Jeffers,44.07368,-95.15466
MN,Jenkins,46.65098,-94.33249
MN,Jordan,44.67132,-93.61946
MN,Kabetogama,48.42183,-93.08955
MN,Kanaranzi,43.54979,-96.11131
MN,Kandiyohi,45.12316,-94.94727
MN,Karlstad,48.59159,-96.55112
MN,Kasota,44.28419,-93.94532
MN,Kasson,44.02403,-92.74642
MN,Keewatin,47.39972,-93.07222
MN,Kelliher,47.92717,-94.53817
MN,Kellogg,44.3054,-92.00839
MN,Kennedy,48.63369,-96.96141
MN,Kenneth,43.76374,-96.10886
MN,Kensington,45.81761,-95.69445
MN,Kent,46.43781,-96.68518
MN,Kenyon,44.25524,-93.01966
MN,Kerkhoven,45.20963,-95.31146
MN,Kerrick,46.37915,-92.578
MN,Kettle River,46.5029,-92.90475
MN,Kiester,43.54145,-93.71019
MN,Kilkenny,44.31853,-93.5164
MN,Kimball,45.34358,-94.30284
MN,Kinney,47.51417,-92.73056
MN,Knife River,46.94944,-91.77889
MN,La Crescent,43.83069,-91.32632
MN,La Salle,44.07083,-94.56944
MN,Lafayette,44.40731,-94.43646
MN,Lake Benton,44.27821,-96.29103
MN,Lake Bronson,48.77868,-96.64315
MN,Lake City,44.43049,-92.28378
MN,Lake Crystal,44.12019,-94.21838
MN,Lake Elmo,44.99461,-92.90565
MN,Lake George,47.21499,-95.00215
MN,Lake Hubert,46.50222,-94.25722
MN,Lake Lillian,44.96603,-94.90144
MN,Lake Park,46.81762,-96.06705
MN,Lake Wilson,44.00953,-95.97973
MN,Lakefield,43.65446,-95.18483
MN,Lakeland,44.93938,-92.77159
MN,Lakeville,44.67486,-93.2578
MN,Lamberton,44.23778,-95.27395
MN,Lancaster,48.88197,-96.81373
MN,Lanesboro,43.71745,-91.98772
MN,Lansing,43.74528,-92.97
MN,Laporte,47.23675,-94.77716
MN,Lastrup,46.03944,-94.06306
MN,Le Center,44.38535,-93.72143
MN,Le Roy,43.53153,-92.50646
MN,Le Sueur,44.45815,-93.88559
MN,Lengby,47.537,-95.62748
MN,Leonard,47.62891,-95.37077
MN,Leota,43.82263,-96.00539
MN,Lester Prairie,44.8739,-94.05509
MN,Lewiston,43.97019,-91.86616
MN,Lewisville,43.92092,-94.42885
MN,Lindstrom,45.38726,-92.84208
MN,Lismore,43.73386,-95.96818
MN,Litchfield,45.12627,-94.5268
MN,Little Falls,45.98108,-94.36043
MN,Littlefork,48.38523,-93.53993
MN,Loman,48.51641,-93.84067
MN,Long Lake,44.99123,-93.5818
MN,Long Prairie,45.96242,-94.89839
MN,Longville,47.02484,-94.19818
MN,Lonsdale,44.46289,-93.42359
MN,Loretto,45.1061,-93.66917
MN,Lowry,45.71047,-95.53221
MN,Lucan,44.41324,-95.41193
MN,Lutsen,47.68307,-90.63806
MN,Luverne,43.66137,-96.22156
MN,Lyle,43.53087,-92.93282
MN,Lynd,44.40322,-95.92328
MN,Mabel,43.54461,-91.78064
MN,Madelia,44.04995,-94.41099
MN,Madison,44.99462,-96.16451
MN,Madison Lake,44.22207,-93.82889
MN,Magnolia,43.63821,-96.10083
MN,Mahnomen,47.33615,-95.88561
MN,Makinen,47.3416,-92.34458
MN,Mankato,44.15381,-93.99604
MN,Mankato,44.17754,-94.03148
MN,Mantorville,44.07019,-92.75796
MN,Maple Lake,45.22024,-93.96379
MN,Maple Plain,45.0079,-93.6542
MN,Mapleton,43.93306,-93.95425
MN,Marble,47.32056,-93.29833
MN,Marcell,47.63453,-93.67843
MN,Margie,48.09528,-93.93972
MN,Marietta,44.96358,-96.40945
MN,Marine On Saint Croix,45.18312,-92.82295
MN,Marshall,44.44813,-95.77945
MN,Max,47.62892,-93.97203
MN,Mayer,44.90223,-93.88593
MN,Maynard,44.92262,-95.48451
MN,Mazeppa,44.26457,-92.52068
MN,Mc Grath,46.24412,-93.24162
MN,Mcgregor,46.68642,-93.29562
MN,Mcintosh,47.65216,-95.88625
MN,Meadowlands,47.10206,-92.78836
MN,Medford,44.17415,-93.24372
MN,Melrose,45.65818,-94.81977
MN,Melrude,47.24232,-92.42644
MN,Menahga,46.75723,-95.07143
MN,Mendota,44.8858,-93.16122
MN,Mentor,47.6576,-96.17782
MN,Merrifield,46.49431,-94.20427
MN,Middle River,48.44259,-96.12325
MN,Milaca,45.77948,-93.64527
MN,Milan,45.11432,-95.86904
MN,Millville,44.23586,-92.26719
MN,Milroy,44.43649,-95.55447
MN,Miltona,46.05452,-95.32577
MN,Minneapolis,44.98347,-93.26825
MN,Minneapolis,45.04958,-93.24609
MN,Minneota,44.55873,-95.97671
MN,Minnesota City,44.08322,-91.74181
MN,Minnesota Lake,43.82946,-93.8282
MN,Minnetonka,44.91381,-93.485
MN,Minnetonka Beach,44.93972,-93.57639
MN,Mizpah,47.94953,-94.14675
MN,Montevideo,44.96883,-95.67647
MN,Montgomery,44.43559,-93.58102
MN,Monticello,45.2797,-93.8097
MN,Monticello,45.29556,-93.80225
MN,Montrose,45.08974,-93.93176
MN,Moorhead,46.86775,-96.7572
MN,Moose Lake,46.44724,-92.74665
MN,Mora,45.89579,-93.29423
MN,Morgan,44.39255,-94.92178
MN,Morris,45.5921,-95.91723
MN,Morristown,44.23418,-93.45251
MN,Morton,44.56619,-95.02682
MN,Motley,46.32157,-94.62809
MN,Mound,44.93816,-93.65609
MN,Mountain Iron,47.51334,-92.62427
MN,Mountain Lake,43.939,-94.92731
MN,Murdock,45.21615,-95.4049
MN,Nashua,46.05373,-96.31601
MN,Nashwauk,47.42003,-93.21682
MN,Navarre,44.95667,-93.54
MN,Naytahwaush,47.26007,-95.62832
MN,Nelson,45.8516,-95.22603
MN,Nerstrand,44.35377,-93.0855
MN,Nett Lake,48.11111,-93.09389
MN,Nevis,46.93189,-94.84601
MN,New Auburn,44.67592,-94.20567
MN,New Germany,44.89943,-93.97013
MN,New London,45.29494,-94.94801
MN,New Market,44.57306,-93.35333
MN,New Munich,45.63028,-94.75333
MN,New Prague,44.54024,-93.58047
MN,New Richland,43.89372,-93.49954
MN,New Ulm,44.30438,-94.46442
MN,New York Mills,46.55587,-95.40472
MN,Newfolden,48.28945,-96.25502
MN,Newport,44.87252,-92.9986
MN,Nicollet,44.27237,-94.1867
MN,Nielsville,47.53734,-96.75743
MN,Nimrod,46.63889,-94.88056
MN,Nisswa,46.48483,-94.29656
MN,Norcross,45.88584,-96.13417
MN,North Branch,45.51648,-92.9371
MN,Northfield,44.45872,-93.16683
MN,Northome,47.84404,-94.20427
MN,Northrop,43.72116,-94.43495
MN,Norwood,44.768,-93.9272
MN,Norwood Young America,44.76679,-93.93007
MN,Noyes,48.96922,-97.14903
MN,Oak Island,49.31347,-94.84921
MN,Oak Park,45.6714,-93.92142
MN,Odessa,45.29977,-96.31015
MN,Odin,43.8824,-94.77402
MN,Ogema,47.10287,-95.91512
MN,Ogilvie,45.84763,-93.43592
MN,Okabena,43.72302,-95.33811
MN,Oklee,47.82861,-95.86169
MN,Olivia,44.77063,-94.97275
MN,Onamia,46.09022,-93.68668
MN,Ormsby,43.86164,-94.68725
MN,Oronoco,44.14886,-92.48496
MN,Orr,47.93388,-92.84556
MN,Ortonville,45.32962,-96.45965
MN,Osage,46.9329,-95.23528
MN,Osakis,45.87684,-95.13317
MN,Oslo,48.20657,-97.11625
MN,Osseo,45.0994,-93.4878
MN,Ostrander,43.59719,-92.41574
MN,Ottertail,46.41772,-95.54357
MN,Outing,46.83753,-93.94425
MN,Owatonna,44.08048,-93.21914
MN,Palisade,46.68949,-93.56274
MN,Park Rapids,46.93768,-95.0383
MN,Parkers Prairie,46.17692,-95.36076
MN,Paynesville,45.3988,-94.71571
MN,Pease,45.69787,-93.64925
MN,Pelican Rapids,46.59944,-96.06623
MN,Pemberton,43.95996,-93.81845
MN,Pengilly,47.31509,-93.19367
MN,Pennington,47.46512,-94.48336
MN,Pennock,45.13103,-95.17533
MN,Pequot Lakes,46.62569,-94.26843
MN,Perham,46.60311,-95.58176
MN,Perley,47.18308,-96.77772
MN,Peterson,43.77691,-91.84434
MN,Pierz,46.00806,-94.08531
MN,Pillager,46.3984,-94.39229
MN,Pine City,45.83227,-92.9826
MN,Pine Island,44.21101,-92.66135
MN,Pine River,46.6938,-94.44769
MN,Pipestone,44.00952,-96.32276
MN,Plainview,44.16373,-92.16213
MN,Plato,44.76573,-94.05058
MN,Plummer,47.91132,-95.96456
MN,Ponemah,48.03717,-94.91705
MN,Ponsford,47.01335,-95.31972
MN,Porter,44.65653,-96.15812
MN,Preston,43.66413,-92.09604
MN,Princeton,45.58512,-93.59614
MN,Prinsburg,44.93709,-95.18654
MN,Prior Lake,44.71069,-93.41006
MN,Puposky,47.7436,-94.98029
MN,Racine,43.78997,-92.53101
MN,Randall,46.07336,-94.50054
MN,Randolph,44.52739,-93.01962
MN,Ranier,48.61185,-93.31246
MN,Raymond,45.0181,-95.22079
MN,Reading,43.7136,-95.73895
MN,Reads Landing,44.40222,-92.07889
MN,Red Lake Falls,47.88229,-96.2681
MN,Red Wing,44.55278,-92.54856
MN,Redby,47.86889,-94.94041
MN,Redlake,47.86538,-95.06432
MN,Redwood Falls,44.53175,-95.10713
MN,Remer,47.08742,-93.91965
MN,Renville,44.77761,-95.19888
MN,Revere,44.27133,-95.39959
MN,Rice,45.73638,-94.16575
MN,Richmond,45.42382,-94.54607
MN,Richville,46.50081,-95.59289
MN,Richwood,46.93609,-95.85009
MN,Rochert,46.8559,-95.60044
MN,Rochester,44.04957,-92.48962
MN,Rock Creek,45.7624,-92.93083
MN,Rockford,45.0079,-93.6542
MN,Rockford,45.10307,-93.76583
MN,Rockville,45.47194,-94.34056
MN,Rogers,45.17148,-93.58145
MN,Rollingstone,44.1025,-91.81579
MN,Roosevelt,48.81481,-95.17939
MN,Roscoe,45.43389,-94.63944
MN,Rose Creek,43.62742,-92.86208
MN,Roseau,48.82681,-95.75671
MN,Rosemount,44.72892,-93.15884
MN,Rothsay,46.50941,-96.28873
MN,Round Lake,43.56204,-95.45015
MN,Royalton,45.85893,-94.22106
MN,Rush City,45.6845,-92.99788
MN,Rushford,43.82163,-91.75365
MN,Rushmore,43.62401,-95.77673
MN,Russell,44.32013,-95.94256
MN,Ruthton,44.16384,-96.07903
MN,Sabin,46.77026,-96.59852
MN,Sacred Heart,44.79754,-95.3538
MN,Saginaw,46.87946,-92.39172
MN,Saint Bonifacius,44.90556,-93.74722
MN,Saint Charles,43.95848,-92.05174
MN,Saint Clair,44.07778,-93.84493
MN,Saint Cloud,45.54097,-94.18186
MN,Saint Cloud,45.55211,-94.12845
MN,Saint Francis,45.39028,-93.35983
MN,Saint Hilaire,48.01087,-96.22491
MN,Saint James,43.98752,-94.62293
MN,Saint Joseph,45.56512,-94.33669
MN,Saint Louis Park,44.9023,-93.371
MN,Saint Martin,45.50194,-94.66861
MN,Saint Michael,45.20641,-93.65925
MN,Saint Paul,44.90155,-93.20258
MN,Saint Paul,44.90269,-93.09643
MN,Saint Paul,44.96996,-93.08317
MN,Saint Paul,45.06113,-92.95485
MN,Saint Paul Park,44.8344,-92.98733
MN,Saint Peter,44.33511,-93.98106
MN,Saint Stephen,45.71182,-94.28166
MN,Saint Vincent,48.94582,-97.17031
MN,Salol,48.85221,-95.53559
MN,Sanborn,44.21829,-95.13279
MN,Sandstone,46.12136,-92.871
MN,Santiago,45.53917,-93.81972
MN,Sargeant,43.80898,-92.75952
MN,Sartell,45.63183,-94.21357
MN,Sauk Centre,45.72808,-94.96817
MN,Sauk Rapids,45.60403,-94.15909
MN,Savage,44.76155,-93.34345
MN,Sawyer,46.7118,-92.60961
MN,Scandia,45.26967,-92.82916
MN,Schroeder,47.54219,-90.93381
MN,Seaforth,44.49054,-95.29777
MN,Searles,44.22861,-94.43444
MN,Sebeka,46.63061,-95.06806
MN,Shafer,45.35756,-92.76089
MN,Shakopee,44.7793,-93.51975
MN,Shelly,47.45537,-96.7838
MN,Sherburn,43.66109,-94.72688
MN,Shevlin,47.50036,-95.24502
MN,Side Lake,47.66528,-93.01556
MN,Silver Bay,47.29991,-91.27775
MN,Silver Creek,45.32647,-93.94962
MN,Silver Lake,44.91394,-94.19738
MN,Slayton,43.9856,-95.75545
MN,Sleepy Eye,44.28209,-94.72725
MN,Solway,47.54797,-95.12047
MN,Soudan,47.81583,-92.2375
MN,South Haven,45.34601,-94.16277
MN,South International Falls,48.58667,-93.39889
MN,South Saint Paul,44.88813,-93.04601
MN,Spicer,45.22411,-94.91157
MN,Spring Grove,43.56234,-91.63679
MN,Spring Lake,47.58881,-93.83822
MN,Spring Park,44.93557,-93.6341
MN,Spring Valley,43.68229,-92.36799
MN,Springfield,44.23291,-94.9792
MN,Squaw Lake,47.63616,-94.1475
MN,Stacy,45.39806,-92.98722
MN,Stanchfield,45.66751,-93.2433
MN,Staples,46.35355,-94.7633
MN,Starbuck,45.59259,-95.54212
MN,Steen,43.53173,-96.24387
MN,Stephen,48.45249,-96.86739
MN,Stewart,44.72593,-94.45157
MN,Stewartville,43.86735,-92.45465
MN,Stillwater,45.05001,-92.83003
MN,Stockton,44.0275,-91.76972
MN,Storden,44.05238,-95.30193
MN,Strandquist,48.45256,-96.47227
MN,Strathcona,48.62656,-96.1096
MN,Sturgeon Lake,46.38368,-92.81825
MN,Sunburg,45.35832,-95.20491
MN,Swan River,47.07394,-93.19644
MN,Swanville,45.94315,-94.62892
MN,Swatara,46.92987,-93.66848
MN,Swift,48.84757,-95.2975
MN,Taconite,47.31278,-93.38194
MN,Talmoon,47.58876,-93.77491
MN,Tamarack,46.61787,-93.1342
MN,Taopi,43.54578,-92.63345
MN,Taunton,44.59508,-96.05259
MN,Taylors Falls,45.41825,-92.69059
MN,Tenstrike,47.66115,-94.68243
MN,Thief River Falls,48.11039,-96.16702
MN,Tintah,45.9902,-96.38705
MN,Tofte,47.76079,-90.78314
MN,Tower,47.80893,-92.28778
MN,Tracy,44.2342,-95.6213
MN,Trail,47.74777,-95.76067
MN,Trimont,43.7827,-94.71863
MN,Trosky,43.88917,-96.25667
MN,Truman,43.82001,-94.43186
MN,Twig,46.89444,-92.36444
MN,Twin Lakes,43.55395,-93.38867
MN,Twin Valley,47.25091,-96.24638
MN,Two Harbors,47.03936,-91.67826
MN,Tyler,44.27734,-96.13023
MN,Ulen,47.09026,-96.28239
MN,Underwood,46.32652,-95.84155
MN,Upsala,45.80972,-94.57553
MN,Utica,43.95873,-91.94174
MN,Vergas,46.67065,-95.79481
MN,Vermillion,44.67361,-92.96694
MN,Verndale,46.42699,-94.85327
MN,Vernon Center,43.97056,-94.21421
MN,Vesta,44.50505,-95.4118
MN,Victoria,44.85822,-93.65609
MN,Viking,48.23488,-96.47493
MN,Villard,45.71182,-95.24144
MN,Vining,46.25614,-95.58826
MN,Virginia,47.52333,-92.53639
MN,Wabasha,44.37027,-92.03606
MN,Wabasso,44.40586,-95.2632
MN,Waconia,44.85103,-93.7784
MN,Wadena,46.44012,-95.12828
MN,Wahkon,46.11214,-93.49717
MN,Waite Park,45.54972,-94.22448
MN,Waldorf,43.93987,-93.70426
MN,Walker,47.08775,-94.58468
MN,Walnut Grove,44.22937,-95.49645
MN,Waltham,43.80696,-92.87345
MN,Wanamingo,44.31214,-92.81026
MN,Wanda,44.32295,-95.178
MN,Wannaska,48.64515,-95.7072
MN,Warba,47.13611,-93.27642
MN,Warren,48.20784,-96.7597
MN,Warroad,48.91114,-95.35384
MN,Warsaw,44.25044,-93.36418
MN,Waseca,44.0834,-93.51083
MN,Waskish,48.17697,-94.50371
MN,Watertown,44.95953,-93.84816
MN,Waterville,44.2238,-93.57506
MN,Watkins,45.30865,-94.42968
MN,Watson,45.01944,-95.7942
MN,Waubun,47.19201,-95.88712
MN,Waverly,45.04127,-93.95454
MN,Wayzata,44.95819,-93.52058
MN,Webster,44.50263,-93.33442
MN,Welch,44.60301,-92.72626
MN,Welcome,43.67052,-94.58859
MN,Wells,43.7434,-93.73207
MN,Wendell,46.05617,-96.11441
MN,West Concord,44.15195,-92.8825
MN,West Union,45.79845,-95.08328
MN,Westbrook,44.06538,-95.42321
MN,Wheaton,45.8111,-96.4866
MN,White Earth,47.09667,-95.84306
MN,Willernie,45.05417,-92.95639
MN,Williams,48.80222,-94.95559
MN,Willmar,45.13926,-95.05231
MN,Willow River,46.29488,-92.83093
MN,Wilmont,43.7692,-95.83242
MN,Wilton,47.53525,-94.98624
MN,Windom,43.87902,-95.15153
MN,Winger,47.53752,-95.99408
MN,Winnebago,43.77549,-94.16324
MN,Winona,44.03913,-91.65335
MN,Winsted,44.95846,-94.05517
MN,Winthrop,44.54357,-94.36985
MN,Winton,47.92889,-91.80139
MN,Wirt,47.71643,-93.98108
MN,Wolf Lake,46.83342,-95.36071
MN,Wolverton,46.55502,-96.61487
MN,Wood Lake,44.63791,-95.54091
MN,Woodstock,43.98734,-96.1192
MN,Worthington,43.62863,-95.60591
MN,Wrenshall,46.59211,-92.37177
MN,Wright,46.67532,-93.00286
MN,Wykoff,43.71464,-92.26792
MN,Wyoming,45.32434,-93.06857
MN,Young America,44.7827,-93.9133
MN,Young America,44.8148,-93.921
MN,Zimmerman,45.45532,-93.58786
MN,Zumbro Falls,44.24881,-92.40397
MN,Zumbrota,44.30318,-92.67186
MO,Adrian,38.41247,-94.36834
MO,Advance,37.09222,-89.91061
MO,Agency,39.66623,-94.71702
MO,Alba,37.23833,-94.41722
MO,Albany,40.25128,-94.32698
MO,Aldrich,37.50567,-93.55764
MO,Alexandria,40.34451,-91.51544
MO,Allendale,40.48556,-94.28833
MO,Allenton,38.50361,-90.67583
MO,Alma,39.10484,-93.54285
MO,Altamont,39.90502,-94.12816
MO,Altenburg,37.63063,-89.58145
MO,Alton,36.70254,-91.39274
MO,Amazonia,39.9092,-94.91134
MO,Amity,39.8837,-94.51356
MO,Amoret,38.26051,-94.57342
MO,Amsterdam,38.39538,-94.57628
MO,Anabel,39.73679,-92.35114
MO,Anderson,36.66922,-94.47665
MO,Annada,39.25576,-90.82236
MO,Annapolis,37.39809,-90.67024
MO,Anniston,36.82583,-89.32778
MO,Appleton City,38.18478,-94.0229
MO,Arbela,40.4863,-92.00474
MO,Arbyrd,36.0501,-90.22835
MO,Arcadia,37.57005,-90.59277
MO,Archie,38.49861,-94.36299
MO,Arcola,37.53125,-93.85872
MO,Argyle,38.29862,-92.01546
MO,Armstrong,39.25659,-92.70898
MO,Arnold,38.43048,-90.38705
MO,Arrow Rock,39.06972,-92.94639
MO,Asbury,37.29417,-94.56548
MO,Ash Grove,37.31597,-93.57813
MO,Ashburn,39.52904,-91.18765
MO,Ashland,38.78777,-92.25366
MO,Atlanta,39.91464,-92.47502
MO,Augusta,38.57277,-90.88147
MO,Aurora,36.94766,-93.71238
MO,Auxvasse,39.01218,-91.8858
MO,Ava,36.94072,-92.67654
MO,Avilla,37.19471,-94.11704
MO,Bakersfield,36.53323,-92.15068
MO,Ballwin,38.60413,-90.55213
MO,Baring,40.25086,-92.23107
MO,Barnard,40.18618,-94.80556
MO,Barnett,38.3967,-92.66859
MO,Barnhart,38.33843,-90.41417
MO,Bates City,39.02189,-94.07984
MO,Beaufort,38.42935,-91.17093
MO,Belgrade,37.78886,-90.86131
MO,Bell City,37.01161,-89.79842
MO,Belle,38.27111,-91.7303
MO,Belleview,37.68198,-90.79908
MO,Bellflower,39.0012,-91.34892
MO,Belton,38.81612,-94.53279
MO,Benton,37.06967,-89.5664
MO,Benton City,39.12089,-91.76612
MO,Berger,38.64445,-91.33741
MO,Bernie,36.6727,-89.98776
MO,Bertrand,36.89275,-89.44826
MO,Bethany,40.26006,-94.01886
MO,Bethel,39.8922,-92.03162
MO,Beulah,37.64447,-91.87871
MO,Bevier,39.74971,-92.56193
MO,Billings,37.06284,-93.54763
MO,Birch Tree,36.94759,-91.50082
MO,Bismarck,37.76987,-90.62073
MO,Bixby,37.67224,-91.08346
MO,Black,37.54727,-90.99174
MO,Blackburn,39.09878,-93.42812
MO,Blackwater,38.97266,-92.96829
MO,Blackwell,38.07169,-90.70954
MO,Blairstown,38.5227,-93.9641
MO,Bland,38.30738,-91.62633
MO,Blodgett,37.00417,-89.52694
MO,Bloomfield,36.89889,-89.94556
MO,Bloomsdale,38.04511,-90.28055
MO,Blue Eye,36.54321,-93.42994
MO,Blue Springs,39.01694,-94.28139
MO,Blythedale,40.50235,-93.89545
MO,Bogard,39.49935,-93.53739
MO,Bois D Arc,37.22142,-93.54472
MO,Bolckow,40.10067,-94.88474
MO,Bolivar,37.6085,-93.41263
MO,Bonne Terre,37.93142,-90.52505
MO,Bonnots Mill,38.55328,-91.92934
MO,Boonville,38.95364,-92.74497
MO,Boss,37.63728,-91.2109
MO,Bosworth,39.47669,-93.33352
MO,Bourbon,38.17204,-91.22254
MO,Bowling Green,39.33464,-91.19623
MO,Bradleyville,36.76591,-92.91512
MO,Bragg City,36.27324,-89.87362
MO,Braggadocio,36.17528,-89.82944
MO,Brandsville,36.58492,-91.73554
MO,Branson,36.64361,-93.21833
MO,Brashear,40.19589,-92.43325
MO,Braymer,39.59145,-93.78868
MO,Brazeau,37.66111,-89.65278
MO,Breckenridge,39.7582,-93.80679
MO,Briar,36.63911,-90.92777
MO,Bridgeton,38.75063,-90.4161
MO,Brighton,37.47281,-93.36028
MO,Brinktown,38.06728,-92.12311
MO,Brixey,36.75897,-92.40265
MO,Bronaugh,37.69,-94.48603
MO,Brookfield,39.78461,-93.07195
MO,Brookline,37.12718,-93.38347
MO,Broseley,36.70755,-90.24047
MO,Browning,40.02898,-93.16066
MO,Brownwood,37.08083,-89.95444
MO,Brumley,38.07091,-92.47473
MO,Bruner,36.999,-92.96924
MO,Brunswick,39.43742,-93.11869
MO,Bucklin,39.80056,-92.89281
MO,Buckner,39.13033,-94.20622
MO,Bucyrus,37.3972,-92.04654
MO,Buffalo,37.54984,-93.10423
MO,Bunceton,38.74675,-92.79269
MO,Bunker,37.47723,-91.19273
MO,Burfordville,37.36323,-89.82063
MO,Burlington Junction,40.44212,-95.05166
MO,Butler,38.27125,-94.31375
MO,Butterfield,36.74507,-93.91261
MO,Cabool,37.13137,-92.11441
MO,Cadet,38.01253,-90.74393
MO,Cainsville,40.45777,-93.75905
MO,Cairo,39.51141,-92.44003
MO,Caledonia,37.76388,-90.74094
MO,Calhoun,38.48584,-93.64593
MO,California,38.62237,-92.54556
MO,Callao,39.74485,-92.63514
MO,Camden,39.20481,-94.02591
MO,Camden Point,39.45155,-94.74444
MO,Camdenton,38.01853,-92.76774
MO,Cameron,39.73089,-94.24372
MO,Campbell,36.51971,-90.08286
MO,Canalou,36.755,-89.68694
MO,Canton,40.1437,-91.54799
MO,Cape Fair,36.69378,-93.52425
MO,Cape Girardeau,37.31685,-89.54586
MO,Caplinger Mills,37.79417,-93.80417
MO,Cardwell,36.04345,-90.2907
MO,Carl Junction,37.17948,-94.55502
MO,Carrollton,39.36733,-93.49263
MO,Carterville,37.15073,-94.43594
MO,Carthage,37.15969,-94.31123
MO,Caruthersville,36.18024,-89.66831
MO,Cascade,37.29944,-90.26917
MO,Cassville,36.67839,-93.84667
MO,Catawissa,38.43616,-90.7617
MO,Catron,36.68758,-89.77065
MO,Caulfield,36.60353,-92.06777
MO,Cedar Hill,38.35732,-90.64978
MO,Cedarcreek,36.57101,-93.01724
MO,Center,39.5154,-91.53984
MO,Centertown,38.62971,-92.39952
MO,Centerview,38.78971,-93.87023
MO,Centerville,37.42854,-90.97566
MO,Centralia,39.19609,-92.14724
MO,Chadwick,36.92204,-93.04508
MO,Chaffee,37.17261,-89.64565
MO,Chamois,38.65268,-91.76968
MO,Charleston,36.92134,-89.33421
MO,Cherryville,37.8066,-91.23481
MO,Chesterfield,38.63183,-90.61419
MO,Chestnutridge,36.83528,-93.10122
MO,Chilhowee,38.6126,-93.86532
MO,Chillicothe,39.79657,-93.55089
MO,Chula,39.92261,-93.48409
MO,Clarence,39.73665,-92.25297
MO,Clark,39.31529,-92.38271
MO,Clarksburg,38.64316,-92.67293
MO,Clarksdale,39.81368,-94.54212
MO,Clarksville,39.34648,-90.93621
MO,Clarkton,36.44781,-89.97285
MO,Clearmont,40.51749,-95.00548
MO,Cleveland,38.68977,-94.5695
MO,Clever,37.0348,-93.44747
MO,Clifton Hill,39.42598,-92.66768
MO,Climax Springs,38.13959,-92.95371
MO,Clinton,38.36881,-93.75891
MO,Clubb,37.2302,-90.35964
MO,Clyde,40.26447,-94.65456
MO,Coatsville,40.56647,-92.6388
MO,Coffey,40.09993,-94.02515
MO,Cole Camp,38.45312,-93.19153
MO,Collins,37.881,-93.66085
MO,Columbia,38.93818,-92.30487
MO,Commerce,37.15889,-89.44278
MO,Conception,40.23093,-94.6843
MO,Conception Junction,40.26602,-94.6968
MO,Concordia,38.97755,-93.5812
MO,Conway,37.50847,-92.7891
MO,Cook,37.85523,-91.46163
MO,Cooter,36.04667,-89.81
MO,Corder,39.1024,-93.63913
MO,Cosby,39.85553,-94.69768
MO,Cottleville,38.74611,-90.65389
MO,Couch,36.56527,-91.33099
MO,Cowgill,39.56431,-93.92947
MO,Craig,40.19387,-95.37705
MO,Crane,36.92577,-93.53034
MO,Creighton,38.50775,-94.0926
MO,Crocker,37.94461,-92.27
MO,Cross Timbers,38.02387,-93.19781
MO,Crystal City,38.23002,-90.38253
MO,Cuba,38.09255,-91.40814
MO,Curryville,39.3257,-91.3493
MO,Dadeville,37.51046,-93.69556
MO,Daisy,37.51506,-89.82133
MO,Dalton,39.40346,-92.99437
MO,Darlington,40.19552,-94.4049
MO,Davisville,37.7926,-91.13287
MO,Dawn,39.66651,-93.59641
MO,De Kalb,39.58336,-94.92703
MO,De Soto,38.12042,-90.55462
MO,De Witt,39.35898,-93.30158
MO,Dearborn,39.51725,-94.76637
MO,Deepwater,38.24316,-93.73028
MO,Deerfield,37.82109,-94.48485
MO,Deering,36.19083,-89.88278
MO,Defiance,38.66156,-90.83023
MO,Delta,37.18442,-89.76086
MO,Denver,40.41807,-94.30662
MO,Des Arc,37.29546,-90.62787
MO,Devils Elbow,37.85026,-92.08569
MO,Dexter,36.78846,-89.96393
MO,Diamond,37.00599,-94.32041
MO,Diggins,37.1725,-92.85417
MO,Dittmer,38.31547,-90.6911
MO,Dixon,37.98477,-92.08966
MO,Doe Run,37.73482,-90.49684
MO,Doniphan,36.62109,-90.81953
MO,Dora,36.75601,-92.2378
MO,Dover,39.19262,-93.66838
MO,Downing,40.47983,-92.39176
MO,Drexel,38.49562,-94.59276
MO,Drury,36.93193,-92.3664
MO,Dudley,36.81098,-90.12097
MO,Duenweg,37.08361,-94.41333
MO,Duke,37.655,-91.99306
MO,Dunnegan,37.70314,-93.5216
MO,Durham,39.96249,-91.67042
MO,Dutchtown,37.25278,-89.65972
MO,Dutzow,38.60556,-90.99444
MO,Eagle Rock,36.54803,-93.73361
MO,Eagleville,40.4912,-93.99506
MO,Earth City,38.7561,-90.45806
MO,East Lynne,38.66833,-94.22917
MO,East Prairie,36.77761,-89.37263
MO,Easton,39.75171,-94.65819
MO,Edgar Springs,37.73651,-91.89058
MO,Edgerton,39.47421,-94.63522
MO,Edina,40.17945,-92.14555
MO,Edwards,38.19056,-93.1471
MO,El Dorado Springs,37.85852,-94.03009
MO,Eldon,38.34013,-92.57362
MO,Eldridge,37.83456,-92.7382
MO,Elk Creek,37.21709,-91.99881
MO,Elkland,37.43359,-93.02098
MO,Ellington,37.2398,-90.95885
MO,Ellsinore,36.94526,-90.74853
MO,Elmer,39.94146,-92.64241
MO,Elmo,40.51849,-95.12356
MO,Elsberry,39.15895,-90.81596
MO,Emden,39.85013,-91.88093
MO,Eminence,37.16256,-91.45193
MO,Emma,38.97778,-93.49389
MO,Eolia,39.2431,-91.00932
MO,Essex,36.81086,-89.83665
MO,Ethel,39.91461,-92.7664
MO,Eudora,37.4825,-93.5375
MO,Eugene,38.35985,-92.36885
MO,Eunice,37.21228,-91.72319
MO,Eureka,38.48483,-90.62628
MO,Everton,37.23543,-93.68943
MO,Ewing,39.99624,-91.72163
MO,Excello,39.64554,-92.47571
MO,Excelsior Springs,39.33491,-94.22361
MO,Exeter,36.6815,-93.97021
MO,Fagus,36.51139,-90.26694
MO,Fair Grove,37.37214,-93.14282
MO,Fair Play,37.6335,-93.60635
MO,Fairdealing,36.6704,-90.63352
MO,Fairfax,40.33019,-95.37507
MO,Fairport,39.98778,-94.34583
MO,Fairview,36.82542,-94.0912
MO,Falcon,37.6061,-92.34656
MO,Farber,39.27424,-91.57984
MO,Farley,39.28222,-94.83111
MO,Farmington,37.7773,-90.40938
MO,Farrar,37.70222,-89.68861
MO,Faucett,39.58912,-94.79128
MO,Fayette,39.14304,-92.65829
MO,Fenton,38.50149,-90.4683
MO,Festus,38.18789,-90.42859
MO,Fillmore,40.01421,-94.9555
MO,Fisk,36.78363,-90.21676
MO,Flemington,37.78027,-93.44713
MO,Fletcher,38.18014,-90.73446
MO,Flinthill,38.855,-90.86111
MO,Florence,38.61006,-92.99861
MO,Florissant,38.80687,-90.3401
MO,Foley,39.05302,-90.77747
MO,Fordland,37.14474,-92.91115
MO,Forest City,39.98971,-95.19159
MO,Foristell,38.76256,-90.93433
MO,Forsyth,36.69548,-93.11497
MO,Fort Leonard Wood,37.75986,-92.12635
MO,Fortuna,38.57439,-92.78495
MO,Foster,38.17338,-94.53707
MO,Frankford,39.48925,-91.30309
MO,Franklin,39.06682,-92.8316
MO,Fredericktown,37.54372,-90.31053
MO,Freeburg,38.35509,-91.9276
MO,Freeman,38.62455,-94.49556
MO,Freistatt,37.01756,-93.89614
MO,Fremont,36.91716,-91.14398
MO,French Village,37.9961,-90.40051
MO,Friedheim,37.5669,-89.83755
MO,Frohna,37.66855,-89.6619
MO,Fulton,38.85182,-91.96055
MO,Gainesville,36.5901,-92.41615
MO,Galena,36.81983,-93.48113
MO,Gallatin,39.90249,-93.97875
MO,Galt,40.14398,-93.39526
MO,Garden City,38.56808,-94.18253
MO,Garrison,36.861,-92.9985
MO,Gasconade,38.66944,-91.56
MO,Gatewood,36.56261,-91.07033
MO,Gentry,40.34111,-94.4142
MO,Gerald,38.35072,-91.29306
MO,Gibbs,40.08396,-92.44349
MO,Gibson,36.44111,-90.03083
MO,Gideon,36.45378,-89.91355
MO,Gilliam,39.24471,-92.99322
MO,Gilman City,40.145,-93.83198
MO,Gipsy,37.13109,-90.19408
MO,Glasgow,39.22574,-92.83181
MO,Glenallen,37.32312,-90.0515
MO,Glencoe,38.5745,-90.64397
MO,Glenwood,40.51494,-92.58864
MO,Gobler,36.15899,-89.93491
MO,Golden,36.56249,-93.62299
MO,Golden City,37.39954,-94.10268
MO,Goodman,36.73233,-94.39855
MO,Gordonville,37.31111,-89.67917
MO,Gorin,40.36222,-92.01397
MO,Gower,39.60201,-94.59653
MO,Graff,37.32621,-92.26473
MO,Graham,40.2012,-95.01212
MO,Grain Valley,39.02736,-94.20874
MO,Granby,36.90656,-94.26435
MO,Grandin,36.82796,-90.79417
MO,Grandview,38.88194,-94.52054
MO,Granger,40.4625,-92.01667
MO,Grant City,40.49236,-94.39791
MO,Gravois Mills,38.25845,-92.82303
MO,Gray Summit,38.50304,-90.82918
MO,Grayridge,36.82417,-89.78083
MO,Green Castle,40.27032,-92.87797
MO,Green City,40.26013,-92.95324
MO,Green Ridge,38.61898,-93.43739
MO,Greenfield,37.41966,-93.84069
MO,Greentop,40.34459,-92.55667
MO,Greenville,37.11084,-90.45136
MO,Greenwood,38.84281,-94.33477
MO,Grover,38.57332,-90.64611
MO,Grovespring,37.49467,-92.60014
MO,Grubville,38.28833,-90.75472
MO,Guilford,40.17461,-94.69508
MO,Hale,39.5953,-93.34448
MO,Half Way,37.6018,-93.24199
MO,Hallsville,39.10543,-92.22386
MO,Halltown,37.19333,-93.62528
MO,Hamilton,39.73641,-93.9909
MO,Hannibal,39.70636,-91.38387
MO,Hardenville,36.59262,-92.36777
MO,Hardin,39.35043,-93.84087
MO,Harris,40.30752,-93.35011
MO,Harrisburg,39.12031,-92.44096
MO,Harrisonville,38.64193,-94.32852
MO,Hartsburg,38.7159,-92.28638
MO,Hartshorn,37.28431,-91.68342
MO,Hartville,37.27345,-92.51806
MO,Harviell,36.67232,-90.5583
MO,Harwood,37.95303,-94.14019
MO,Hatfield,40.52185,-94.16906
MO,Hawk Point,38.97658,-91.12107
MO,Hayti,36.23947,-89.75161
MO,Hazelwood,38.78088,-90.36692
MO,Helena,39.92512,-94.69212
MO,Hematite,38.20194,-90.48083
MO,Henley,38.38813,-92.3123
MO,Henrietta,39.23673,-93.93687
MO,Herculaneum,38.26009,-90.3871
MO,Hermann,38.66838,-91.46772
MO,Hermitage,37.89685,-93.2979
MO,Higbee,39.30552,-92.51631
MO,Higginsville,39.0705,-93.71327
MO,High Hill,38.89024,-91.37147
MO,High Point,38.47824,-92.60051
MO,High Ridge,38.47278,-90.52813
MO,Highlandville,36.94077,-93.26802
MO,Hillsboro,38.25858,-90.5782
MO,Holcomb,36.38846,-90.0208
MO,Holden,38.7186,-93.98557
MO,Holland,36.05583,-89.87083
MO,Holliday,39.49044,-92.13176
MO,Hollister,36.61073,-93.22858
MO,Holt,39.42887,-94.36888
MO,Holts Summit,38.63278,-92.11634
MO,Hopkins,40.54833,-94.81895
MO,Hornersville,36.06269,-90.08164
MO,House Springs,38.41307,-90.55754
MO,Houston,37.32183,-91.95298
MO,Houstonia,38.91058,-93.33253
MO,Huggins,37.26622,-92.14861
MO,Hughesville,38.84944,-93.2159
MO,Humansville,37.79228,-93.57953
MO,Hume,38.05964,-94.561
MO,Humphreys,40.11445,-93.30146
MO,Hunnewell,39.70183,-91.88323
MO,Huntsville,39.43537,-92.55299
MO,Hurdland,40.16091,-92.27907
MO,Hurley,36.92542,-93.4768
MO,Iberia,38.12193,-92.2989
MO,Imperial,38.39273,-90.43113
MO,Independence,39.09829,-94.41107
MO,Ionia,38.50189,-93.32236
MO,Irondale,37.82962,-90.69839
MO,Ironton,37.6147,-90.63563
MO,Isabella,36.57492,-92.60528
MO,Jackson,37.38788,-89.65194
MO,Jacksonville,39.57908,-92.43154
MO,Jadwin,37.47362,-91.51589
MO,Jameson,40.00462,-93.95975
MO,Jamesport,39.98372,-93.78005
MO,Jamestown,38.77929,-92.48065
MO,Jasper,37.31822,-94.27313
MO,Jefferson City,38.54621,-92.15246
MO,Jerico Springs,37.66134,-94.01291
MO,Jerome,37.92543,-91.99057
MO,Jonesburg,38.87166,-91.30193
MO,Joplin,37.09686,-94.50514
MO,Kahoka,40.42658,-91.72503
MO,Kaiser,38.16367,-92.57987
MO,Kansas City,39.10005,-94.60185
MO,Kansas City,39.16319,-94.56988
MO,Kansas City,39.21388,-94.63318
MO,Kearney,39.36518,-94.3621
MO,Kelso,37.19056,-89.54944
MO,Kennett,36.24066,-90.04906
MO,Kewanee,36.67111,-89.57389
MO,Keytesville,39.47939,-92.93019
MO,Kidder,39.75704,-94.13
MO,Kimberling City,36.63928,-93.43721
MO,Kimmswick,38.36528,-90.36278
MO,King City,40.06518,-94.52341
MO,Kingdom City,38.95508,-91.95201
MO,Kingston,39.6508,-94.08269
MO,Kingsville,38.81775,-94.04619
MO,Kirbyville,36.64261,-93.16826
MO,Kirksville,40.19076,-92.58563
MO,Kissee Mills,36.67045,-93.03773
MO,Knob Lick,37.67528,-90.36722
MO,Knob Noster,38.74693,-93.55642
MO,Knox City,40.13836,-92.0077
MO,Koeltztown,38.32353,-92.04837
MO,Koshkonong,36.60555,-91.63041
MO,La Belle,40.11638,-91.91712
MO,La Grange,40.03913,-91.51825
MO,La Monte,38.77526,-93.43127
MO,La Plata,40.02083,-92.50767
MO,La Russell,37.17387,-94.03287
MO,Labadie,38.52003,-90.87697
MO,Laclede,39.7837,-93.16797
MO,Laddonia,39.25933,-91.68935
MO,Lake Ozark,38.20913,-92.67755
MO,Lake Saint Louis,38.79355,-90.78541
MO,Lake Spring,37.7825,-91.67861
MO,Lamar,37.50022,-94.27025
MO,Lampe,36.57673,-93.4516
MO,Lanagan,36.60596,-94.4551
MO,Lancaster,40.52526,-92.5264
MO,Laquey,37.74938,-92.3379
MO,Laredo,40.0144,-93.44068
MO,Latham,38.55004,-92.65365
MO,Lathrop,39.51773,-94.30927
MO,Laurie,38.19917,-92.83333
MO,Lawson,39.44013,-94.19659
MO,Leadwood,37.86408,-90.59101
MO,Leasburg,38.08105,-91.2488
MO,Lebanon,37.68505,-92.65503
MO,Lees Summit,38.92109,-94.34874
MO,Leeton,38.61411,-93.71232
MO,Lenox,37.64076,-91.72773
MO,Lentner,39.71227,-92.14892
MO,Leonard,39.90758,-92.19468
MO,Leopold,37.2609,-89.92274
MO,Leslie,38.45823,-91.19516
MO,Lesterville,37.482,-90.84254
MO,Levasy,39.13556,-94.13278
MO,Lewistown,40.08667,-91.81566
MO,Lexington,39.17425,-93.87144
MO,Liberal,37.57245,-94.52038
MO,Liberty,39.24192,-94.43366
MO,Licking,37.50908,-91.85559
MO,Liguori,38.33194,-90.4325
MO,Lilbourn,36.58531,-89.61124
MO,Lincoln,38.40727,-93.3668
MO,Linn,38.47386,-91.81945
MO,Linn Creek,38.06052,-92.68308
MO,Linneus,39.90995,-93.18853
MO,Livonia,40.51124,-92.72408
MO,Lock Springs,39.9074,-93.7977
MO,Lockwood,37.38661,-93.86715
MO,Lodi,37.24205,-90.46322
MO,Lohman,38.54843,-92.38422
MO,Lone Jack,38.89184,-94.16145
MO,Lonedell,38.27498,-90.82222
MO,Long Lane,37.58077,-92.93085
MO,Loose Creek,38.47172,-91.95913
MO,Louisburg,37.68284,-93.1007
MO,Louisiana,39.43359,-91.06638
MO,Lowndes,37.13432,-90.25444
MO,Lowry City,38.14044,-93.71135
MO,Lucerne,40.43818,-93.28665
MO,Ludlow,39.65506,-93.70458
MO,Luebbering,38.2615,-90.80271
MO,Luray,40.4931,-91.89123
MO,Lynchburg,37.50536,-92.3202
MO,Macks Creek,37.96156,-92.96035
MO,Macomb,37.10495,-92.48207
MO,Macon,39.74809,-92.46216
MO,Madison,39.46154,-92.22871
MO,Maitland,40.19911,-95.09271
MO,Malden,36.56721,-89.97368
MO,Malta Bend,39.19511,-93.38133
MO,Mansfield,37.1273,-92.59355
MO,Mapaville,38.24889,-90.48333
MO,Marble Hill,37.31346,-89.96273
MO,Marceline,39.71249,-92.9455
MO,Marionville,37.00091,-93.64135
MO,Marquand,37.4274,-90.17409
MO,Marshall,39.10983,-93.19602
MO,Marshfield,37.33118,-92.92503
MO,Marston,36.50845,-89.62882
MO,Marthasville,38.64862,-91.05546
MO,Martinsburg,39.09675,-91.66463
MO,Martinsville,40.36621,-94.16446
MO,Maryland Heights,38.7229,-90.4474
MO,Maryville,40.3434,-94.87348
MO,Matthews,36.80753,-89.57683
MO,Maysville,39.91119,-94.35482
MO,Mayview,39.0459,-93.83531
MO,Maywood,39.93329,-91.61477
MO,Mc Bride,37.72417,-89.86111
MO,Mc Clurg,36.75147,-92.81802
MO,Mc Fall,40.10507,-94.30026
MO,Mc Gee,37.04414,-90.19085
MO,Mc Girk,38.6275,-92.56722
MO,Meadville,39.77947,-93.30139
MO,Memphis,40.46191,-92.18508
MO,Mendon,39.58285,-93.08917
MO,Mercer,40.51692,-93.5242
MO,Meta,38.25004,-92.1358
MO,Metz,37.9975,-94.44306
MO,Mexico,39.17123,-91.88947
MO,Miami,39.28209,-93.19678
MO,Middle Brook,37.67016,-90.6735
MO,Middletown,39.10549,-91.38731
MO,Milan,40.18444,-93.13615
MO,Milford,37.58472,-94.15694
MO,Mill Spring,37.06748,-90.67463
MO,Miller,37.22245,-93.84219
MO,Millersville,37.44014,-89.79503
MO,Milo,37.74456,-94.30463
MO,Mindenmines,37.45199,-94.57557
MO,Mineral Point,37.91555,-90.71932
MO,Missouri City,39.24083,-94.28778
MO,Moberly,39.42024,-92.43579
MO,Mokane,38.69984,-91.88681
MO,Monett,36.92124,-93.92577
MO,Monroe City,39.65459,-91.723
MO,Montgomery City,38.98395,-91.50849
MO,Monticello,40.10402,-91.71227
MO,Montier,36.98694,-91.57528
MO,Montreal,37.98511,-92.54703
MO,Montrose,38.2597,-93.99524
MO,Moody,36.53302,-91.98976
MO,Mooresville,39.74249,-93.71693
MO,Mora,38.52073,-93.22723
MO,Morehouse,36.81904,-89.68519
MO,Morley,37.04361,-89.61028
MO,Morrison,38.60597,-91.65797
MO,Morrisville,37.46859,-93.42749
MO,Morse Mill,38.27667,-90.65306
MO,Mosby,39.31556,-94.29361
MO,Moscow Mills,38.92293,-90.963
MO,Mound City,40.13624,-95.21384
MO,Moundville,37.74764,-94.44965
MO,Mount Sterling,38.53879,-91.61031
MO,Mount Vernon,37.10447,-93.79763
MO,Mountain Grove,37.16264,-92.28389
MO,Mountain View,36.9892,-91.70994
MO,Myrtle,36.5217,-91.27058
MO,Napoleon,39.11403,-94.07091
MO,Naylor,36.58434,-90.61235
MO,Neck City,37.25694,-94.44417
MO,Neelyville,36.571,-90.49949
MO,Nelson,39.01045,-93.0311
MO,Neosho,36.87063,-94.38622
MO,Nevada,37.84085,-94.35713
MO,New Bloomfield,38.71,-92.08298
MO,New Boston,39.93323,-92.91597
MO,New Cambria,39.75509,-92.76947
MO,New Florence,38.90231,-91.49086
MO,New Franklin,39.02004,-92.7386
MO,New Hampton,40.24444,-94.17857
MO,New Haven,38.57399,-91.22905
MO,New London,39.59167,-91.39599
MO,New Madrid,36.60728,-89.53664
MO,New Melle,38.70972,-90.87944
MO,Newark,39.99743,-91.99236
MO,Newburg,37.90078,-91.88068
MO,Newtonia,36.87667,-94.18528
MO,Newtown,40.36123,-93.30728
MO,Niangua,37.39854,-92.77634
MO,Nixa,37.05115,-93.29718
MO,Noble,36.74405,-92.57686
MO,Noel,36.54167,-94.49063
MO,Norborne,39.3299,-93.67609
MO,Norwood,37.0687,-92.40821
MO,Novelty,40.036,-92.24378
MO,Novinger,40.26851,-92.71724
MO,O Fallon,38.8001,-90.72016
MO,Oak Grove,38.99846,-94.13995
MO,Oak Ridge,37.52579,-89.75082
MO,Odessa,38.98294,-93.97573
MO,Old Appleton,37.58301,-89.70709
MO,Old Monroe,38.93458,-90.7782
MO,Oldfield,36.97042,-93.03253
MO,Olean,38.40006,-92.53031
MO,Olney,39.08751,-91.21131
MO,Oran,37.08698,-89.67336
MO,Oregon,39.98091,-95.12336
MO,Oronogo,37.24329,-94.44625
MO,Orrick,39.21158,-94.12386
MO,Osage Beach,38.13805,-92.66643
MO,Osborn,39.76844,-94.24768
MO,Osceola,38.02855,-93.75362
MO,Otterville,38.71607,-93.01082
MO,Owensville,38.35112,-91.48668
MO,Oxly,36.58738,-90.69197
MO,Ozark,37.01693,-93.20221
MO,Pacific,38.49217,-90.74797
MO,Palmyra,39.79131,-91.53682
MO,Paris,39.49322,-92.01132
MO,Park Hills,37.85555,-90.52735
MO,Parma,36.58563,-89.81897
MO,Parnell,40.47229,-94.65952
MO,Patterson,37.19599,-90.57717
MO,Patton,37.47335,-90.05004
MO,Pattonsburg,40.04276,-94.13429
MO,Peace Valley,36.83797,-91.7696
MO,Peculiar,38.71645,-94.44053
MO,Perkins,37.09472,-89.77528
MO,Perry,39.42072,-91.66412
MO,Perryville,37.71744,-89.87366
MO,Pevely,38.27991,-90.41107
MO,Philadelphia,39.83593,-91.7538
MO,Phillipsburg,37.58318,-92.74163
MO,Pickering,40.45907,-94.84112
MO,Piedmont,37.15727,-90.69902
MO,Pierce City,36.97299,-94.00241
MO,Pilot Grove,38.87117,-92.93046
MO,Pilot Knob,37.62111,-90.64028
MO,Pineville,36.58024,-94.35146
MO,Pittsburg,37.8442,-93.33562
MO,Plato,37.51223,-92.17091
MO,Platte City,39.36017,-94.78897
MO,Plattsburg,39.57047,-94.43381
MO,Pleasant Hill,38.78586,-94.24396
MO,Pleasant Hope,37.4615,-93.26173
MO,Plevna,39.99256,-92.11172
MO,Pocahontas,37.50111,-89.63889
MO,Point Lookout,36.61722,-93.23917
MO,Polk,37.75293,-93.29407
MO,Pollock,40.33852,-93.11151
MO,Polo,39.5647,-94.0743
MO,Pomona,36.84409,-91.91367
MO,Ponce De Leon,36.89054,-93.36705
MO,Pontiac,36.5248,-92.56122
MO,Poplar Bluff,36.76624,-90.41665
MO,Portage Des Sioux,38.92763,-90.35312
MO,Portageville,36.42795,-89.70023
MO,Portland,38.7847,-91.70057
MO,Potosi,37.95494,-90.84147
MO,Pottersville,36.70682,-92.04404
MO,Powell,36.55625,-94.16754
MO,Powersite,36.63066,-93.09001
MO,Powersville,40.52716,-93.28444
MO,Prairie Home,38.82533,-92.59738
MO,Preston,37.93903,-93.1713
MO,Princeton,40.38553,-93.57739
MO,Protem,36.54634,-92.82969
MO,Purcell,37.24222,-94.435
MO,Purdin,39.95295,-93.17002
MO,Purdy,36.80692,-93.91638
MO,Puxico,36.94216,-90.16226
MO,Queen City,40.41517,-92.56626
MO,Quincy,38.00292,-93.47128
MO,Qulin,36.58177,-90.26167
MO,Racine,36.89611,-94.52722
MO,Ravenwood,40.3579,-94.68051
MO,Raymondville,37.35691,-91.81309
MO,Raymore,38.8019,-94.45289
MO,Rayville,39.38529,-94.02841
MO,Rea,40.05926,-94.70018
MO,Redford,37.32352,-90.92199
MO,Reeds,37.12248,-94.16127
MO,Reeds Spring,36.69466,-93.37218
MO,Renick,39.34278,-92.41361
MO,Republic,37.12302,-93.48004
MO,Revere,40.495,-91.6775
MO,Reynolds,37.40083,-91.07333
MO,Rhineland,38.76381,-91.51511
MO,Rich Hill,38.09438,-94.36345
MO,Richards,37.90611,-94.55923
MO,Richland,37.85275,-92.39624
MO,Richmond,39.2793,-93.97916
MO,Richwoods,38.14964,-90.83099
MO,Ridgedale,36.52466,-93.27781
MO,Ridgeway,40.3999,-93.95753
MO,Risco,36.55333,-89.81778
MO,Riverside,39.17793,-94.61667
MO,Rives,36.09361,-90.01333
MO,Roach,38.00883,-92.80746
MO,Robertsville,38.3816,-90.80162
MO,Roby,37.49699,-92.12219
MO,Rocheport,38.97558,-92.50785
MO,Rock Port,40.43058,-95.5274
MO,Rockaway Beach,36.71369,-93.17154
MO,Rockbridge,36.78944,-92.40889
MO,Rockville,38.07658,-94.1299
MO,Rocky Comfort,36.71755,-94.10907
MO,Rocky Mount,38.29106,-92.70592
MO,Rogersville,37.13105,-93.09645
MO,Rolla,37.94853,-91.76035
MO,Rombauer,36.84306,-90.28
MO,Roscoe,37.97278,-93.81194
MO,Rosebud,38.3853,-91.39741
MO,Rosendale,40.03985,-94.83281
MO,Rothville,39.66267,-93.04668
MO,Rueter,36.63141,-92.91879
MO,Rush Hill,39.19316,-91.68882
MO,Rushville,39.56527,-95.04126
MO,Russellville,38.50053,-92.42912
MO,Rutledge,40.32898,-92.09756
MO,Saginaw,37.02389,-94.46806
MO,Saint Albans,38.57917,-90.775
MO,Saint Ann,38.72593,-90.38642
MO,Saint Charles,38.80142,-90.5065
MO,Saint Clair,38.32993,-90.97135
MO,Saint Elizabeth,38.27124,-92.2635
MO,Saint James,38.00562,-91.60756
MO,Saint Joseph,39.76875,-94.83849
MO,Saint Louis,38.63462,-90.19131
MO,Saint Louis,38.64257,-90.32419
MO,Saint Mary,37.91403,-89.92927
MO,Saint Patrick,40.31985,-91.65468
MO,Saint Peters,38.78024,-90.62277
MO,Saint Robert,37.82806,-92.1775
MO,Saint Thomas,38.39125,-92.18938
MO,Sainte Genevieve,37.95036,-90.09604
MO,Salem,37.61695,-91.52581
MO,Salisbury,39.43185,-92.80144
MO,Santa Fe,39.39893,-91.82938
MO,Sarcoxie,37.07238,-94.11514
MO,Savannah,39.91677,-94.82673
MO,Saverton,39.64639,-91.26806
MO,Schell City,38.0094,-94.15791
MO,Scott City,37.20771,-89.51808
MO,Sedalia,38.69608,-93.23227
MO,Sedgewickville,37.53696,-89.92725
MO,Seligman,36.52759,-93.93585
MO,Senath,36.13243,-90.16322
MO,Seneca,36.84417,-94.55937
MO,Seymour,37.16673,-92.78566
MO,Shelbina,39.69472,-92.03706
MO,Shelbyville,39.81079,-92.04978
MO,Sheldon,37.68397,-94.25483
MO,Shell Knob,36.61667,-93.62485
MO,Sheridan,40.49282,-94.57015
MO,Shook,37.07698,-90.30059
MO,Sibley,39.16266,-94.19902
MO,Sikeston,36.89111,-89.58197
MO,Silex,39.11662,-91.03699
MO,Silva,37.21189,-90.43747
MO,Skidmore,40.28961,-95.07924
MO,Slater,39.21627,-93.05467
MO,Smithton,38.64997,-93.10807
MO,Smithville,39.39174,-94.55924
MO,Solo,37.16705,-91.95991
MO,South Fork,36.62931,-91.91248
MO,South Greenfield,37.37426,-93.84448
MO,South West City,36.53192,-94.59614
MO,Sparta,36.97752,-93.10648
MO,Spickard,40.23998,-93.55029
MO,Spokane,36.86364,-93.27545
MO,Springfield,37.2152,-93.295
MO,Squires,36.85041,-92.58444
MO,Stanberry,40.22928,-94.53869
MO,Stanton,38.27444,-91.10556
MO,Stark City,36.87854,-94.15481
MO,Steedman,38.7566,-91.78884
MO,Steele,36.09153,-89.83459
MO,Steelville,37.963,-91.32934
MO,Stella,36.75155,-94.20858
MO,Stet,39.42306,-93.75861
MO,Stewartsville,39.74547,-94.51779
MO,Stockton,37.72408,-93.79601
MO,Stotts City,37.10315,-93.95433
MO,Stoutland,37.86934,-92.51137
MO,Stoutsville,39.55942,-91.82966
MO,Stover,38.44135,-92.99467
MO,Strafford,37.27972,-93.10663
MO,Strasburg,38.76,-94.16611
MO,Sturdivant,37.07101,-90.00921
MO,Sturgeon,39.20571,-92.29526
MO,Success,37.48053,-92.00362
MO,Sullivan,38.23071,-91.15666
MO,Summersville,37.14835,-91.68277
MO,Sumner,39.65499,-93.22413
MO,Sunrise Beach,38.15584,-92.78539
MO,Sweet Springs,38.96595,-93.42468
MO,Syracuse,38.63742,-92.88227
MO,Tallapoosa,36.50806,-89.81917
MO,Taneyville,36.7405,-93.02795
MO,Tarkio,40.44184,-95.37859
MO,Taylor,39.91449,-91.52783
MO,Tebbetts,38.64019,-91.96732
MO,Tecumseh,36.58751,-92.25978
MO,Thayer,36.53271,-91.5418
MO,Theodosia,36.56902,-92.70186
MO,Thompson,39.20258,-92.02594
MO,Thornfield,36.70755,-92.65779
MO,Tiff,38.01917,-90.65278
MO,Tiff City,36.66445,-94.59344
MO,Tina,39.55175,-93.46475
MO,Tipton,38.65484,-92.78145
MO,Treloar,38.64444,-91.18778
MO,Trenton,40.08234,-93.60863
MO,Trimble,39.48707,-94.55123
MO,Triplett,39.5011,-93.19277
MO,Troy,39.00121,-90.96245
MO,Truxton,38.967,-91.21262
MO,Tunas,37.8392,-92.98079
MO,Turners,37.18083,-93.15528
MO,Turney,39.63177,-94.29724
MO,Tuscumbia,38.23888,-92.49174
MO,Udall,36.52529,-92.23345
MO,Ulman,38.13414,-92.46398
MO,Union,38.44563,-91.0206
MO,Union Star,39.98465,-94.57873
MO,Uniontown,37.61071,-89.72374
MO,Unionville,40.48146,-92.99509
MO,Urbana,37.85233,-93.15097
MO,Urich,38.44489,-93.97847
MO,Utica,39.74174,-93.6289
MO,Valles Mines,38.04194,-90.49972
MO,Valley Park,38.55762,-90.49242
MO,Van Buren,37.00153,-91.00068
MO,Vandalia,39.29494,-91.4883
MO,Vanduser,36.99056,-89.68556
MO,Vanzant,36.97783,-92.21007
MO,Verona,36.93696,-93.80051
MO,Versailles,38.43649,-92.82583
MO,Viburnum,37.71507,-91.12892
MO,Vichy,38.09796,-91.77875
MO,Vienna,38.19193,-91.94221
MO,Villa Ridge,38.46011,-90.8822
MO,Vista,37.98833,-93.66389
MO,Vulcan,37.30596,-90.71061
MO,Waco,37.24694,-94.59917
MO,Waldron,39.22222,-94.79306
MO,Walker,37.89302,-94.2293
MO,Walnut Grove,37.39425,-93.50436
MO,Walnut Shade,36.7704,-93.21482
MO,Wappapello,36.97657,-90.28481
MO,Wardell,36.34721,-89.81636
MO,Warrensburg,38.76669,-93.72734
MO,Warrenton,38.80504,-91.17405
MO,Warsaw,38.25019,-93.33728
MO,Washburn,36.5807,-93.99197
MO,Washington,38.54585,-91.01935
MO,Wasola,36.78263,-92.58991
MO,Watson,40.47798,-95.61931
MO,Waverly,39.20552,-93.52565
MO,Wayland,40.44257,-91.60786
MO,Waynesville,37.81752,-92.19894
MO,Weatherby,39.8887,-94.25496
MO,Weaubleau,37.88039,-93.53436
MO,Webb City,37.144,-94.47268
MO,Wellington,39.12584,-93.98551
MO,Wellsville,39.07648,-91.56452
MO,Wentworth,36.9807,-94.13217
MO,Wentzville,38.80196,-90.85344
MO,Wesco,37.87318,-91.34903
MO,West Alton,38.8758,-90.23836
MO,West Plains,36.72842,-91.87168
MO,Westboro,40.53575,-95.31342
MO,Weston,39.44529,-94.91445
MO,Westphalia,38.42697,-92.03922
MO,Wheatland,37.91028,-93.39813
MO,Wheaton,36.76514,-94.04916
MO,Wheeling,39.80114,-93.38684
MO,Whiteman Air Force Base,38.73168,-93.57251
MO,Whiteoak,36.33028,-90.02778
MO,Whiteside,39.18528,-91.01667
MO,Whitewater,37.2865,-89.73634
MO,Willard,37.29615,-93.42586
MO,Williamsburg,38.89814,-91.67919
MO,Williamstown,40.21559,-91.85481
MO,Williamsville,36.96379,-90.48785
MO,Willow Springs,36.99581,-91.94055
MO,Windsor,38.52719,-93.52686
MO,Windyville,37.71821,-92.93789
MO,Winfield,38.98973,-90.82132
MO,Winigan,40.03706,-92.93007
MO,Winona,37.01687,-91.31206
MO,Winston,39.84995,-94.14875
MO,Wolf Island,36.73917,-89.21028
MO,Wooldridge,38.91947,-92.58258
MO,Worth,40.4173,-94.43708
MO,Worthington,40.424,-92.74014
MO,Wright City,38.80968,-91.03293
MO,Wyaconda,40.37208,-91.90708
MO,Wyatt,36.90917,-89.2225
MO,Yukon,37.23111,-91.82438
MO,Zalma,37.13648,-90.07571
MO,Zanoni,36.69252,-92.30468
MS,Abbeville,34.45555,-89.56884
MS,Aberdeen,33.82844,-88.53803
MS,Ackerman,33.35168,-89.20139
MS,Algoma,34.17611,-89.03111
MS,Alligator,34.12942,-90.73821
MS,Amory,33.9844,-88.47092
MS,Anguilla,33.01213,-90.80953
MS,Arcola,33.26972,-90.87972
MS,Arkabutla,34.69889,-90.12222
MS,Artesia,33.41528,-88.64389
MS,Ashland,34.79456,-89.20543
MS,Avon,33.23,-91.04722
MS,Bailey,32.47542,-88.69909
MS,Baldwyn,34.52796,-88.63748
MS,Banner,34.09491,-89.41538
MS,Bassfield,31.5037,-89.70274
MS,Batesville,34.33165,-89.91418
MS,Bay Saint Louis,30.32428,-89.39736
MS,Bay Springs,31.94494,-89.23377
MS,Beaumont,31.13676,-88.90549
MS,Becker,33.93306,-88.48111
MS,Belden,34.27866,-88.81601
MS,Belen,34.27306,-90.35417
MS,Bellefontaine,33.64861,-89.31
MS,Belmont,34.51025,-88.23091
MS,Belzoni,33.18421,-90.49244
MS,Benoit,33.6448,-91.03377
MS,Benton,32.81577,-90.28152
MS,Bentonia,32.70002,-90.37216
MS,Beulah,33.78795,-90.97955
MS,Big Creek,33.85136,-89.43783
MS,Biloxi,30.40348,-88.89714
MS,Blue Mountain,34.67099,-89.00877
MS,Blue Springs,34.42729,-88.859
MS,Bogue Chitto,31.45634,-90.47318
MS,Bolton,32.37775,-90.44744
MS,Booneville,34.66943,-88.5443
MS,Boyle,33.68537,-90.7335
MS,Brandon,32.3038,-89.96403
MS,Braxton,32.00158,-89.96722
MS,Brookhaven,31.58581,-90.45199
MS,Brooklyn,30.99885,-89.23372
MS,Brooksville,33.21396,-88.50135
MS,Bruce,34.00663,-89.34839
MS,Buckatunna,31.50798,-88.52573
MS,Bude,31.46278,-90.85
MS,Burnsville,34.85789,-88.30696
MS,Byhalia,34.88535,-89.67633
MS,Byram,32.1932,-90.2708
MS,Caledonia,33.68646,-88.31454
MS,Calhoun City,33.84078,-89.31781
MS,Camden,32.79483,-89.89284
MS,Canton,32.62054,-90.00608
MS,Carriere,30.61777,-89.57793
MS,Carrollton,33.52076,-89.95063
MS,Carson,31.5585,-89.77582
MS,Carthage,32.78863,-89.53527
MS,Cary,32.80583,-90.92667
MS,Cascilla,33.9079,-90.03616
MS,Cedarbluff,33.61616,-88.82671
MS,Centreville,31.08933,-91.09598
MS,Charleston,33.97262,-90.11156
MS,Chatawa,31.06028,-90.47222
MS,Chatham,33.10056,-91.09778
MS,Chunky,32.24716,-88.94697
MS,Clara,31.58028,-88.69639
MS,Clarksdale,34.20498,-90.57775
MS,Cleveland,33.743,-90.73087
MS,Clinton,32.34108,-90.32289
MS,Coahoma,34.36247,-90.47275
MS,Coffeeville,33.92147,-89.67818
MS,Coila,33.37311,-89.99152
MS,Coldwater,34.69236,-89.98688
MS,Collins,31.67071,-89.54381
MS,Collinsville,32.51828,-88.81553
MS,Columbia,31.25588,-89.79978
MS,Columbus,33.5377,-88.42619
MS,Como,34.51373,-89.91551
MS,Conehatta,32.46697,-89.26896
MS,Corinth,34.93236,-88.54388
MS,Courtland,34.25958,-89.93959
MS,Crawford,33.32192,-88.56712
MS,Crenshaw,34.45397,-90.18552
MS,Crosby,31.29941,-91.02371
MS,Crowder,34.17306,-90.13639
MS,Cruger,33.31098,-90.23158
MS,Crystal Springs,31.99333,-90.37444
MS,D Lo,31.98556,-89.89917
MS,Daleville,32.55112,-88.66094
MS,Darling,34.35889,-90.27417
MS,De Kalb,32.71623,-88.73316
MS,Decatur,32.4358,-89.11683
MS,Delta City,33.07389,-90.795
MS,Dennis,34.54973,-88.21167
MS,Derma,33.85556,-89.28444
MS,Diamondhead,30.39444,-89.36389
MS,Diberville,30.4413,-88.8986
MS,Doddsville,33.63005,-90.52637
MS,Drew,33.86703,-90.54061
MS,Dublin,34.07222,-90.49056
MS,Duck Hill,33.68648,-89.73342
MS,Dumas,34.64915,-88.80723
MS,Duncan,34.04697,-90.76519
MS,Dundee,34.52818,-90.38907
MS,Durant,33.08276,-89.86116
MS,Eastabuchie,31.47111,-89.23083
MS,Ecru,34.33711,-88.95596
MS,Edwards,32.31601,-90.59839
MS,Elliott,33.68333,-89.74917
MS,Ellisville,31.57966,-89.22307
MS,Enid,34.12635,-90.00439
MS,Enterprise,32.15627,-88.84735
MS,Escatawpa,30.44028,-88.54361
MS,Ethel,33.15259,-89.49471
MS,Etta,34.43523,-89.17671
MS,Eupora,33.56891,-89.30454
MS,Falcon,34.39306,-90.25639
MS,Falkner,34.84168,-88.95249
MS,Farrell,34.26417,-90.67222
MS,Fayette,31.71206,-91.05823
MS,Fernwood,31.18528,-90.44889
MS,Flora,32.55783,-90.32351
MS,Florence,32.153,-90.12167
MS,Flowood,32.3165,-90.1105
MS,Forest,32.347,-89.4672
MS,Foxworth,31.24733,-89.93108
MS,French Camp,33.33832,-89.39459
MS,Friars Point,34.36944,-90.63889
MS,Fulton,34.27454,-88.37926
MS,Gallman,31.93194,-90.38917
MS,Gattman,33.87417,-88.25878
MS,Gautier,30.39803,-88.64117
MS,Georgetown,31.8552,-90.21274
MS,Glen,34.87798,-88.43586
MS,Glen Allan,33.02536,-91.00919
MS,Glendora,33.82917,-90.29306
MS,Gloster,31.19033,-90.92405
MS,Golden,34.48121,-88.18416
MS,Goodman,32.97213,-89.98215
MS,Gore Springs,33.72453,-89.57545
MS,Grace,32.99944,-90.95639
MS,Greenville,33.37874,-91.04679
MS,Greenwood,33.51588,-90.17259
MS,Greenwood Springs,33.99344,-88.31233
MS,Grenada,33.77509,-89.80874
MS,Gulfport,30.38256,-89.09762
MS,Gunnison,33.94389,-90.9319
MS,Guntown,34.42988,-88.70106
MS,Hamilton,33.80114,-88.44784
MS,Harperville,32.49417,-89.48944
MS,Harriston,31.725,-91.03222
MS,Harrisville,31.96755,-90.10536
MS,Hattiesburg,31.31455,-89.30647
MS,Hazlehurst,31.85619,-90.40508
MS,Heidelberg,31.88203,-88.99805
MS,Hermanville,31.95637,-90.84459
MS,Hernando,34.80959,-90.00949
MS,Hickory,32.32001,-89.00925
MS,Hickory Flat,34.62436,-89.18623
MS,Hillsboro,32.45917,-89.51139
MS,Holcomb,33.76038,-89.90196
MS,Hollandale,33.17792,-90.84857
MS,Holly Bluff,32.82422,-90.70449
MS,Holly Ridge,33.44556,-90.75333
MS,Holly Springs,34.7687,-89.4483
MS,Horn Lake,34.9519,-90.05072
MS,Houlka,34.05615,-89.05311
MS,Houston,33.90255,-88.96701
MS,Hurley,30.66083,-88.49417
MS,Independence,34.705,-89.80889
MS,Indianola,33.44908,-90.65414
MS,Inverness,33.34896,-90.60506
MS,Isola,33.24711,-90.60403
MS,Itta Bena,33.47984,-90.33942
MS,Iuka,34.80889,-88.19829
MS,Jackson,32.2935,-90.18666
MS,Jackson,32.2999,-90.1843
MS,Jayess,31.40358,-90.18639
MS,Jonestown,34.31944,-90.45556
MS,Kilmichael,33.41648,-89.56958
MS,Kiln,30.40889,-89.435
MS,Kokomo,31.17769,-89.98242
MS,Kosciusko,33.0446,-89.57235
MS,Lake,32.34591,-89.34135
MS,Lake Cormorant,34.89373,-90.16079
MS,Lakeshore,30.24639,-89.43583
MS,Lamar,34.92707,-89.31633
MS,Lambert,34.18372,-90.26299
MS,Lauderdale,32.50219,-88.49557
MS,Laurel,31.70544,-89.13116
MS,Lawrence,32.28761,-89.27243
MS,Leakesville,31.12383,-88.55955
MS,Leland,33.41002,-90.8928
MS,Lena,32.64459,-89.54944
MS,Lexington,33.12504,-90.05567
MS,Liberty,31.13843,-90.71335
MS,Little Rock,32.54029,-89.18138
MS,Long Beach,30.35976,-89.16458
MS,Lorman,31.83826,-91.09569
MS,Louin,32.09971,-89.21994
MS,Louise,32.99195,-90.58932
MS,Louisville,33.10582,-89.02865
MS,Lucedale,30.86672,-88.59339
MS,Ludlow,32.57167,-89.71278
MS,Lula,34.45306,-90.47861
MS,Lumberton,31.05336,-89.45425
MS,Lyon,34.24737,-90.49815
MS,Maben,33.52618,-89.06589
MS,Macon,33.10267,-88.57809
MS,Madden,32.70867,-89.3817
MS,Madison,32.46706,-90.10874
MS,Magee,31.84951,-89.75033
MS,Magnolia,31.12175,-90.48311
MS,Mantachie,34.35868,-88.49603
MS,Mantee,33.66549,-89.12291
MS,Marietta,34.50109,-88.44976
MS,Marion,32.41722,-88.64778
MS,Marks,34.26073,-90.2816
MS,Mathiston,33.54149,-89.12748
MS,Mayersville,32.90128,-91.02863
MS,Mayhew,33.48472,-88.63444
MS,Mc Adams,33.04056,-89.65528
MS,Mc Call Creek,31.49077,-90.78358
MS,Mc Carley,33.58638,-89.85128
MS,Mc Cool,33.16321,-89.32681
MS,Mc Henry,30.69746,-89.15363
MS,Mc Lain,31.07845,-88.81947
MS,Mc Neill,30.7075,-89.68556
MS,Mccomb,31.22159,-90.43245
MS,Meadville,31.42849,-90.85783
MS,Mendenhall,31.94943,-89.80949
MS,Meridian,32.35744,-88.65597
MS,Merigold,33.83725,-90.72557
MS,Metcalfe,33.45389,-91.00722
MS,Michigan City,34.93185,-89.13617
MS,Midnight,33.04944,-90.57333
MS,Minter City,33.75153,-90.31327
MS,Mississippi State,33.45944,-88.79083
MS,Mize,31.84728,-89.57413
MS,Money,33.65111,-90.20917
MS,Monticello,31.52378,-90.12796
MS,Montpelier,33.71778,-88.94778
MS,Mooreville,34.28079,-88.59504
MS,Moorhead,33.47832,-90.51425
MS,Morgan City,33.38056,-90.35028
MS,Morton,32.4361,-89.55122
MS,Moselle,31.48363,-89.32063
MS,Moss,31.815,-89.17778
MS,Moss Point,30.41139,-88.53444
MS,Mound Bayou,33.88602,-90.73025
MS,Mount Olive,31.73458,-89.67239
MS,Mount Pleasant,34.9364,-89.5321
MS,Myrtle,34.54021,-89.1157
MS,Natchez,31.54924,-91.36421
MS,Neely,31.17932,-88.71983
MS,Nesbit,34.89919,-90.0122
MS,Nettleton,34.08207,-88.6052
MS,New Albany,34.48505,-89.00306
MS,New Augusta,31.13091,-89.02861
MS,New Site,34.56169,-88.43502
MS,Newhebron,31.73004,-90.01526
MS,Newton,32.32445,-89.18395
MS,Nicholson,30.47694,-89.69361
MS,North Carrollton,33.51806,-89.92056
MS,Noxapater,32.97895,-89.12208
MS,Oak Vale,31.44195,-89.98273
MS,Oakland,34.07555,-89.88775
MS,Ocean Springs,30.44043,-88.7801
MS,Okolona,33.98902,-88.75984
MS,Olive Branch,34.94414,-89.85443
MS,Osyka,31.02175,-90.47898
MS,Ovett,31.47377,-89.03961
MS,Oxford,34.35435,-89.49692
MS,Pace,33.79139,-90.85694
MS,Pachuta,32.00811,-88.86529
MS,Panther Burn,33.06611,-90.86833
MS,Parchman,33.91778,-90.49639
MS,Paris,34.17682,-89.42141
MS,Pascagoula,30.5303,-88.51647
MS,Pass Christian,30.39892,-89.28427
MS,Pattison,31.85102,-90.82831
MS,Paulding,32.01674,-89.05844
MS,Pearl,32.27684,-90.10271
MS,Pearlington,30.24639,-89.61111
MS,Pelahatchie,32.31799,-89.79135
MS,Perkinston,30.76686,-89.13998
MS,Petal,31.34718,-89.22224
MS,Pheba,33.59606,-88.95184
MS,Philadelphia,32.75722,-89.11537
MS,Philipp,33.75739,-90.20909
MS,Picayune,30.5418,-89.69102
MS,Pickens,32.89052,-89.97371
MS,Piney Woods,32.0625,-89.99278
MS,Pinola,31.82773,-90.00877
MS,Pittsboro,33.94433,-89.33762
MS,Plantersville,34.20107,-88.63346
MS,Pocahontas,32.47417,-90.28611
MS,Pontotoc,34.217,-88.98683
MS,Pope,34.19056,-90.00274
MS,Poplarville,30.85236,-89.56475
MS,Port Gibson,31.9266,-91.02303
MS,Porterville,32.63683,-88.49842
MS,Potts Camp,34.60474,-89.31507
MS,Prairie,33.79511,-88.63346
MS,Prentiss,31.60565,-89.8735
MS,Preston,32.85366,-88.81301
MS,Puckett,32.08083,-89.77583
MS,Pulaski,32.27085,-89.65052
MS,Purvis,31.14956,-89.4623
MS,Quitman,32.06685,-88.6788
MS,Raleigh,32.05084,-89.50882
MS,Randolph,34.17894,-89.16362
MS,Raymond,32.23922,-90.42409
MS,Red Banks,34.87504,-89.51984
MS,Redwood,32.4867,-90.7859
MS,Rena Lara,34.14972,-90.78028
MS,Richland,32.21522,-90.15623
MS,Richton,31.34336,-88.91008
MS,Ridgeland,32.41217,-90.1207
MS,Rienzi,34.79679,-88.57945
MS,Ripley,34.75091,-88.92397
MS,Robinsonville,34.80933,-90.30517
MS,Rolling Fork,32.87332,-90.88327
MS,Rome,33.96306,-90.47833
MS,Rose Hill,32.14893,-89.00105
MS,Rosedale,33.84317,-90.99229
MS,Roxie,31.50404,-91.06248
MS,Ruleville,33.72405,-90.55266
MS,Ruth,31.37949,-90.28667
MS,Sallis,33.00098,-89.75518
MS,Saltillo,34.38313,-88.66736
MS,Sandersville,31.78639,-89.03222
MS,Sandhill,32.4875,-89.88028
MS,Sandy Hook,31.0479,-89.81834
MS,Sarah,34.61198,-90.13819
MS,Sardis,34.42757,-89.92208
MS,Satartia,32.61252,-90.59646
MS,Saucier,30.59608,-89.14773
MS,Schlater,33.62444,-90.36198
MS,Scobey,33.92526,-89.89102
MS,Scooba,32.8402,-88.48827
MS,Scott,33.59167,-91.07417
MS,Sebastopol,32.57278,-89.335
MS,Seminary,31.52848,-89.48158
MS,Senatobia,34.63231,-89.8855
MS,Shannon,34.12103,-88.73421
MS,Sharon,32.65833,-89.93611
MS,Shaw,33.58739,-90.81427
MS,Shelby,33.94906,-90.76246
MS,Sherard,34.21556,-90.70611
MS,Sherman,34.35917,-88.84111
MS,Shubuta,31.90308,-88.72587
MS,Shuqualak,32.97693,-88.55939
MS,Sibley,31.37917,-91.39861
MS,Sidon,33.40946,-90.17794
MS,Silver City,33.05071,-90.4928
MS,Silver Creek,31.57553,-90.01733
MS,Slate Spring,33.85528,-89.31139
MS,Sledge,34.38235,-90.20904
MS,Smithdale,31.3672,-90.67524
MS,Smithville,34.06481,-88.39003
MS,Sontag,31.64531,-90.18013
MS,Soso,31.75941,-89.30822
MS,Southaven,34.97707,-89.99917
MS,Star,32.09389,-90.04611
MS,Starkville,33.45012,-88.81764
MS,State Line,31.39162,-88.51711
MS,Steens,33.56708,-88.32775
MS,Stennis Space Center,30.3086,-89.33
MS,Stewart,33.5101,-89.479
MS,Stoneville,33.42389,-90.915
MS,Stonewall,32.1564,-88.77483
MS,Stringer,31.84472,-89.26214
MS,Sturgis,33.35702,-89.04727
MS,Summit,31.29752,-90.46543
MS,Sumner,33.97083,-90.36861
MS,Sumrall,31.35997,-89.57772
MS,Sunflower,33.5847,-90.63873
MS,Swan Lake,34.00667,-90.05667
MS,Swiftown,33.30556,-90.425
MS,Taylor,34.28488,-89.62728
MS,Taylorsville,31.83939,-89.40488
MS,Tchula,33.16239,-90.25001
MS,Terry,32.11468,-90.32414
MS,Thaxton,34.31356,-89.15147
MS,Thomastown,32.86389,-89.66944
MS,Tie Plant,33.74139,-89.79
MS,Tillatoba,33.98523,-89.89446
MS,Tinsley,32.73194,-90.46028
MS,Tiplersville,34.90294,-88.91568
MS,Tippo,33.91194,-90.18056
MS,Tishomingo,34.64775,-88.2194
MS,Toccopola,34.25556,-89.23444
MS,Toomsuba,32.42958,-88.48923
MS,Tougaloo,32.3975,-90.15889
MS,Trebloc,33.84111,-88.83028
MS,Tremont,34.23352,-88.23921
MS,Tula,34.23278,-89.36222
MS,Tunica,34.68836,-90.36852
MS,Tupelo,34.25383,-88.72085
MS,Tutwiler,33.98195,-90.37534
MS,Tylertown,31.14655,-90.11692
MS,Union,32.53733,-89.04952
MS,Union Church,31.71047,-90.82592
MS,University,34.36451,-89.58274
MS,Utica,32.1229,-90.60472
MS,Vaiden,33.33433,-89.75702
MS,Valley Park,32.63226,-90.85421
MS,Van Vleet,33.98694,-88.90028
MS,Vance,34.09364,-90.37525
MS,Vancleave,30.535,-88.70333
MS,Vardaman,33.91904,-89.19212
MS,Vaughan,32.81742,-90.08548
MS,Verona,34.19417,-88.71972
MS,Vicksburg,32.32582,-90.85065
MS,Victoria,34.84611,-89.61806
MS,Vossburg,31.9723,-88.9696
MS,Walls,34.96405,-90.12079
MS,Walnut,34.95273,-88.90534
MS,Walnut Grove,32.61342,-89.41054
MS,Walthall,33.60722,-89.27722
MS,Washington,31.57861,-91.29917
MS,Water Valley,34.15247,-89.63799
MS,Waterford,34.64025,-89.4683
MS,Waveland,30.29138,-89.38368
MS,Waynesboro,31.67545,-88.67822
MS,Wayside,33.26102,-91.0248
MS,Webb,33.94722,-90.34417
MS,Weir,33.26446,-89.28042
MS,Wesson,31.69006,-90.41311
MS,West,33.1883,-89.76953
MS,West Point,33.6265,-88.68226
MS,Wheeler,34.58028,-88.6075
MS,Whitfield,32.23528,-90.07194
MS,Wiggins,30.86095,-89.13237
MS,Winona,33.48575,-89.72765
MS,Winstonville,33.91,-90.75139
MS,Winterville,33.50167,-91.05833
MS,Woodland,33.80661,-89.02556
MS,Woodville,31.14591,-91.3076
MS,Yazoo City,32.85937,-90.40314
MT,Absarokee,45.51536,-109.46917
MT,Acton,45.937,-108.68098
MT,Alberton,46.98061,-114.49214
MT,Alder,45.32389,-112.10639
MT,Alzada,45.15624,-104.26175
MT,Anaconda,46.12986,-112.97388
MT,Angela,46.77193,-106.31573
MT,Antelope,48.69681,-104.45288
MT,Arlee,47.18603,-114.07598
MT,Ashland,45.58275,-106.27972
MT,Augusta,47.45374,-112.3883
MT,Avon,46.59722,-112.60111
MT,Babb,48.87878,-113.36813
MT,Bainville,48.15799,-104.19953
MT,Baker,46.35522,-104.26671
MT,Ballantine,45.9547,-108.12313
MT,Basin,46.27139,-112.26278
MT,Bearcreek,45.15226,-109.0447
MT,Belfry,45.04983,-109.07878
MT,Belgrade,45.78013,-111.14393
MT,Belt,47.38211,-110.9081
MT,Biddle,45.25698,-105.29014
MT,Big Arm,47.75851,-114.20705
MT,Big Sandy,48.14968,-110.07762
MT,Big Sky,45.28472,-111.3675
MT,Big Timber,45.82827,-109.96309
MT,Bigfork,48.03972,-114.01993
MT,Bighorn,46.23829,-107.20594
MT,Billings,45.77449,-108.50045
MT,Birney,45.2862,-106.5095
MT,Black Eagle,47.5262,-111.27637
MT,Bloomfield,47.34081,-104.87824
MT,Bonner,46.86014,-113.74625
MT,Boulder,46.23065,-112.11376
MT,Box Elder,48.28407,-109.82055
MT,Boyd,45.45778,-109.06583
MT,Boyes,45.49,-104.88412
MT,Bozeman,45.66927,-111.04306
MT,Brady,48.03124,-111.75501
MT,Bridger,45.28568,-108.90822
MT,Broadus,45.46057,-105.42497
MT,Broadview,46.0821,-108.80906
MT,Brockton,48.21006,-104.85479
MT,Brockway,47.2485,-105.77765
MT,Browning,48.54926,-113.0197
MT,Brusett,47.34234,-107.59986
MT,Buffalo,46.80559,-109.72312
MT,Busby,45.55414,-106.87231
MT,Butte,45.99158,-112.51781
MT,Bynum,47.99002,-112.27618
MT,Cameron,45.13902,-111.65078
MT,Canyon Creek,46.76266,-112.2795
MT,Capitol,45.47316,-104.14621
MT,Cardwell,45.89407,-111.78095
MT,Carter,47.78096,-110.97859
MT,Cascade,47.29117,-111.72232
MT,Charlo,47.43345,-114.15931
MT,Chester,48.45412,-110.97982
MT,Chinook,48.57985,-109.22246
MT,Choteau,47.83795,-112.20214
MT,Circle,47.42639,-105.61477
MT,Clancy,46.47449,-111.99256
MT,Clinton,46.76728,-113.70376
MT,Clyde Park,45.88694,-110.60306
MT,Coffee Creek,47.33964,-110.05278
MT,Cohagen,47.1263,-106.49806
MT,Colstrip,45.88417,-106.62306
MT,Columbia Falls,48.35339,-114.17839
MT,Columbus,45.62617,-109.25713
MT,Condon,47.5097,-113.70748
MT,Conner,45.91276,-114.17997
MT,Conrad,48.17835,-111.93967
MT,Cooke City,45.01667,-109.93333
MT,Coram,48.41806,-114.04528
MT,Corvallis,46.31419,-114.096
MT,Crane,47.57583,-104.26194
MT,Crow Agency,45.62959,-107.49725
MT,Culbertson,48.14954,-104.51321
MT,Custer,46.13019,-107.59585
MT,Cut Bank,48.66028,-112.36535
MT,Dagmar,48.60934,-104.24012
MT,Darby,46.02803,-114.19378
MT,Dayton,47.86075,-114.28092
MT,De Borgia,47.37583,-115.345
MT,Decker,45.1797,-106.87206
MT,Deer Lodge,46.38807,-112.74759
MT,Dell,44.95877,-112.9504
MT,Denton,47.31908,-109.87888
MT,Dillon,45.23394,-112.64045
MT,Divide,45.71605,-112.71955
MT,Dixon,47.31313,-114.30557
MT,Dodson,48.20753,-108.62997
MT,Drummond,46.66468,-113.24265
MT,Dupuyer,48.1925,-112.49861
MT,Dutton,47.86008,-111.68997
MT,East Glacier Park,48.45998,-113.3173
MT,East Helena,46.59732,-111.90509
MT,Edgar,45.46472,-108.85167
MT,Ekalaka,45.88054,-104.50396
MT,Elliston,46.56222,-112.43
MT,Elmo,47.81854,-114.34394
MT,Emigrant,45.12756,-110.79893
MT,Ennis,45.35446,-111.68703
MT,Essex,48.49403,-113.94668
MT,Ethridge,48.55778,-112.11972
MT,Eureka,48.84277,-115.00494
MT,Fairfield,47.61425,-112.0015
MT,Fairview,47.8916,-104.23019
MT,Fallon,46.78663,-105.11606
MT,Fishtail,45.40022,-109.58208
MT,Flaxville,48.74722,-105.16375
MT,Florence,46.63102,-114.09449
MT,Floweree,47.65844,-111.12138
MT,Forest Grove,46.91373,-109.02329
MT,Forsyth,46.2819,-106.69909
MT,Fort Benton,47.80941,-110.67149
MT,Fort Harrison,46.63444,-112.09833
MT,Fort Peck,48.05384,-106.51665
MT,Fort Shaw,47.56386,-111.80566
MT,Fortine,48.76444,-114.90222
MT,Frazer,48.16117,-105.99193
MT,Frenchtown,47.04711,-114.26831
MT,Froid,48.32011,-104.45176
MT,Fromberg,45.40269,-108.90566
MT,Galata,48.45866,-111.41977
MT,Gallatin Gateway,45.60996,-111.17341
MT,Gardiner,45.0493,-110.19626
MT,Garrison,46.57236,-112.61732
MT,Garryowen,45.50856,-107.36492
MT,Geraldine,47.60236,-110.27654
MT,Geyser,47.25982,-110.48388
MT,Gildford,48.59272,-110.28363
MT,Glasgow,48.20338,-106.60942
MT,Glen,45.47667,-112.68972
MT,Glendive,47.10081,-104.72872
MT,Glentana,48.84806,-106.24889
MT,Gold Creek,46.59002,-112.97057
MT,Grantsdale,46.20361,-114.14083
MT,Grass Range,47.02589,-108.82706
MT,Great Falls,47.50981,-111.2734
MT,Greycliff,45.79263,-109.6746
MT,Hall,46.58254,-113.20873
MT,Hamilton,46.23953,-114.16787
MT,Hammond,45.29187,-104.61544
MT,Hardin,45.74984,-107.60746
MT,Harlem,48.5398,-108.76925
MT,Harlowton,46.43556,-109.83361
MT,Harrison,45.74233,-111.84614
MT,Hathaway,46.27611,-106.19611
MT,Haugan,47.38333,-115.39861
MT,Havre,48.55612,-109.68797
MT,Hays,48.38037,-108.76842
MT,Heart Butte,48.27774,-112.84559
MT,Helena,46.61307,-112.02128
MT,Helmville,46.82997,-112.9413
MT,Heron,48.05367,-115.94067
MT,Highwood,47.58159,-110.78866
MT,Hilger,47.26955,-109.45625
MT,Hingham,48.58703,-110.42755
MT,Hinsdale,48.40071,-107.00984
MT,Hobson,46.94763,-109.95182
MT,Hogeland,48.85707,-108.6677
MT,Homestead,48.42962,-104.5918
MT,Hot Springs,47.59141,-114.65971
MT,Hungry Horse,48.38583,-114.06
MT,Huntley,45.89049,-108.28498
MT,Huson,47.06595,-114.42194
MT,Hysham,46.27648,-107.3072
MT,Ingomar,46.6542,-107.55175
MT,Inverness,48.59301,-110.68796
MT,Ismay,46.41322,-105.20906
MT,Jackson,45.43073,-113.46586
MT,Jefferson City,46.38833,-112.02667
MT,Joliet,45.49876,-108.94804
MT,Joplin,48.64979,-110.79145
MT,Jordan,47.36942,-106.92208
MT,Judith Gap,46.6623,-109.67548
MT,Kalispell,48.22094,-114.28916
MT,Kevin,48.75079,-111.97083
MT,Kila,48.07444,-114.5104
MT,Kinsey,46.57701,-105.74458
MT,Kremlin,48.55996,-110.05132
MT,Lake Mc Donald,48.74417,-114.04972
MT,Lakeside,48.02147,-114.22656
MT,Lambert,47.74591,-104.59875
MT,Lame Deer,45.60317,-106.56542
MT,Larslan,48.58218,-106.2835
MT,Laurel,45.67451,-108.76901
MT,Lavina,46.32906,-108.99585
MT,Ledger,48.27757,-111.75638
MT,Lewistown,47.05632,-109.4203
MT,Libby,48.37731,-115.5391
MT,Lima,44.64406,-112.56249
MT,Lincoln,46.95746,-112.66514
MT,Lindsay,47.20238,-105.20888
MT,Livingston,45.65459,-110.56091
MT,Lloyd,48.14863,-109.29426
MT,Lodge Grass,45.33218,-107.7341
MT,Lolo,46.7585,-114.10973
MT,Loma,47.95458,-110.49949
MT,Lonepine,47.71121,-114.63718
MT,Loring,48.79833,-107.8686
MT,Lothair,48.47167,-111.23139
MT,Malmstrom A F B,47.50333,-111.17583
MT,Malta,48.36917,-107.84078
MT,Manhattan,45.79799,-111.31458
MT,Marion,48.0836,-114.74462
MT,Martin City,48.39167,-114.03722
MT,Martinsdale,46.45815,-110.4324
MT,Marysville,46.75056,-112.29944
MT,Mc Allister,45.29139,-111.79833
MT,Mc Leod,45.59633,-109.9357
MT,Medicine Lake,48.48518,-104.43755
MT,Melrose,45.63194,-112.68361
MT,Melstone,46.59861,-107.87139
MT,Melville,46.03645,-109.88089
MT,Mildred,46.75167,-104.7891
MT,Miles City,46.40746,-105.83319
MT,Milltown,46.87139,-113.88083
MT,Missoula,46.85627,-114.02521
MT,Moccasin,47.09164,-109.89007
MT,Molt,45.8615,-108.97307
MT,Monarch,47.07223,-110.87103
MT,Moore,46.98981,-109.65384
MT,Mosby,46.90045,-107.78915
MT,Musselshell,46.51713,-108.00312
MT,Nashua,48.18653,-106.24407
MT,Neihart,46.93909,-110.73283
MT,Norris,45.53227,-111.69428
MT,Noxon,48.03017,-115.78066
MT,Nye,45.44102,-109.82714
MT,Oilmont,48.74,-111.84
MT,Olive,45.54664,-105.66874
MT,Olney,48.54861,-114.57722
MT,Opheim,48.87016,-106.36583
MT,Otter,45.4458,-106.00867
MT,Outlook,48.88167,-104.74153
MT,Ovando,47.00672,-113.09053
MT,Pablo,47.60028,-114.11806
MT,Paradise,47.38944,-114.80111
MT,Park City,45.63286,-108.92928
MT,Peerless,48.78077,-105.80057
MT,Pendroy,48.08789,-112.32608
MT,Philipsburg,46.3189,-113.3126
MT,Pinesdale,46.32944,-114.21583
MT,Plains,47.47345,-114.89301
MT,Plentywood,48.77882,-104.56003
MT,Plevna,46.41123,-104.57129
MT,Polaris,45.36972,-113.11861
MT,Polebridge,48.82059,-114.38356
MT,Polson,47.68757,-114.14044
MT,Pompeys Pillar,45.98385,-107.91541
MT,Pony,45.5745,-111.96186
MT,Poplar,48.13071,-105.18702
MT,Powderville,45.73918,-105.2761
MT,Power,47.67985,-111.7169
MT,Pray,45.41931,-110.6864
MT,Proctor,47.94037,-114.38319
MT,Pryor,45.42972,-108.5325
MT,Radersburg,46.07932,-111.57219
MT,Ramsay,46.11957,-112.61963
MT,Rapelje,45.97948,-109.27609
MT,Ravalli,47.27722,-114.17972
MT,Raymond,48.96861,-104.62976
MT,Raynesford,47.26042,-110.70475
MT,Red Lodge,45.19652,-109.26881
MT,Redstone,48.83551,-104.93526
MT,Reed Point,45.64846,-109.46889
MT,Reserve,48.59052,-104.62788
MT,Rexford,48.91795,-115.21286
MT,Richey,47.62287,-105.01702
MT,Richland,48.72733,-106.2237
MT,Ringling,46.28547,-110.82421
MT,Roberts,45.36724,-109.17689
MT,Rollins,47.91821,-114.22499
MT,Ronan,47.55246,-114.10538
MT,Roscoe,45.37723,-109.44644
MT,Rosebud,45.93583,-106.59812
MT,Roundup,46.42249,-108.54385
MT,Roy,47.36782,-108.86342
MT,Rudyard,48.586,-110.55523
MT,Ryegate,46.27237,-109.27612
MT,Saco,48.63894,-107.42932
MT,Saint Ignatius,47.33001,-114.07582
MT,Saint Marie,48.19694,-106.63611
MT,Saint Regis,47.3369,-115.17032
MT,Saint Xavier,45.489,-107.70924
MT,Saltese,47.41028,-115.50861
MT,Sand Coulee,47.40212,-111.16606
MT,Sand Springs,47.03229,-107.28862
MT,Sanders,46.29278,-107.23361
MT,Savage,47.51937,-104.28449
MT,Scobey,48.78536,-105.41702
MT,Seeley Lake,47.17893,-113.48102
MT,Shawmut,46.38692,-109.59736
MT,Shelby,48.50367,-111.83912
MT,Shepherd,45.94608,-108.34263
MT,Sheridan,45.42297,-112.17354
MT,Sidney,47.71302,-104.16344
MT,Silver Gate,45.00694,-109.98889
MT,Silver Star,45.75711,-112.1776
MT,Simms,47.49167,-111.92722
MT,Somers,48.07933,-114.23548
MT,Springdale,45.73833,-110.22639
MT,Stanford,47.14886,-110.19611
MT,Stevensville,46.52672,-114.04785
MT,Stockett,47.32171,-111.12868
MT,Stryker,48.67417,-114.76917
MT,Sula,45.8277,-114.04297
MT,Sumatra,46.61833,-107.55056
MT,Sun River,47.48098,-111.72421
MT,Sunburst,48.85159,-111.7442
MT,Superior,47.1721,-114.88848
MT,Sweet Grass,48.97131,-112.02044
MT,Teigen,47.03667,-108.59611
MT,Terry,46.82897,-105.37059
MT,Thompson Falls,47.60157,-115.36024
MT,Three Forks,45.88107,-111.54364
MT,Toston,46.20437,-111.42597
MT,Townsend,46.33457,-111.49191
MT,Trego,48.70528,-114.86833
MT,Trout Creek,47.81114,-115.55918
MT,Troy,48.47912,-115.88168
MT,Turner,48.83277,-108.39608
MT,Twin Bridges,45.53106,-112.34946
MT,Two Dot,46.44651,-109.89948
MT,Ulm,47.43056,-111.50639
MT,Valier,48.2795,-112.30327
MT,Vandalia,48.35472,-106.90917
MT,Vaughn,47.56244,-111.57695
MT,Victor,46.40049,-114.16653
MT,Vida,47.89473,-105.59959
MT,Virginia City,45.24722,-112.00262
MT,Volborg,46.07361,-105.72144
MT,Warm Springs,46.16259,-112.82004
MT,West Glacier,48.5,-113.97778
MT,West Yellowstone,44.9125,-111.18595
MT,Westby,48.85869,-104.12471
MT,White Sulphur Springs,46.56632,-110.93441
MT,Whitefish,48.404,-114.35086
MT,Whitehall,45.87715,-112.12453
MT,Whitetail,48.92497,-105.29767
MT,Whitewater,48.83491,-107.40543
MT,Whitlash,48.91104,-111.10751
MT,Wibaux,46.9646,-104.18972
MT,Willard,46.11406,-104.44666
MT,Willow Creek,45.82528,-111.64389
MT,Wilsall,45.94835,-110.60615
MT,Winifred,47.5899,-109.34093
MT,Winnett,46.94379,-108.31837
MT,Winston,46.43149,-111.64467
MT,Wisdom,45.65192,-113.47293
MT,Wise River,45.7424,-112.99629
MT,Wolf Creek,46.83957,-111.88332
MT,Wolf Point,48.11188,-105.62932
MT,Worden,45.97794,-108.15328
MT,Wyola,45.1089,-107.43026
MT,Yellowtail,45.31278,-107.93639
MT,Zortman,47.87433,-108.34952
MT,Zurich,48.58444,-109.02972
NC,Aberdeen,35.12164,-79.44504
NC,Advance,36.0065,-80.4463
NC,Ahoskie,36.29574,-76.99663
NC,Alamance,36.035,-79.48611
NC,Albemarle,35.35728,-80.20436
NC,Albertson,35.11765,-77.85152
NC,Alexander,35.70639,-82.63113
NC,Alexis,35.38361,-81.1022
NC,Alliance,35.14472,-76.8025
NC,Almond,35.3295,-83.57841
NC,Altamahaw,36.18417,-79.5075
NC,Andrews,35.19595,-83.82284
NC,Angier,35.48972,-78.72493
NC,Ansonville,35.10444,-80.10944
NC,Apex,35.7225,-78.84082
NC,Arapahoe,35.0055,-76.81491
NC,Ararat,36.38693,-80.60889
NC,Arden,35.46367,-82.53537
NC,Ash,34.06587,-78.50564
NC,Asheboro,35.6935,-79.81968
NC,Asheville,35.59707,-82.55653
NC,Atkinson,34.53045,-78.16711
NC,Atlantic,34.88883,-76.3521
NC,Atlantic Beach,34.69729,-76.81516
NC,Aulander,36.14745,-77.11409
NC,Aurora,35.30228,-76.79945
NC,Autryville,35.09967,-78.60211
NC,Avon,35.35194,-75.51083
NC,Ayden,35.45647,-77.40513
NC,Aydlett,36.30447,-75.90291
NC,Badin,35.40583,-80.11694
NC,Bahama,36.15658,-78.89028
NC,Bailey,35.80717,-78.08923
NC,Bakersville,36.02859,-82.17113
NC,Balsam,35.42667,-83.08528
NC,Balsam Grove,35.22975,-82.87795
NC,Banner Elk,36.17046,-81.84119
NC,Barco,36.35878,-75.97928
NC,Barium Springs,35.71889,-80.89833
NC,Barnardsville,35.77483,-82.45668
NC,Barnesville,34.40861,-79.04694
NC,Bat Cave,35.45139,-82.28722
NC,Bath,35.47016,-76.77153
NC,Battleboro,35.84387,-77.43111
NC,Bayboro,35.1526,-76.75179
NC,Bear Creek,35.61288,-79.37261
NC,Beaufort,34.75804,-76.62283
NC,Belews Creek,36.22687,-80.09299
NC,Belhaven,35.52049,-76.62357
NC,Bellarthur,35.57917,-77.49056
NC,Belmont,35.24403,-81.04402
NC,Belvidere,36.30964,-76.54359
NC,Bennett,35.56727,-79.52252
NC,Benson,35.40366,-78.54213
NC,Bessemer City,35.2849,-81.28635
NC,Bethania,36.18222,-80.33833
NC,Bethel,35.79089,-77.37476
NC,Beulaville,34.93396,-77.76966
NC,Biscoe,35.32565,-79.75956
NC,Black Creek,35.635,-77.93333
NC,Black Mountain,35.61249,-82.32509
NC,Bladenboro,34.56583,-78.7793
NC,Blanch,36.53384,-79.30419
NC,Blounts Creek,35.38203,-76.925
NC,Blowing Rock,36.09459,-81.75097
NC,Boiling Springs,35.25417,-81.66722
NC,Bolivia,34.02596,-78.16814
NC,Bolton,34.30909,-78.33718
NC,Bonlee,35.64583,-79.41472
NC,Boomer,36.05519,-81.3137
NC,Boone,36.21424,-81.66603
NC,Boonville,36.23401,-80.63569
NC,Bostic,35.45326,-81.81183
NC,Brasstown,35.03139,-83.96677
NC,Brevard,35.22076,-82.74044
NC,Bridgeton,35.12139,-77.02111
NC,Broadway,35.41809,-79.04355
NC,Browns Summit,36.20187,-79.71008
NC,Brunswick,34.28667,-78.70139
NC,Bryson City,35.42413,-83.43925
NC,Buies Creek,35.41306,-78.73583
NC,Bullock,36.50764,-78.56458
NC,Bunn,35.96083,-78.25389
NC,Bunnlevel,35.28106,-78.85519
NC,Burgaw,34.54868,-77.94032
NC,Burlington,36.07201,-79.46215
NC,Burnsville,35.90297,-82.28762
NC,Butner,36.13594,-78.7636
NC,Buxton,35.2675,-75.54278
NC,Bynum,35.77389,-79.1425
NC,Calabash,33.90467,-78.57441
NC,Calypso,35.15361,-78.10556
NC,Camden,36.32498,-76.15
NC,Cameron,35.31358,-79.26883
NC,Camp Lejeune,34.66581,-77.3373
NC,Candler,35.53763,-82.70008
NC,Candor,35.22335,-79.78762
NC,Canton,35.51265,-82.84129
NC,Caroleen,35.28083,-81.79639
NC,Carolina Beach,34.0366,-77.89629
NC,Carrboro,35.91241,-79.08183
NC,Carthage,35.30607,-79.39694
NC,Cary,35.76412,-78.77857
NC,Casar,35.5145,-81.63574
NC,Cashiers,35.09712,-83.08707
NC,Castalia,36.09012,-78.07045
NC,Castle Hayne,34.3236,-77.91085
NC,Catawba,35.67571,-81.05031
NC,Cedar Falls,35.75194,-79.73167
NC,Cedar Grove,36.20199,-79.16659
NC,Cedar Island,35.07488,-76.08049
NC,Cedar Mountain,35.14333,-82.64306
NC,Cerro Gordo,34.30248,-78.92157
NC,Chadbourn,34.3223,-78.82668
NC,Chapel Hill,35.92032,-79.03719
NC,Charlotte,35.2269,-80.8433
NC,Cherokee,35.50937,-83.31444
NC,Cherry Point,34.93972,-76.8225
NC,Cherryville,35.37474,-81.35089
NC,Chimney Rock,35.43917,-82.24667
NC,China Grove,35.5669,-80.59004
NC,Chinquapin,34.82761,-77.76357
NC,Chocowinity,35.48141,-77.0868
NC,Claremont,35.72105,-81.12967
NC,Clarendon,34.19952,-78.78884
NC,Clarkton,34.50301,-78.63127
NC,Clayton,35.63484,-78.45101
NC,Clemmons,36.03411,-80.39623
NC,Cleveland,35.7374,-80.71125
NC,Cliffside,35.23806,-81.77
NC,Climax,35.93451,-79.70186
NC,Clinton,35.01514,-78.32601
NC,Clyde,35.55965,-82.92158
NC,Coats,35.40822,-78.6627
NC,Cofield,36.33332,-76.87457
NC,Coinjock,36.37506,-75.93401
NC,Colerain,36.19008,-76.8548
NC,Colfax,36.10027,-80.01028
NC,Collettsville,35.95195,-81.67419
NC,Columbia,35.90566,-76.23448
NC,Columbus,35.24103,-82.12063
NC,Comfort,35.00556,-77.48833
NC,Como,36.49782,-77.05153
NC,Concord,35.37161,-80.53003
NC,Conetoe,35.81556,-77.45611
NC,Connellys Springs,35.70697,-81.49296
NC,Conover,35.73134,-81.21645
NC,Conway,36.41638,-77.25024
NC,Cooleemee,35.81028,-80.55611
NC,Corapeake,36.51795,-76.59785
NC,Cordova,34.91278,-79.82222
NC,Cornelius,35.48667,-80.86028
NC,Corolla,36.32065,-75.81322
NC,Council,34.42904,-78.41151
NC,Cove City,35.20227,-77.29631
NC,Cramerton,35.23965,-81.08306
NC,Creedmoor,36.11243,-78.64759
NC,Creston,36.44996,-81.65062
NC,Creswell,35.8653,-76.41956
NC,Crossnore,36.02167,-81.92972
NC,Crouse,35.48372,-81.34185
NC,Crumpler,36.46406,-81.40389
NC,Culberson,34.99167,-84.16778
NC,Cullowhee,35.24088,-83.14752
NC,Cumberland,35.00472,-78.9675
NC,Cumnock,35.4709,-79.1722
NC,Currie,34.44967,-78.09252
NC,Currituck,36.42969,-75.9884
NC,Dallas,35.33485,-81.1862
NC,Dana,35.32917,-82.37556
NC,Danbury,36.45586,-80.21935
NC,Davidson,35.49917,-80.84889
NC,Davis,34.79722,-76.46056
NC,Deep Gap,36.21357,-81.51627
NC,Deep Run,35.16299,-77.69275
NC,Delco,34.32742,-78.19169
NC,Denton,35.61957,-80.09593
NC,Denver,35.48368,-80.98978
NC,Dillsboro,35.36917,-83.2525
NC,Dobson,36.36983,-80.71007
NC,Dover,35.26265,-77.37269
NC,Drexel,35.75778,-81.60444
NC,Dublin,34.65667,-78.72667
NC,Dudley,35.29256,-78.02727
NC,Dunn,35.31651,-78.61508
NC,Durants Neck,36.19,-76.46639
NC,Durham,35.99672,-78.89661
NC,Eagle Springs,35.33596,-79.63098
NC,Earl,35.19333,-81.53333
NC,East Bend,36.20315,-80.52841
NC,East Flat Rock,35.27987,-82.42042
NC,East Spencer,35.68167,-80.4325
NC,Eden,36.5,-79.759
NC,Edenton,36.09078,-76.62238
NC,Edneyville,35.39389,-82.34083
NC,Edward,35.32359,-76.87939
NC,Efland,36.09117,-79.18842
NC,Elizabeth City,36.3019,-76.2236
NC,Elizabethtown,34.64714,-78.57469
NC,Elk Park,36.16462,-81.96388
NC,Elkin,36.28723,-80.85537
NC,Ellenboro,35.33443,-81.77065
NC,Ellerbe,35.09142,-79.75236
NC,Elm City,35.81095,-77.85603
NC,Elon,36.14664,-79.50233
NC,Emerald Isle,34.6662,-77.02596
NC,Enfield,36.19733,-77.71291
NC,Engelhard,35.49806,-76.03743
NC,Enka,35.54972,-82.65028
NC,Ennice,36.52528,-80.97714
NC,Ernul,35.25469,-77.05016
NC,Erwin,35.32865,-78.68594
NC,Ether,35.43972,-79.78417
NC,Etowah,35.31719,-82.59771
NC,Eure,36.43412,-76.84634
NC,Everetts,35.83472,-77.17389
NC,Evergreen,34.37523,-78.88464
NC,Fair Bluff,34.30228,-79.0175
NC,Fairfield,35.56587,-76.23177
NC,Fairmont,34.4814,-79.1286
NC,Fairview,35.52576,-82.39853
NC,Faison,35.11988,-78.11798
NC,Faith,35.58694,-80.46306
NC,Falcon,35.18972,-78.64861
NC,Falkland,35.69917,-77.51333
NC,Fallston,35.42889,-81.50167
NC,Farmville,35.58061,-77.5793
NC,Fayetteville,35.05099,-78.84225
NC,Ferguson,36.12832,-81.38641
NC,Flat Rock,35.28899,-82.39157
NC,Fleetwood,36.28138,-81.51401
NC,Fletcher,35.44989,-82.49656
NC,Fontana Dam,35.42819,-83.81763
NC,Forest City,35.30175,-81.86425
NC,Fort Bragg,35.14165,-79.00246
NC,Fountain,35.66944,-77.62145
NC,Four Oaks,35.40402,-78.41528
NC,Franklin,35.18098,-83.38848
NC,Franklinton,36.09551,-78.44862
NC,Franklinville,35.79174,-79.71318
NC,Fremont,35.51856,-77.9963
NC,Frisco,35.235,-75.62889
NC,Fuquay Varina,35.57995,-78.79081
NC,Garland,34.82291,-78.34142
NC,Garner,35.68125,-78.59753
NC,Garysburg,36.47615,-77.57191
NC,Gaston,36.51153,-77.68238
NC,Gastonia,35.24492,-81.21945
NC,Gates,36.50362,-76.76456
NC,Gatesville,36.40717,-76.73246
NC,Germanton,36.27251,-80.22543
NC,Gerton,35.46872,-82.3062
NC,Gibson,34.75486,-79.58385
NC,Gibsonville,36.1183,-79.56845
NC,Glade Valley,36.44289,-81.01678
NC,Glen Alpine,35.72889,-81.77944
NC,Glendale Springs,36.345,-81.38056
NC,Glenville,35.18816,-83.09003
NC,Glenwood,35.68389,-82.00944
NC,Gloucester,34.68565,-76.52763
NC,Godwin,35.19692,-78.66247
NC,Gold Hill,35.54978,-80.33456
NC,Goldsboro,35.38258,-78.01581
NC,Goldston,35.56428,-79.33852
NC,Graham,36.03097,-79.38138
NC,Grandy,36.23389,-75.87681
NC,Granite Falls,35.81966,-81.45714
NC,Granite Quarry,35.61222,-80.44694
NC,Grantsboro,35.12219,-76.88439
NC,Grassy Creek,36.54152,-81.44675
NC,Green Mountain,35.99562,-82.28787
NC,Greensboro,36.06974,-79.76815
NC,Greensboro,36.0726,-79.792
NC,Greenville,35.6594,-77.3974
NC,Grifton,35.37568,-77.4193
NC,Grimesland,35.55801,-77.25661
NC,Grover,35.18364,-81.45518
NC,Gulf,35.56028,-79.28194
NC,Halifax,36.30492,-77.56073
NC,Hallsboro,34.31809,-78.60427
NC,Hamilton,35.94412,-77.21762
NC,Hamlet,34.88938,-79.70222
NC,Hampstead,34.3879,-77.66281
NC,Hamptonville,36.12425,-80.81369
NC,Harbinger,36.08639,-75.81214
NC,Harkers Island,34.69663,-76.5583
NC,Harmony,35.95797,-80.75846
NC,Harrells,34.67692,-78.24297
NC,Harrellsville,36.28659,-76.77668
NC,Harris,35.24278,-81.87472
NC,Harrisburg,35.32473,-80.6594
NC,Hassell,35.91139,-77.27861
NC,Hatteras,35.21917,-75.69056
NC,Havelock,34.89675,-76.89004
NC,Haw River,36.05508,-79.33456
NC,Hayesville,35.04172,-83.78668
NC,Hays,36.31001,-81.11612
NC,Hazelwood,35.47688,-83.00428
NC,Henderson,36.33007,-78.39809
NC,Hendersonville,35.31921,-82.49999
NC,Henrico,36.52741,-77.85462
NC,Henrietta,35.25778,-81.79639
NC,Hertford,36.17706,-76.4243
NC,Hickory,35.75757,-81.32886
NC,Hiddenite,35.95045,-81.04866
NC,High Point,35.95931,-80.01167
NC,High Shoals,35.4025,-81.2025
NC,Highfalls,35.48361,-79.52194
NC,Highlands,35.07055,-83.21604
NC,Hildebran,35.71389,-81.42222
NC,Hillsborough,36.07558,-79.09142
NC,Hobbsville,36.3543,-76.61781
NC,Hobgood,36.00428,-77.43696
NC,Hobucken,35.25184,-76.5696
NC,Hoffman,35.03261,-79.56003
NC,Hollister,36.25898,-77.93192
NC,Holly Ridge,34.4644,-77.51005
NC,Holly Springs,35.62626,-78.84582
NC,Hookerton,35.43798,-77.56556
NC,Hope Mills,34.95356,-78.93536
NC,Horse Shoe,35.37027,-82.59813
NC,Hot Springs,35.81618,-82.81201
NC,Hubert,34.69929,-77.20793
NC,Hudson,35.84029,-81.48975
NC,Huntersville,35.41056,-80.84306
NC,Hurdle Mills,36.25179,-79.08266
NC,Icard,35.72722,-81.47083
NC,Indian Trail,35.08307,-80.65974
NC,Iron Station,35.46565,-81.10701
NC,Ivanhoe,34.69717,-78.16233
NC,Jackson,36.38698,-77.46814
NC,Jackson Springs,35.22594,-79.66854
NC,Jacksonville,34.73746,-77.46282
NC,Jamestown,35.99899,-79.92929
NC,Jamesville,35.78385,-76.89833
NC,Jarvisburg,36.17396,-75.85947
NC,Jefferson,36.40899,-81.43963
NC,Jonas Ridge,35.9725,-81.895
NC,Jonesville,36.22857,-80.78703
NC,Julian,35.95429,-79.63863
NC,Kannapolis,35.50202,-80.63587
NC,Kelford,36.19917,-77.25921
NC,Kelly,34.45906,-78.29416
NC,Kenansville,35.03962,-77.96774
NC,Kenly,35.60774,-78.13823
NC,Kernersville,36.11653,-80.08312
NC,Kill Devil Hills,36.00879,-75.67565
NC,King,36.29503,-80.35596
NC,Kings Mountain,35.25158,-81.38057
NC,Kinston,35.27833,-77.58597
NC,Kipling,35.47972,-78.82139
NC,Kittrell,36.20417,-78.42407
NC,Kitty Hawk,36.10069,-75.72537
NC,Knightdale,35.77893,-78.48981
NC,Knotts Island,36.52317,-75.97025
NC,Kure Beach,33.99271,-77.90987
NC,La Grange,35.30538,-77.76862
NC,Lake Junaluska,35.52592,-82.97024
NC,Lake Lure,35.44645,-82.1752
NC,Lake Toxaway,35.14505,-82.91908
NC,Lake Waccamaw,34.33936,-78.51021
NC,Lakeview,35.24361,-79.30889
NC,Landis,35.5435,-80.61293
NC,Lansing,36.51764,-81.52693
NC,Lattimore,35.31806,-81.66083
NC,Laurel Hill,34.82383,-79.54914
NC,Laurel Springs,36.4449,-81.26061
NC,Laurinburg,34.75987,-79.46732
NC,Lawndale,35.44493,-81.53363
NC,Lawsonville,36.51323,-80.21029
NC,Leasburg,36.41511,-79.19419
NC,Leicester,35.64978,-82.71062
NC,Leland,34.26795,-78.05782
NC,Lemon Springs,35.38944,-79.19472
NC,Lenoir,35.91389,-81.53917
NC,Lewiston Woodville,36.13442,-77.20663
NC,Lewisville,36.0967,-80.42064
NC,Lexington,35.82306,-80.26205
NC,Liberty,35.87288,-79.58214
NC,Lilesville,34.96891,-79.97208
NC,Lillington,35.33195,-78.92122
NC,Lincolnton,35.48214,-81.22804
NC,Linden,35.22765,-78.80036
NC,Linville,36.06639,-81.87056
NC,Linville Falls,35.95917,-81.94306
NC,Linwood,35.75623,-80.37489
NC,Little Switzerland,35.83472,-82.0225
NC,Littleton,36.41688,-77.85282
NC,Locust,35.27042,-80.42106
NC,Longwood,33.95006,-78.53153
NC,Louisburg,36.05781,-78.25862
NC,Lowell,35.26548,-81.09604
NC,Lowgap,36.50304,-80.78886
NC,Lowland,35.30595,-76.5777
NC,Lucama,35.6415,-78.01969
NC,Lumber Bridge,34.87619,-79.06642
NC,Lumberton,34.6293,-79.00831
NC,Lynn,35.22833,-82.23472
NC,Macclesfield,35.77374,-77.59644
NC,Macon,36.4447,-77.99871
NC,Madison,36.36951,-79.96544
NC,Maggie Valley,35.52006,-83.09293
NC,Magnolia,34.8957,-78.04321
NC,Maiden,35.57588,-81.17449
NC,Mamers,35.41667,-78.93361
NC,Manns Harbor,35.88719,-75.9444
NC,Manson,36.46026,-78.29525
NC,Manteo,35.89477,-75.67142
NC,Maple,36.39869,-76.00387
NC,Maple Hill,34.61775,-77.73659
NC,Marble,35.14748,-83.93806
NC,Margarettsville,36.52449,-77.326
NC,Marietta,34.36861,-79.1225
NC,Marion,35.68192,-82.01799
NC,Mars Hill,35.85283,-82.52535
NC,Marshall,35.85607,-82.65658
NC,Marshallberg,34.72647,-76.51732
NC,Marshville,35.01668,-80.37811
NC,Marston,34.98963,-79.65955
NC,Matthews,35.00694,-80.67472
NC,Matthews,35.12188,-80.71357
NC,Maury,35.48194,-77.58639
NC,Maxton,34.73344,-79.30973
NC,Mayodan,36.42768,-79.95674
NC,Maysville,34.86908,-77.23146
NC,Mc Adenville,35.25861,-81.07722
NC,Mc Farlan,34.81194,-79.97278
NC,Mc Grady,36.31034,-81.19121
NC,Mc Leansville,36.11629,-79.66839
NC,Mccutcheon Field,34.7157,-77.4501
NC,Mebane,36.09786,-79.2719
NC,Merritt,35.1228,-76.6994
NC,Merry Hill,36.08712,-76.77756
NC,Micaville,35.90944,-82.21333
NC,Micro,35.56361,-78.20472
NC,Middleburg,36.39944,-78.32278
NC,Middlesex,35.7665,-78.20616
NC,Midland,35.24772,-80.53185
NC,Midway Park,34.72699,-77.32
NC,Mill Spring,35.33379,-82.15573
NC,Millers Creek,36.21195,-81.24853
NC,Mills River,35.3711,-82.5884
NC,Milton,36.51578,-79.2087
NC,Milwaukee,36.40528,-77.2325
NC,Mineral Springs,34.93778,-80.66889
NC,Minneapolis,36.09917,-81.98722
NC,Misenheimer,35.48472,-80.28861
NC,Mocksville,35.92201,-80.53696
NC,Moncure,35.63061,-79.08392
NC,Monroe,35.01778,-80.53723
NC,Montezuma,36.065,-81.90278
NC,Montreat,35.64417,-82.30306
NC,Mooresboro,35.24839,-81.67217
NC,Mooresville,35.57736,-80.82263
NC,Moravian Falls,36.07876,-81.17807
NC,Morehead City,34.72532,-76.75307
NC,Morganton,35.73458,-81.70422
NC,Morrisville,35.83437,-78.84659
NC,Morven,34.85106,-80.00253
NC,Mount Airy,36.50074,-80.61187
NC,Mount Gilead,35.22745,-79.98709
NC,Mount Holly,35.31187,-81.03057
NC,Mount Mourne,35.54306,-80.8475
NC,Mount Olive,35.21092,-78.09834
NC,Mount Pleasant,35.41458,-80.41708
NC,Mount Ulla,35.63893,-80.72386
NC,Mountain Home,35.36944,-82.49306
NC,Moyock,36.48709,-76.11458
NC,Murfreesboro,36.43192,-77.1027
NC,Murphy,35.07923,-84.10145
NC,Nags Head,35.34721,-75.56759
NC,Nakina,34.11529,-78.657
NC,Naples,35.3925,-82.50083
NC,Nashville,35.98428,-77.95949
NC,Nebo,35.67316,-81.90558
NC,New Bern,35.10194,-77.03194
NC,New Hill,35.68088,-78.93653
NC,New London,35.42852,-80.20574
NC,Newell,35.27944,-80.73583
NC,Newland,36.0402,-81.95228
NC,Newport,34.75508,-76.90694
NC,Newton,35.64977,-81.24255
NC,Newton Grove,35.22126,-78.42604
NC,Norlina,36.47536,-78.18945
NC,Norman,35.17028,-79.72306
NC,North Wilkesboro,36.1583,-81.1477
NC,Norwood,35.22749,-80.14326
NC,Oak City,35.95974,-77.30036
NC,Oak Island,33.91612,-78.12546
NC,Oak Ridge,36.16732,-79.98037
NC,Oakboro,35.246,-80.34127
NC,Ocean Isle Beach,33.89127,-78.42985
NC,Ocracoke,35.11444,-75.98139
NC,Old Fort,35.61695,-82.16862
NC,Olin,35.95933,-80.85108
NC,Olivia,35.35944,-79.11
NC,Oriental,35.03641,-76.70152
NC,Orrum,34.44735,-79.03104
NC,Otto,35.06267,-83.38475
NC,Oxford,36.33127,-78.61343
NC,Pantego,35.62006,-76.69885
NC,Parkton,34.90057,-78.99694
NC,Parmele,35.81639,-77.31444
NC,Patterson,35.99917,-81.56417
NC,Paw Creek,35.27472,-80.93861
NC,Peachland,35.00543,-80.28294
NC,Pelham,36.48991,-79.47361
NC,Pembroke,34.6902,-79.18337
NC,Pendleton,36.49368,-77.19111
NC,Penland,35.93,-82.11222
NC,Penrose,35.25241,-82.62224
NC,Pfafftown,36.16691,-80.37983
NC,Pikeville,35.49289,-77.95779
NC,Pilot Mountain,36.41094,-80.49206
NC,Pine Hall,36.34818,-80.04953
NC,Pine Level,35.51306,-78.24472
NC,Pinebluff,35.10972,-79.4725
NC,Pinehurst,35.19528,-79.46972
NC,Pineola,36.02833,-81.89167
NC,Pinetops,35.81961,-77.69195
NC,Pinetown,35.57576,-76.80756
NC,Pineville,35.07094,-80.88585
NC,Piney Creek,36.55028,-81.28889
NC,Pink Hill,35.06635,-77.71215
NC,Pinnacle,36.33391,-80.43911
NC,Pisgah Forest,35.25993,-82.66952
NC,Pittsboro,35.76944,-79.17551
NC,Pleasant Garden,35.95224,-79.75494
NC,Pleasant Hill,36.52125,-77.51922
NC,Plumtree,36.02694,-82.00806
NC,Plymouth,35.85083,-76.74315
NC,Point Harbor,36.07811,-75.79829
NC,Polkton,34.98229,-80.15381
NC,Polkville,35.4175,-81.64306
NC,Pollocksville,35.0151,-77.22873
NC,Pope A F B,35.17667,-79.01139
NC,Poplar Branch,36.25703,-75.88302
NC,Potecasi,36.36306,-77.23944
NC,Powells Point,36.12067,-75.82731
NC,Powellsville,36.22556,-76.93333
NC,Princeton,35.45583,-78.16737
NC,Proctorville,34.47639,-79.03667
NC,Prospect Hill,36.29319,-79.21564
NC,Providence,36.48314,-79.36306
NC,Purlear,36.19639,-81.35277
NC,Raeford,34.98901,-79.22276
NC,Raleigh,35.7727,-78.63244
NC,Ramseur,35.70835,-79.6351
NC,Randleman,35.8488,-79.80179
NC,Red Oak,36.03833,-77.90667
NC,Red Springs,34.80832,-79.16362
NC,Reidsville,36.34321,-79.66421
NC,Research Triangle Park,35.9148,-78.8657
NC,Rex,34.85694,-79.04944
NC,Rhodhiss,35.77389,-81.43139
NC,Rich Square,36.27726,-77.29695
NC,Richfield,35.51103,-80.26713
NC,Richlands,34.86243,-77.5863
NC,Ridgecrest,35.62056,-82.28278
NC,Ridgeway,36.43556,-78.23694
NC,Riegelwood,34.34706,-78.25747
NC,Roanoke Rapids,36.44615,-77.67306
NC,Roaring Gap,36.38355,-81.01878
NC,Roaring River,36.19156,-81.00037
NC,Robbins,35.45284,-79.58203
NC,Robbinsville,35.32593,-83.78878
NC,Robersonville,35.8218,-77.26004
NC,Rockingham,34.93361,-79.76657
NC,Rockwell,35.54944,-80.42257
NC,Rocky Mount,35.92378,-77.83502
NC,Rocky Mount,35.94265,-77.76082
NC,Rocky Point,34.43442,-77.92345
NC,Rodanthe,35.59333,-75.46833
NC,Roduco,36.46167,-76.81278
NC,Rolesville,35.91557,-78.46584
NC,Ronda,36.20594,-80.92696
NC,Roper,35.89941,-76.58092
NC,Rose Hill,34.82346,-78.01662
NC,Roseboro,34.99408,-78.50411
NC,Rosman,35.1197,-82.81892
NC,Rougemont,36.23925,-78.90187
NC,Rowland,34.58866,-79.26184
NC,Roxboro,36.4059,-78.9737
NC,Roxobel,36.19446,-77.22706
NC,Ruffin,36.44276,-79.56055
NC,Rural Hall,36.22925,-80.29364
NC,Rutherford College,35.74833,-81.52278
NC,Rutherfordton,35.37058,-81.97811
NC,Saint Pauls,34.80096,-78.97308
NC,Salemburg,35.05146,-78.47138
NC,Salisbury,35.6515,-80.48895
NC,Salter Path,34.68833,-76.88639
NC,Saluda,35.23834,-82.3306
NC,Salvo,35.54,-75.47333
NC,Sandy Ridge,36.48997,-80.08586
NC,Sanford,35.46415,-79.17645
NC,Sapphire,35.06658,-83.00192
NC,Saratoga,35.66278,-77.76761
NC,Saxapahaw,35.94722,-79.32222
NC,Scaly Mountain,35.02404,-83.31134
NC,Scotland Neck,36.13014,-77.42727
NC,Scotts,35.84278,-81.00944
NC,Scottville,36.48333,-81.31194
NC,Scranton,35.52504,-76.49171
NC,Seaboard,36.48855,-77.41131
NC,Seagrove,35.52831,-79.69787
NC,Sealevel,34.87695,-76.38978
NC,Sedalia,36.06722,-79.62083
NC,Selma,35.55653,-78.26403
NC,Semora,36.51141,-79.09417
NC,Seven Springs,35.21047,-77.91462
NC,Severn,36.515,-77.19
NC,Shallotte,33.94301,-78.41068
NC,Shannon,34.89876,-79.18062
NC,Sharpsburg,35.86694,-77.82944
NC,Shawboro,36.37788,-76.09445
NC,Shelby,35.34707,-81.58157
NC,Sherrills Ford,35.59624,-81.03386
NC,Shiloh,36.25845,-76.04317
NC,Siler City,35.73539,-79.45662
NC,Siloam,36.30021,-80.57716
NC,Simpson,35.575,-77.27889
NC,Sims,35.74351,-78.08585
NC,Skyland,35.48917,-82.52444
NC,Smithfield,35.50684,-78.34787
NC,Smyrna,34.77338,-76.51531
NC,Sneads Ferry,34.54259,-77.4038
NC,Snow Camp,35.90658,-79.42789
NC,Snow Hill,35.44385,-77.69557
NC,Sophia,35.82984,-79.89863
NC,South Mills,36.45358,-76.30328
NC,Southern Pines,35.16975,-79.39568
NC,Southmont,35.66778,-80.26722
NC,Southport,34.01214,-78.04555
NC,Sparta,36.50885,-81.13844
NC,Speed,35.96778,-77.44556
NC,Spencer,35.69531,-80.43105
NC,Spindale,35.36013,-81.92514
NC,Spring Hope,35.93019,-78.1085
NC,Spring Lake,35.18298,-78.97856
NC,Spruce Pine,35.90597,-82.07049
NC,Stacy,34.84124,-76.42888
NC,Staley,35.80148,-79.58439
NC,Stanfield,35.21061,-80.44067
NC,Stanley,35.35157,-81.09592
NC,Stantonsburg,35.594,-77.83777
NC,Star,35.42111,-79.78261
NC,State Road,36.34218,-80.86529
NC,Statesville,35.8381,-80.8842
NC,Stedman,35.03475,-78.69493
NC,Stella,34.77767,-77.13081
NC,Stem,36.21004,-78.70012
NC,Stokes,35.7104,-77.27218
NC,Stokesdale,36.25522,-79.97053
NC,Stoneville,36.47048,-79.9013
NC,Stonewall,35.13722,-76.74806
NC,Stony Point,35.86611,-81.06413
NC,Stovall,36.44806,-78.57056
NC,Stumpy Point,35.86301,-75.77909
NC,Sugar Grove,36.26267,-81.84409
NC,Summerfield,36.22445,-79.89014
NC,Sunbury,36.4316,-76.60957
NC,Sunset Beach,33.88357,-78.51995
NC,Supply,33.9625,-78.29609
NC,Swannanoa,35.60484,-82.40649
NC,Swanquarter,35.42221,-76.28752
NC,Swansboro,34.69907,-77.13501
NC,Swepsonville,36.02111,-79.36167
NC,Sylva,35.34806,-83.20305
NC,Tabor City,34.12331,-78.82318
NC,Tar Heel,34.74654,-78.81341
NC,Tarawa Terrace,34.73542,-77.38311
NC,Tarboro,35.89826,-77.54207
NC,Taylorsville,35.90105,-81.21243
NC,Teachey,34.77004,-78.02209
NC,Terrell,35.58359,-80.96306
NC,Thomasville,35.87128,-80.09128
NC,Thurmond,36.35619,-80.93167
NC,Tillery,36.25167,-77.48583
NC,Timberlake,36.29176,-78.93529
NC,Toast,36.50028,-80.62667
NC,Tobaccoville,36.23363,-80.39155
NC,Todd,36.32453,-81.5874
NC,Topton,35.2306,-83.74512
NC,Townsville,36.49444,-78.42389
NC,Traphill,36.3301,-81.01513
NC,Trenton,35.07448,-77.45947
NC,Trinity,35.84295,-79.99021
NC,Troutman,35.68627,-80.88223
NC,Troy,35.3777,-79.90925
NC,Tryon,35.2157,-82.23942
NC,Tuckasegee,35.25993,-83.07486
NC,Turkey,34.98567,-78.21209
NC,Turnersburg,35.90833,-80.8075
NC,Tuxedo,35.22528,-82.42972
NC,Tyner,36.25024,-76.6428
NC,Union Grove,36.03695,-80.89669
NC,Union Mills,35.47324,-81.96846
NC,Valdese,35.74474,-81.56696
NC,Vale,35.5188,-81.45889
NC,Valle Crucis,36.20704,-81.88056
NC,Vanceboro,35.30626,-77.17162
NC,Vandemere,35.1953,-76.65709
NC,Vass,35.21713,-79.25619
NC,Vaughan,36.42639,-78.00389
NC,Vilas,36.25738,-81.7652
NC,Waco,35.36139,-81.42889
NC,Wade,35.16056,-78.72493
NC,Wadesboro,34.98094,-80.06959
NC,Wagram,34.90443,-79.39594
NC,Wake Forest,35.98154,-78.53921
NC,Walkertown,36.18,-80.16286
NC,Wallace,34.75417,-77.94292
NC,Wallburg,36.01,-80.13944
NC,Walnut Cove,36.31887,-80.14841
NC,Walstonburg,35.5882,-77.69834
NC,Wanchese,35.8425,-75.63889
NC,Warne,35.00244,-83.90454
NC,Warrensville,36.45723,-81.54652
NC,Warrenton,36.35394,-78.15939
NC,Warsaw,34.99818,-78.08674
NC,Washington,35.58839,-77.14036
NC,Waves,35.56667,-75.46889
NC,Waxhaw,34.95533,-80.7279
NC,Waynesville,35.48861,-82.98889
NC,Weaverville,35.71264,-82.54911
NC,Webster,35.34611,-83.21944
NC,Welcome,35.90278,-80.25722
NC,Weldon,36.42064,-77.60346
NC,Wendell,35.79796,-78.3926
NC,Wentworth,36.4,-79.77472
NC,West End,35.25124,-79.53598
NC,West Jefferson,36.37765,-81.48722
NC,Westfield,36.4674,-80.36774
NC,Whitakers,36.0758,-77.71674
NC,White Oak,34.76621,-78.73014
NC,White Plains,36.49917,-80.6075
NC,Whiteville,34.32414,-78.71605
NC,Whitsett,36.03298,-79.59715
NC,Whittier,35.44693,-83.28724
NC,Wilkesboro,36.13586,-81.15729
NC,Willard,34.68445,-78.02344
NC,Williamston,35.66015,-77.04834
NC,Williston,34.78917,-76.50556
NC,Willow Spring,35.54703,-78.67174
NC,Wilmington,34.2253,-77.93786
NC,Wilson,35.72702,-77.92273
NC,Wilsons Mills,35.58389,-78.35611
NC,Windsor,36.01588,-76.93361
NC,Winfall,36.21889,-76.46417
NC,Wingate,34.98467,-80.4476
NC,Winnabow,34.21451,-78.05621
NC,Winston Salem,36.10237,-80.2228
NC,Winterville,35.53358,-77.39097
NC,Winton,36.38262,-76.93601
NC,Wise,36.48639,-78.17111
NC,Woodland,36.32046,-77.19778
NC,Woodleaf,35.78756,-80.60394
NC,Wrightsville Beach,34.21223,-77.79817
NC,Yadkinville,36.12769,-80.65302
NC,Yanceyville,36.3907,-79.34649
NC,Youngsville,36.00778,-78.4412
NC,Zebulon,35.83208,-78.31737
NC,Zionville,36.31944,-81.74757
NC,Zirconia,35.21529,-82.45737
ND,Abercrombie,46.44778,-96.73
ND,Absaraka,47.01436,-97.38877
ND,Adams,48.4223,-98.08674
ND,Agate,48.62278,-99.49278
ND,Alamo,48.5858,-103.42215
ND,Alexander,47.84352,-103.63961
ND,Almont,46.70461,-101.52213
ND,Alsen,48.63685,-98.62255
ND,Ambrose,48.81719,-103.70068
ND,Amenia,47.0194,-97.20481
ND,Amidon,46.45595,-103.26474
ND,Anamoose,47.87031,-100.25294
ND,Aneta,47.69926,-97.98141
ND,Antler,48.95853,-101.33376
ND,Argusville,47.10664,-96.90576
ND,Arnegard,47.80883,-103.45384
ND,Arthur,47.10477,-97.20974
ND,Arvilla,47.90929,-97.48712
ND,Ashley,46.05368,-99.3164
ND,Ayr,47.01958,-97.57284
ND,Baldwin,46.95434,-100.76146
ND,Balfour,47.96845,-100.52093
ND,Balta,48.16667,-100.03667
ND,Bantry,48.51188,-100.78945
ND,Barney,46.24962,-96.97077
ND,Bathgate,48.86863,-97.48322
ND,Beach,46.93238,-103.98429
ND,Belcourt,48.83786,-99.76875
ND,Belfield,46.88773,-103.17951
ND,Benedict,47.78649,-101.05788
ND,Berlin,46.40083,-98.52334
ND,Berthold,48.3234,-101.80056
ND,Beulah,47.27066,-101.80747
ND,Binford,47.5739,-98.35462
ND,Bisbee,48.5552,-99.36359
ND,Bismarck,46.82345,-100.77475
ND,Blanchard,47.35366,-97.26208
ND,Bottineau,48.84514,-100.43289
ND,Bowbells,48.7968,-102.24727
ND,Bowdon,47.43432,-99.70153
ND,Bowman,46.17332,-103.40197
ND,Braddock,46.54989,-100.24158
ND,Bremen,47.72721,-99.37156
ND,Brocket,48.22553,-98.35585
ND,Buchanan,47.04092,-98.81116
ND,Buffalo,46.92635,-97.53516
ND,Burlington,48.27353,-101.42821
ND,Butte,47.81188,-100.66045
ND,Buxton,47.61631,-97.08926
ND,Caledonia,47.45764,-96.90848
ND,Calvin,48.80843,-98.92424
ND,Cando,48.48548,-99.19455
ND,Cannon Ball,46.38745,-100.59749
ND,Carpio,48.4323,-101.71194
ND,Carrington,47.45392,-99.10823
ND,Carson,46.46239,-101.53872
ND,Cartwright,47.79922,-103.94872
ND,Casselton,46.89919,-97.21382
ND,Cathay,47.54986,-99.42968
ND,Cavalier,48.79434,-97.65719
ND,Cayuga,46.13259,-97.40594
ND,Center,47.12191,-101.32864
ND,Chaseley,47.44902,-99.82408
ND,Christine,46.55216,-96.79088
ND,Churchs Ferry,48.28621,-99.14119
ND,Cleveland,46.88324,-99.0866
ND,Clifford,47.35695,-97.40996
ND,Cogswell,46.08911,-97.80954
ND,Coleharbor,47.51956,-101.2332
ND,Colfax,46.49715,-96.979
ND,Columbus,48.87888,-102.79485
ND,Cooperstown,47.45273,-98.15333
ND,Courtenay,47.2272,-98.54885
ND,Crary,48.05303,-98.62124
ND,Crosby,48.88355,-103.27402
ND,Crystal,48.59239,-97.67385
ND,Cummings,47.53702,-96.99129
ND,Dahlen,48.1599,-97.95727
ND,Davenport,46.69681,-97.08707
ND,Dawson,46.82961,-99.76354
ND,Dazey,47.1955,-98.14386
ND,Deering,48.40569,-101.03369
ND,Denhoff,47.57091,-100.26304
ND,Des Lacs,48.25569,-101.56717
ND,Devils Lake,48.11316,-98.86159
ND,Dickey,46.54257,-98.46821
ND,Dickinson,46.88729,-102.78759
ND,Dodge,47.30489,-102.1985
ND,Donnybrook,48.49001,-101.89604
ND,Douglas,47.86591,-101.51122
ND,Drake,47.90243,-100.37896
ND,Drayton,48.57857,-97.19922
ND,Driscoll,46.85114,-100.14406
ND,Dunn Center,47.34526,-102.5892
ND,Dunseith,48.84801,-100.0311
ND,Edgeley,46.32497,-98.70835
ND,Edinburg,48.49016,-97.89019
ND,Edmore,48.43084,-98.44576
ND,Egeland,48.63554,-99.11147
ND,Elgin,46.41135,-101.83514
ND,Ellendale,46.00732,-98.51383
ND,Emerado,47.92138,-97.26301
ND,Enderlin,46.6079,-97.61055
ND,Epping,48.26009,-103.37246
ND,Erie,47.1128,-97.38485
ND,Esmond,48.07202,-99.70339
ND,Fairdale,48.48192,-98.20659
ND,Fairfield,47.118,-103.22233
ND,Fairmount,46.04266,-96.63081
ND,Fargo,46.90088,-96.79358
ND,Fessenden,47.62864,-99.64336
ND,Fingal,46.77275,-97.7812
ND,Finley,47.53061,-97.74424
ND,Flasher,46.46513,-101.15168
ND,Flaxton,48.91767,-102.3415
ND,Forbes,46.01093,-98.81241
ND,Fordville,48.22119,-97.80224
ND,Forest River,48.22509,-97.46048
ND,Forman,46.07207,-97.69864
ND,Fort Ransom,46.47819,-97.90548
ND,Fort Totten,47.98,-98.9925
ND,Fort Yates,46.09054,-100.65161
ND,Fortuna,48.92465,-103.82895
ND,Fredonia,46.35346,-99.26282
ND,Fullerton,46.19514,-98.38822
ND,Gackle,46.59126,-99.21906
ND,Galesburg,47.27779,-97.3746
ND,Gardner,47.1252,-96.99012
ND,Garrison,47.65522,-101.39832
ND,Gilby,48.07708,-97.4633
ND,Gladstone,46.81516,-102.52738
ND,Glasston,48.70583,-97.44722
ND,Glen Ullin,46.8233,-101.82229
ND,Glenburn,48.50798,-101.31955
ND,Glenfield,47.44318,-98.66395
ND,Golden Valley,47.29375,-102.06123
ND,Golva,46.7075,-103.95754
ND,Goodrich,47.47105,-100.11898
ND,Grace City,47.55358,-98.80947
ND,Grafton,48.41078,-97.4159
ND,Grand Forks,47.90104,-97.04463
ND,Grand Forks Afb,47.9582,-97.3688
ND,Grandin,47.21577,-97.02068
ND,Granville,48.25657,-100.80819
ND,Grassy Butte,47.44307,-103.29443
ND,Grenora,48.61395,-103.92913
ND,Gwinner,46.23045,-97.86685
ND,Hague,46.0589,-99.97451
ND,Halliday,47.36775,-102.31929
ND,Hamilton,48.79425,-97.4693
ND,Hampden,48.52289,-98.65432
ND,Hankinson,46.0558,-96.89907
ND,Hannaford,47.29969,-98.15718
ND,Hannah,48.95945,-98.72369
ND,Hansboro,48.86648,-99.38326
ND,Harvey,47.76812,-99.93294
ND,Harwood,46.9965,-96.90097
ND,Hatton,47.63801,-97.43255
ND,Havana,45.96441,-97.60945
ND,Hazelton,46.48748,-100.27332
ND,Hazen,47.32714,-101.6107
ND,Hebron,46.89361,-102.03668
ND,Hensel,48.67384,-97.59622
ND,Hettinger,46.02787,-102.58452
ND,Hillsboro,47.39417,-97.05602
ND,Hoople,48.51981,-97.61833
ND,Hope,47.19995,-97.78486
ND,Horace,46.73927,-96.86094
ND,Hunter,47.19132,-97.25165
ND,Hurdsfield,47.43873,-99.94165
ND,Inkster,48.11865,-97.6813
ND,Jamestown,46.9059,-98.70613
ND,Jessie,47.54222,-98.23778
ND,Jud,46.501,-98.80766
ND,Karlsruhe,48.10085,-100.57416
ND,Kathryn,46.70555,-97.99979
ND,Keene,47.94052,-102.89057
ND,Kenmare,48.67315,-102.07175
ND,Kensal,47.27261,-98.72058
ND,Killdeer,47.4109,-102.77624
ND,Kindred,46.6543,-97.00492
ND,Kintyre,46.57357,-99.97046
ND,Knox,48.33881,-99.67127
ND,Kramer,48.68667,-100.67164
ND,Kulm,46.30727,-98.94272
ND,Lakota,48.03571,-98.34155
ND,Lamoure,46.36196,-98.30022
ND,Langdon,48.78656,-98.35662
ND,Lankin,48.29523,-98.007
ND,Lansford,48.62542,-101.38582
ND,Larimore,47.90405,-97.65179
ND,Lawton,48.30326,-98.4142
ND,Leeds,48.26681,-99.44012
ND,Lefor,46.72526,-102.76429
ND,Lehr,46.25864,-99.34914
ND,Leonard,46.65932,-97.27249
ND,Lidgerwood,46.07388,-97.14443
ND,Lignite,48.84811,-102.55418
ND,Linton,46.28692,-100.21583
ND,Lisbon,46.42013,-97.6589
ND,Litchville,46.68879,-98.20327
ND,Luverne,47.31505,-97.72962
ND,Maddock,47.95074,-99.54306
ND,Maida,48.94904,-98.39483
ND,Makoti,47.98528,-101.81494
ND,Mandan,46.83065,-100.90918
ND,Mandaree,47.85674,-102.65347
ND,Manning,47.12584,-102.68064
ND,Mantador,46.15993,-96.957
ND,Manvel,48.08531,-97.19433
ND,Mapleton,46.86755,-97.05137
ND,Marion,46.57159,-98.25333
ND,Marmarth,46.3254,-103.88
ND,Marshall,47.13806,-102.3325
ND,Martin,47.77814,-100.12252
ND,Max,47.81558,-101.29317
ND,Maxbass,48.77216,-101.25633
ND,Mayville,47.50138,-97.31764
ND,Mcclusky,47.48964,-100.45197
ND,Mcgregor,48.59498,-102.92879
ND,Mchenry,47.56042,-98.57259
ND,Mcleod,46.41027,-97.31389
ND,Mcville,47.77898,-98.163
ND,Medina,46.89195,-99.31056
ND,Medora,46.84577,-103.42101
ND,Mekinock,47.98091,-97.48959
ND,Menoken,46.86103,-100.52749
ND,Mercer,47.48579,-100.71708
ND,Michigan,48.04144,-98.12424
ND,Milnor,46.25507,-97.43372
ND,Milton,48.61696,-98.01829
ND,Minnewaukan,48.06978,-99.27432
ND,Minot,48.22914,-101.29848
ND,Minot Afb,48.42322,-101.31678
ND,Minto,48.29887,-97.33373
ND,Moffit,46.67572,-100.29754
ND,Mohall,48.76581,-101.55451
ND,Montpelier,46.65422,-98.59765
ND,Mooreton,46.26154,-96.85073
ND,Mott,46.40109,-102.31293
ND,Mountain,48.67734,-97.80757
ND,Munich,48.6546,-98.84265
ND,Mylo,48.63598,-99.63288
ND,Napoleon,46.48672,-99.77253
ND,Neche,48.97957,-97.54269
ND,Nekoma,48.57833,-98.37167
ND,New England,46.51284,-102.83582
ND,New Leipzig,46.37445,-101.89369
ND,New Rockford,47.67939,-99.07801
ND,New Salem,46.85125,-101.42445
ND,New Town,47.97715,-102.48579
ND,Newburg,48.69819,-100.96806
ND,Niagara,47.98482,-97.83343
ND,Nome,46.67483,-97.7911
ND,Noonan,48.88564,-103.00979
ND,Northwood,47.74176,-97.56305
ND,Norwich,48.24912,-100.97116
ND,Oakes,46.1288,-98.09934
ND,Oberon,47.94874,-99.14013
ND,Oriska,46.94325,-97.78533
ND,Osnabrock,48.64191,-98.23271
ND,Page,47.15151,-97.59667
ND,Palermo,48.3396,-102.23995
ND,Park River,48.40388,-97.7439
ND,Parshall,47.95597,-102.14273
ND,Pekin,47.76956,-98.32604
ND,Pembina,48.93612,-97.27561
ND,Penn,48.22711,-99.06551
ND,Perth,48.6816,-99.38308
ND,Petersburg,47.99797,-97.98403
ND,Pettibone,47.11997,-99.52789
ND,Pillsbury,47.20694,-97.79028
ND,Pingree,47.16571,-99.00204
ND,Pisek,48.2971,-97.70289
ND,Plaza,48.02421,-101.96428
ND,Portal,48.97582,-102.54802
ND,Portland,47.50154,-97.3843
ND,Powers Lake,48.58982,-102.64465
ND,Raleigh,46.33524,-101.28265
ND,Ray,48.3323,-103.18365
ND,Reeder,46.11158,-102.94052
ND,Regan,47.1527,-100.52245
ND,Regent,46.42345,-102.56844
ND,Reynolds,47.70678,-97.20915
ND,Rhame,46.16645,-103.70791
ND,Richardton,46.84261,-102.292
ND,Riverdale,47.64033,-101.11506
ND,Robinson,47.15076,-99.7003
ND,Rocklake,48.82157,-99.17963
ND,Rogers,47.07109,-98.22088
ND,Rolette,48.65522,-99.87438
ND,Rolla,48.85942,-99.61339
ND,Roseglen,47.69597,-101.82204
ND,Ross,48.31616,-102.53072
ND,Rugby,48.31726,-99.99895
ND,Ruso,47.76222,-100.87543
ND,Rutland,46.07381,-97.54828
ND,Ryder,47.86802,-101.7651
ND,Saint Anthony,46.58883,-100.89724
ND,Saint John,48.93659,-99.76476
ND,Saint Michael,47.97736,-98.91806
ND,Saint Thomas,48.62522,-97.45451
ND,Sanborn,46.92706,-98.23362
ND,Sarles,48.94592,-98.96056
ND,Sawyer,48.08584,-101.0674
ND,Scranton,46.13992,-103.14469
ND,Selfridge,46.03515,-101.1502
ND,Sentinel Butte,46.83047,-103.80011
ND,Sharon,47.60619,-97.90509
ND,Sheldon,46.55478,-97.45426
ND,Sherwood,48.95755,-101.69702
ND,Sheyenne,47.81839,-99.05833
ND,Shields,46.18377,-101.25889
ND,Solen,46.29411,-100.81363
ND,Souris,48.93738,-100.74132
ND,South Heart,46.8127,-103.01624
ND,Spiritwood,47.1016,-98.64847
ND,Stanley,48.31919,-102.3928
ND,Stanton,47.31279,-101.38987
ND,Starkweather,48.4488,-98.8539
ND,Steele,46.85236,-99.93356
ND,Sterling,46.84358,-100.27439
ND,Stirum,46.22989,-97.65423
ND,Strasburg,46.09794,-100.21187
ND,Streeter,46.695,-99.29711
ND,Surrey,48.23647,-101.12162
ND,Sutton,47.38535,-98.43204
ND,Sykeston,47.43694,-99.39751
ND,Tappen,46.83362,-99.60189
ND,Taylor,46.92837,-102.37563
ND,Thompson,47.77658,-97.0962
ND,Tioga,48.39201,-102.96128
ND,Tokio,47.92333,-98.81667
ND,Tolley,48.7969,-101.85589
ND,Tolna,47.80201,-98.47522
ND,Tower City,46.91187,-97.65939
ND,Towner,48.37766,-100.41232
ND,Trenton,48.0563,-103.86128
ND,Turtle Lake,47.54142,-100.88136
ND,Tuttle,47.16258,-99.98729
ND,Underwood,47.46016,-101.18981
ND,Upham,48.58163,-100.73231
ND,Valley City,46.92681,-98.00332
ND,Velva,48.06748,-100.93462
ND,Verona,46.37123,-98.08954
ND,Voltaire,47.95179,-100.80382
ND,Wahpeton,46.2651,-96.6133
ND,Walcott,46.58353,-97.00144
ND,Wales,48.92165,-98.55965
ND,Walhalla,48.91103,-97.88193
ND,Warwick,47.89129,-98.68096
ND,Washburn,47.31139,-101.01157
ND,Watford City,47.80426,-103.25821
ND,Webster,48.32285,-98.87394
ND,West Fargo,46.86952,-96.895
ND,Westhope,48.90507,-101.03381
ND,Wheatland,46.87501,-97.39169
ND,White Earth,48.43075,-102.80667
ND,Wildrose,48.62193,-103.18488
ND,Williston,48.16792,-103.6317
ND,Willow City,48.60621,-100.2968
ND,Wilton,47.17085,-100.79439
ND,Wimbledon,47.14384,-98.43292
ND,Wing,47.15194,-100.30716
ND,Wishek,46.25162,-99.58601
ND,Wolford,48.48094,-99.66276
ND,Woodworth,47.16364,-99.3406
ND,Wyndmere,46.28914,-97.12891
ND,York,48.32171,-99.55049
ND,Ypsilanti,46.77195,-98.48764
ND,Zahl,48.57875,-103.65993
ND,Zap,47.28971,-101.92565
ND,Zeeland,46.00548,-99.77254
NE,Abie,41.3479,-96.95628
NE,Adams,40.45757,-96.53956
NE,Ainsworth,42.54027,-99.86149
NE,Albion,41.70495,-97.99912
NE,Alda,40.85692,-98.45513
NE,Alexandria,40.26145,-97.40385
NE,Allen,42.44367,-96.8574
NE,Alliance,42.11494,-102.88805
NE,Alma,40.11885,-99.36007
NE,Alvo,40.89919,-96.40356
NE,Amelia,42.18088,-99.00804
NE,Ames,41.46125,-96.64634
NE,Amherst,40.84949,-99.26095
NE,Angora,41.89343,-103.08502
NE,Anselmo,41.63621,-99.79915
NE,Ansley,41.30193,-99.36452
NE,Arapahoe,40.30266,-99.8997
NE,Arcadia,41.4293,-99.12047
NE,Archer,41.17816,-98.11815
NE,Arlington,41.44165,-96.30697
NE,Arnold,41.44558,-100.15673
NE,Arthur,41.57395,-101.69312
NE,Ashby,41.97758,-101.96358
NE,Ashland,41.05411,-96.39041
NE,Ashton,41.26718,-98.80335
NE,Atkinson,42.54828,-98.97609
NE,Atlanta,40.3849,-99.48435
NE,Auburn,40.37889,-95.85265
NE,Aurora,40.85284,-98.02011
NE,Avoca,40.81594,-96.09574
NE,Axtell,40.52691,-99.1169
NE,Ayr,40.44105,-98.43898
NE,Bancroft,42.02672,-96.61715
NE,Barneston,40.04833,-96.57667
NE,Bartlett,41.8697,-98.55667
NE,Bartley,40.25811,-100.29075
NE,Bassett,42.57629,-99.53873
NE,Battle Creek,41.99428,-97.59815
NE,Bayard,41.75792,-103.30189
NE,Beatrice,40.27051,-96.74349
NE,Beaver City,40.12904,-99.80653
NE,Beaver Crossing,40.78866,-97.29136
NE,Bee,41.00068,-97.07447
NE,Beemer,41.93742,-96.81501
NE,Belden,42.40219,-97.19563
NE,Belgrade,41.46108,-98.08664
NE,Bellevue,41.14966,-95.90993
NE,Bellwood,41.34739,-97.27466
NE,Belvidere,40.25101,-97.55542
NE,Benedict,41.00327,-97.60292
NE,Benkelman,40.09805,-101.53435
NE,Bennet,40.63822,-96.5134
NE,Bennington,41.36226,-96.15753
NE,Bertrand,40.56084,-99.57589
NE,Big Springs,41.06962,-102.09327
NE,Bingham,42.26065,-102.13308
NE,Bladen,40.299,-98.60462
NE,Blair,41.54538,-96.16167
NE,Bloomfield,42.59782,-97.65449
NE,Bloomington,40.13826,-99.00944
NE,Blue Hill,40.31102,-98.42696
NE,Blue Springs,40.14068,-96.65904
NE,Boelus,41.10028,-98.69755
NE,Boys Town,41.26111,-96.13167
NE,Bradshaw,40.92072,-97.7607
NE,Brady,41.05152,-100.37365
NE,Brainard,41.18315,-96.98823
NE,Brewster,41.94671,-99.8292
NE,Bridgeport,41.67656,-103.07013
NE,Bristow,42.88058,-98.60267
NE,Broadwater,41.58255,-102.82252
NE,Brock,40.47723,-95.98014
NE,Broken Bow,41.41259,-99.63545
NE,Brownville,40.39945,-95.69348
NE,Brule,41.10019,-101.90993
NE,Bruning,40.33016,-97.55728
NE,Bruno,41.27177,-96.96461
NE,Brunswick,42.35102,-97.94401
NE,Burchard,40.10574,-96.34881
NE,Burr,40.56006,-96.2384
NE,Burwell,41.80798,-99.09953
NE,Bushnell,41.21388,-103.90749
NE,Butte,42.91238,-98.8459
NE,Byron,40.02688,-97.76124
NE,Cairo,41.00018,-98.61654
NE,Callaway,41.2485,-99.99318
NE,Cambridge,40.28077,-100.16758
NE,Campbell,40.29668,-98.73701
NE,Carleton,40.30053,-97.67191
NE,Carroll,42.27701,-97.19261
NE,Cedar Bluffs,41.38349,-96.56911
NE,Cedar Creek,41.03667,-96.09917
NE,Cedar Rapids,41.55641,-98.15538
NE,Center,42.60245,-97.88357
NE,Central City,41.12126,-98.00169
NE,Ceresco,41.06807,-96.63977
NE,Chadron,42.81927,-102.99533
NE,Chambers,42.19161,-98.73785
NE,Champion,40.46004,-101.74849
NE,Chapman,40.98559,-98.22172
NE,Chappell,41.09659,-102.45234
NE,Chester,40.02895,-97.61969
NE,Clarks,41.2328,-97.84614
NE,Clarkson,41.69606,-97.10506
NE,Clatonia,40.47236,-96.85551
NE,Clay Center,40.5113,-98.03865
NE,Clearwater,42.12656,-98.18676
NE,Cody,42.61456,-101.37985
NE,Coleridge,42.52299,-97.17856
NE,Colon,41.28826,-96.61413
NE,Columbus,41.43722,-97.35647
NE,Comstock,41.55525,-99.27528
NE,Concord,42.38198,-96.98104
NE,Cook,40.49863,-96.15262
NE,Cordova,40.71848,-97.34072
NE,Cortland,40.4976,-96.71663
NE,Cozad,40.86193,-99.99209
NE,Crab Orchard,40.31665,-96.41157
NE,Craig,41.7715,-96.3924
NE,Crawford,42.67584,-103.40534
NE,Creighton,42.46805,-97.89323
NE,Creston,41.66069,-97.36869
NE,Crete,40.6193,-96.95668
NE,Crofton,42.73703,-97.54059
NE,Crookston,42.92551,-100.77347
NE,Culbertson,40.22371,-100.85004
NE,Curtis,40.61307,-100.51041
NE,Dakota City,42.38074,-96.45361
NE,Dalton,41.40678,-102.97261
NE,Danbury,40.03769,-100.42423
NE,Dannebrog,41.11916,-98.55456
NE,Davenport,40.31078,-97.80496
NE,Davey,41.00254,-96.64138
NE,David City,41.23732,-97.12623
NE,Dawson,40.1377,-95.8341
NE,Daykin,40.31916,-97.30431
NE,De Witt,40.39438,-96.93377
NE,Decatur,41.99655,-96.25946
NE,Denton,40.7009,-96.85316
NE,Deshler,40.13867,-97.73001
NE,Deweese,40.37923,-98.1772
NE,Dickens,40.80409,-101.01495
NE,Diller,40.1192,-96.94949
NE,Dix,41.22699,-103.4796
NE,Dixon,42.41853,-96.97738
NE,Dodge,41.68161,-96.81808
NE,Doniphan,40.77003,-98.37901
NE,Dorchester,40.64986,-97.10556
NE,Douglas,40.58382,-96.39696
NE,Du Bois,40.03749,-96.05748
NE,Dunbar,40.65916,-96.01358
NE,Duncan,41.38944,-97.49444
NE,Dunning,41.81311,-100.08727
NE,Dwight,41.08939,-96.99314
NE,Eagle,40.81691,-96.42897
NE,Eddyville,41.0079,-99.68101
NE,Edgar,40.36517,-97.97268
NE,Edison,40.28018,-99.78599
NE,Elba,41.28644,-98.57562
NE,Elgin,41.97324,-98.07508
NE,Elk Creek,40.2977,-96.14213
NE,Elkhorn,41.27565,-96.24308
NE,Ellsworth,42.16972,-102.47245
NE,Elm Creek,40.73008,-99.37279
NE,Elmwood,40.83781,-96.29439
NE,Elsie,40.85965,-101.36999
NE,Elsmere,42.26497,-100.28241
NE,Elwood,40.57474,-99.82581
NE,Elyria,41.69566,-99.04666
NE,Emerson,42.28525,-96.71587
NE,Emmet,42.47471,-98.82378
NE,Enders,40.46549,-101.52216
NE,Endicott,40.07341,-97.09379
NE,Ericson,41.7828,-98.64532
NE,Eustis,40.62674,-100.05469
NE,Ewing,42.18511,-98.39814
NE,Exeter,40.63406,-97.44239
NE,Fairbury,40.14882,-97.18392
NE,Fairfield,40.42851,-98.10627
NE,Fairmont,40.6404,-97.58729
NE,Falls City,40.07419,-95.59315
NE,Farnam,40.71288,-100.20688
NE,Farwell,41.22038,-98.64814
NE,Filley,40.29461,-96.53013
NE,Firth,40.55859,-96.61402
NE,Fordyce,42.73089,-97.35667
NE,Fort Calhoun,41.43728,-96.03238
NE,Franklin,40.10517,-98.94686
NE,Fremont,41.44164,-96.49447
NE,Friend,40.63679,-97.27393
NE,Fullerton,41.36604,-98.00536
NE,Funk,40.50203,-99.24499
NE,Garland,40.94119,-96.97019
NE,Geneva,40.52773,-97.60962
NE,Genoa,41.44678,-97.76401
NE,Gering,41.82199,-103.6629
NE,Gibbon,40.74444,-98.85435
NE,Gilead,40.14699,-97.42714
NE,Giltner,40.7654,-98.14344
NE,Glenvil,40.49314,-98.24648
NE,Goehner,40.83021,-97.20546
NE,Gordon,42.80684,-102.20493
NE,Gothenburg,40.94004,-100.15471
NE,Grafton,40.64019,-97.74026
NE,Grand Island,40.92186,-98.34106
NE,Grant,40.85107,-101.71959
NE,Greeley,41.55258,-98.52995
NE,Greenwood,40.97064,-96.42584
NE,Gresham,41.02095,-97.40794
NE,Gretna,41.13446,-96.24584
NE,Guide Rock,40.08119,-98.33906
NE,Gurley,41.28771,-102.98233
NE,Hadar,42.105,-97.44889
NE,Haigler,40.06418,-101.93711
NE,Hallam,40.55473,-96.75452
NE,Halsey,41.92909,-100.29551
NE,Hampton,40.92361,-97.88415
NE,Hardy,40.02845,-97.92706
NE,Harrisburg,41.55306,-103.71114
NE,Harrison,42.39459,-103.8318
NE,Hartington,42.62349,-97.28368
NE,Harvard,40.62646,-98.08457
NE,Hastings,40.58765,-98.39115
NE,Hay Springs,42.64012,-102.67564
NE,Hayes Center,40.51732,-101.02521
NE,Hazard,41.09337,-99.07186
NE,Heartwell,40.5716,-98.78514
NE,Hebron,40.17281,-97.60523
NE,Hemingford,42.33117,-103.06441
NE,Henderson,40.78137,-97.79787
NE,Hendley,40.10631,-99.97154
NE,Herman,41.65238,-96.28694
NE,Hershey,41.1553,-101.00116
NE,Hickman,40.62456,-96.62492
NE,Hildreth,40.32174,-99.05713
NE,Holbrook,40.30189,-100.01359
NE,Holdrege,40.44753,-99.36723
NE,Holstein,40.45417,-98.65378
NE,Homer,42.32167,-96.48917
NE,Hooper,41.64137,-96.52323
NE,Hordville,41.08125,-97.88814
NE,Hoskins,42.14084,-97.30844
NE,Howells,41.69644,-96.98581
NE,Hubbard,42.41314,-96.62243
NE,Hubbell,40.04558,-97.47347
NE,Humboldt,40.1566,-95.93108
NE,Humphrey,41.67018,-97.49865
NE,Hyannis,42.00697,-101.7483
NE,Imperial,40.52512,-101.64678
NE,Inavale,40.09589,-98.66119
NE,Indianola,40.23572,-100.42976
NE,Inland,40.58993,-98.22338
NE,Inman,42.37615,-98.53837
NE,Ithaca,41.17485,-96.52979
NE,Jackson,42.45288,-96.57434
NE,Jansen,40.20743,-97.02443
NE,Johnson,40.40162,-95.98828
NE,Johnstown,42.53086,-100.04532
NE,Julian,40.48606,-95.85046
NE,Juniata,40.58665,-98.51502
NE,Kearney,40.7086,-99.1203
NE,Kenesaw,40.61645,-98.65724
NE,Kennard,41.47114,-96.16193
NE,Keystone,41.26213,-101.62822
NE,Kilgore,42.91459,-100.98845
NE,Kimball,41.23208,-103.66024
NE,La Vista,41.17198,-96.04026
NE,Lakeside,42.04959,-102.44366
NE,Laurel,42.42704,-97.08738
NE,Lawrence,40.27672,-98.24024
NE,Lebanon,40.07522,-100.26122
NE,Leigh,41.67388,-97.232
NE,Lemoyne,41.30402,-101.89468
NE,Lewellen,41.34346,-102.13962
NE,Lewiston,40.23088,-96.40494
NE,Lexington,40.785,-99.75151
NE,Liberty,40.07529,-96.52367
NE,Lincoln,40.8169,-96.7103
NE,Lindsay,41.69263,-97.67113
NE,Linwood,41.41293,-96.93987
NE,Lisco,41.5114,-102.54983
NE,Litchfield,41.16864,-99.14145
NE,Lodgepole,41.16974,-102.65703
NE,Long Pine,42.53338,-99.72304
NE,Loomis,40.47915,-99.49785
NE,Lorton,40.5964,-96.0245
NE,Louisville,40.99667,-96.19482
NE,Loup City,41.28453,-98.97515
NE,Lyman,41.89176,-104.00657
NE,Lynch,42.83727,-98.45043
NE,Lyons,41.94416,-96.46614
NE,Macy,42.11774,-96.35886
NE,Madison,41.83079,-97.47195
NE,Madrid,40.85443,-101.53707
NE,Magnet,42.47529,-97.44072
NE,Malcolm,40.90913,-96.85997
NE,Malmo,41.29842,-96.73272
NE,Manley,40.91972,-96.16556
NE,Marquette,41.01002,-97.99995
NE,Marsland,42.59884,-103.05186
NE,Martell,40.65143,-96.74423
NE,Maskell,42.67025,-96.96698
NE,Mason City,41.18532,-99.30494
NE,Max,40.10688,-101.39161
NE,Maxwell,41.05883,-100.52699
NE,Maywood,40.58926,-100.64213
NE,Mc Cook,40.2049,-100.62795
NE,Mc Cool Junction,40.74418,-97.59367
NE,Mcgrew,41.72917,-103.42778
NE,Mclean,42.39208,-97.47511
NE,Mead,41.23929,-96.49614
NE,Meadow Grove,42.01018,-97.73343
NE,Melbeta,41.78167,-103.51722
NE,Memphis,41.095,-96.43111
NE,Merna,41.44348,-99.8036
NE,Merriman,42.64188,-101.7583
NE,Milford,40.76315,-97.05763
NE,Miller,40.94224,-99.37399
NE,Milligan,40.49516,-97.39968
NE,Mills,42.92253,-99.44665
NE,Minatare,41.84933,-103.48901
NE,Minden,40.50914,-98.9383
NE,Mitchell,41.94585,-103.796
NE,Monroe,41.47825,-97.60608
NE,Moorefield,40.57856,-100.31077
NE,Morrill,41.96807,-103.91822
NE,Morse Bluff,41.41783,-96.78617
NE,Mullen,42.01629,-101.05419
NE,Murdock,40.91903,-96.28483
NE,Murray,40.91999,-95.92267
NE,Naper,42.95209,-99.07103
NE,Naponee,40.12581,-99.12772
NE,Nebraska City,40.67475,-95.8619
NE,Nehawka,40.83298,-95.99304
NE,Neligh,42.13893,-98.01507
NE,Nelson,40.20974,-98.05842
NE,Nemaha,40.31982,-95.69133
NE,Nenzel,42.92778,-101.1025
NE,Newcastle,42.62067,-96.87085
NE,Newman Grove,41.74977,-97.77397
NE,Newport,42.60009,-99.33589
NE,Nickerson,41.52329,-96.49042
NE,Niobrara,42.77694,-97.91273
NE,Norfolk,42.03291,-97.4229
NE,North Bend,41.46892,-96.78133
NE,North Loup,41.49717,-98.78584
NE,North Platte,41.1326,-100.77463
NE,Oak,40.26049,-97.88411
NE,Oakdale,42.05358,-97.91864
NE,Oakland,41.83843,-96.46706
NE,Oconto,41.13808,-99.69511
NE,Odell,40.04513,-96.80192
NE,Odessa,40.70973,-99.25408
NE,Offutt A F B,41.11476,-95.9076
NE,Ogallala,41.1275,-101.71074
NE,Ohiowa,40.40651,-97.44271
NE,Omaha,41.16834,-96.20963
NE,Omaha,41.261,-95.9376
NE,Oneill,42.48573,-98.64557
NE,Ong,40.39681,-97.86102
NE,Orchard,42.33987,-98.24085
NE,Ord,41.59619,-98.94178
NE,Orleans,40.14843,-99.45719
NE,Osceola,41.19656,-97.55708
NE,Oshkosh,41.44506,-102.3457
NE,Osmond,42.35394,-97.582
NE,Otoe,40.73548,-96.13287
NE,Overton,40.75187,-99.52782
NE,Oxford,40.25605,-99.6302
NE,Page,42.41188,-98.39639
NE,Palisade,40.33867,-101.12946
NE,Palmer,41.17876,-98.24115
NE,Palmyra,40.70496,-96.3999
NE,Panama,40.59778,-96.51056
NE,Papillion,41.15226,-96.03705
NE,Parks,40.13984,-101.73988
NE,Pawnee City,40.10929,-96.15093
NE,Paxton,41.12676,-101.35854
NE,Pender,42.11772,-96.71891
NE,Peru,40.47664,-95.73117
NE,Petersburg,41.85895,-98.08479
NE,Phillips,40.8982,-98.21286
NE,Pickrell,40.38212,-96.73444
NE,Pierce,42.19432,-97.5256
NE,Pilger,42.04041,-97.26847
NE,Plainview,42.3467,-97.77862
NE,Platte Center,41.52411,-97.45762
NE,Plattsmouth,40.99919,-95.91393
NE,Pleasant Dale,40.81333,-96.95128
NE,Pleasanton,40.98185,-99.12828
NE,Plymouth,40.3039,-97.00117
NE,Polk,41.11767,-97.75237
NE,Ponca,42.56931,-96.71279
NE,Potter,41.23469,-103.30611
NE,Prague,41.3036,-96.83008
NE,Primrose,41.64054,-98.23546
NE,Purdum,41.96648,-100.15685
NE,Ragan,40.30959,-99.24891
NE,Randolph,42.37978,-97.34644
NE,Ravenna,41.02327,-98.90413
NE,Raymond,40.98533,-96.78294
NE,Red Cloud,40.09516,-98.51865
NE,Republican City,40.1034,-99.23219
NE,Reynolds,40.05937,-97.31824
NE,Rising City,41.20822,-97.30317
NE,Riverdale,40.76268,-99.13815
NE,Riverton,40.10163,-98.78582
NE,Roca,40.67019,-96.63908
NE,Rockville,41.11083,-98.85776
NE,Rogers,41.46954,-96.94974
NE,Rosalie,42.05743,-96.49287
NE,Roseland,40.45906,-98.55506
NE,Royal,42.29461,-98.12463
NE,Rulo,40.05362,-95.42922
NE,Rushville,42.73793,-102.46574
NE,Ruskin,40.13832,-97.87203
NE,Saint Edward,41.57076,-97.88012
NE,Saint Helena,42.81815,-97.35862
NE,Saint Libory,41.08669,-98.35888
NE,Saint Paul,41.22421,-98.44399
NE,Salem,40.06195,-95.72726
NE,Sargent,41.65084,-99.38162
NE,Saronville,40.60063,-97.87385
NE,Schuyler,41.45913,-97.06283
NE,Scotia,41.48372,-98.68926
NE,Scottsbluff,41.87197,-103.66191
NE,Scribner,41.66304,-96.64409
NE,Seneca,41.99012,-100.80732
NE,Seward,40.90661,-97.09662
NE,Shelby,41.24354,-97.42954
NE,Shelton,40.7717,-98.74345
NE,Shickley,40.40768,-97.7143
NE,Shubert,40.23248,-95.68945
NE,Sidney,41.14278,-102.9775
NE,Silver Creek,41.319,-97.66711
NE,Smithfield,40.58357,-99.82386
NE,Snyder,41.70389,-96.78833
NE,South Bend,41.00167,-96.245
NE,South Sioux City,42.46561,-96.41816
NE,Spalding,41.68741,-98.37147
NE,Sparks,42.94111,-100.25556
NE,Spencer,42.88494,-98.70585
NE,Sprague,40.62583,-96.74444
NE,Springfield,41.07649,-96.14381
NE,Springview,42.84878,-99.80615
NE,St Columbans,41.09417,-96.05361
NE,Stamford,40.11625,-99.58141
NE,Stanton,41.90756,-97.21395
NE,Staplehurst,40.98445,-97.18586
NE,Stapleton,41.48877,-100.4831
NE,Steele City,40.04249,-96.99071
NE,Steinauer,40.21688,-96.23022
NE,Stella,40.23034,-95.76799
NE,Sterling,40.46374,-96.38666
NE,Stockville,40.49483,-100.38489
NE,Strang,40.39811,-97.55213
NE,Stratton,40.14446,-101.21828
NE,Stromsburg,41.11183,-97.57418
NE,Stuart,42.57131,-99.13956
NE,Sumner,40.95038,-99.51995
NE,Superior,40.03154,-98.07787
NE,Surprise,41.08992,-97.30901
NE,Sutherland,41.15575,-101.13603
NE,Sutton,40.65396,-97.87348
NE,Swanton,40.38439,-97.08055
NE,Syracuse,40.66139,-96.18241
NE,Table Rock,40.18744,-96.08182
NE,Talmage,40.55865,-96.01381
NE,Taylor,41.82286,-99.4154
NE,Tecumseh,40.3697,-96.20495
NE,Tekamah,41.7819,-96.22814
NE,Thedford,41.97357,-100.57383
NE,Thurston,42.18816,-96.69036
NE,Tilden,42.04963,-97.8223
NE,Tobias,40.42617,-97.31844
NE,Trenton,40.1681,-101.02007
NE,Trumbull,40.66918,-98.25741
NE,Tryon,41.57317,-101.01751
NE,Uehling,41.73417,-96.50472
NE,Ulysses,41.07906,-97.19839
NE,Unadilla,40.69167,-96.28245
NE,Union,40.82445,-95.90374
NE,Upland,40.31707,-98.89658
NE,Utica,40.91685,-97.33443
NE,Valentine,42.80617,-100.62154
NE,Valley,41.31858,-96.34629
NE,Valparaiso,41.0843,-96.80915
NE,Venango,40.80732,-101.98389
NE,Verdigre,42.61011,-98.07928
NE,Verdon,40.14251,-95.71616
NE,Virginia,40.23088,-96.51215
NE,Waco,40.91983,-97.45335
NE,Wahoo,41.21172,-96.62195
NE,Wakefield,42.27327,-96.87765
NE,Wallace,40.83042,-101.17377
NE,Walthill,42.14854,-96.48029
NE,Walton,40.79747,-96.53594
NE,Washington,41.3975,-96.20778
NE,Waterbury,42.46043,-96.74478
NE,Waterloo,41.27024,-96.30632
NE,Wauneta,40.44091,-101.3812
NE,Wausa,42.49726,-97.55762
NE,Waverly,40.92224,-96.52599
NE,Wayne,42.23044,-97.01858
NE,Weeping Water,40.8731,-96.15283
NE,Wellfleet,40.79878,-100.71192
NE,West Point,41.84503,-96.73176
NE,Western,40.41516,-97.19765
NE,Westerville,41.41928,-99.38437
NE,Weston,41.18108,-96.76908
NE,Whiteclay,42.99694,-102.55417
NE,Whitman,41.95835,-101.52162
NE,Whitney,42.75588,-103.23955
NE,Wilber,40.48214,-96.97571
NE,Wilcox,40.37352,-99.15393
NE,Willow Island,40.87778,-100.09444
NE,Wilsonville,40.10889,-100.1211
NE,Winnebago,42.23385,-96.46851
NE,Winnetoon,42.49457,-98.02541
NE,Winside,42.16782,-97.18251
NE,Winslow,41.60917,-96.50417
NE,Wisner,41.99799,-96.91697
NE,Wolbach,41.42437,-98.39946
NE,Wood Lake,42.62639,-100.28718
NE,Wood River,40.81063,-98.60651
NE,Wymore,40.11295,-96.66133
NE,Wynot,42.7393,-97.16781
NE,York,40.86668,-97.58248
NE,Yutan,41.23403,-96.39325
NH,Acworth,43.21778,-72.2925
NH,Alstead,43.12648,-72.32805
NH,Alton,43.46302,-71.22971
NH,Alton Bay,43.48447,-71.24888
NH,Amherst,42.85694,-71.60754
NH,Andover,43.42867,-71.78295
NH,Antrim,43.05955,-71.9387
NH,Ashland,43.70343,-71.61208
NH,Ashuelot,42.78506,-72.4349
NH,Atkinson,42.83698,-71.1603
NH,Auburn,42.99253,-71.34489
NH,Barnstead,43.36513,-71.28695
NH,Barrington,43.2027,-71.03767
NH,Bartlett,44.08656,-71.2491
NH,Bath,44.17342,-71.95674
NH,Bedford,42.94031,-71.52127
NH,Belmont,43.45119,-71.48899
NH,Bennington,43.01031,-71.91534
NH,Berlin,44.48107,-71.18924
NH,Bethlehem,44.28085,-71.68293
NH,Bow,43.13879,-71.54481
NH,Bradford,43.29434,-71.98505
NH,Bretton Woods,44.25806,-71.44167
NH,Bristol,43.61199,-71.75066
NH,Brookline,42.73844,-71.66625
NH,Campton,43.88851,-71.63614
NH,Canaan,43.66009,-72.02972
NH,Candia,43.05851,-71.30486
NH,Canterbury,43.35704,-71.55701
NH,Center Barnstead,43.35656,-71.24244
NH,Center Harbor,43.71069,-71.47973
NH,Center Ossipee,43.76819,-71.13488
NH,Center Sandwich,43.81617,-71.45061
NH,Center Strafford,43.26289,-71.10712
NH,Center Tuftonboro,43.6902,-71.26506
NH,Charlestown,43.25734,-72.40638
NH,Chatham,43.98776,-71.06068
NH,Chester,42.96776,-71.24496
NH,Chesterfield,42.90078,-72.48722
NH,Chichester,43.24917,-71.40028
NH,Chocorua,43.89085,-71.24072
NH,Claremont,43.36794,-72.34219
NH,Colebrook,44.90778,-71.47934
NH,Concord,43.21852,-71.52773
NH,Contoocook,43.2189,-71.6963
NH,Conway,43.97416,-71.15028
NH,Cornish,43.49634,-72.33943
NH,Cornish Flat,43.49722,-72.28
NH,Danbury,43.5115,-71.86907
NH,Danville,42.92343,-71.12099
NH,Deerfield,43.13776,-71.25126
NH,Derry,42.8874,-71.30197
NH,Dover,43.19001,-70.88488
NH,Drewsville,43.12806,-72.3925
NH,Dublin,42.8972,-72.05054
NH,Dunbarton,43.10944,-71.59917
NH,Durham,43.13382,-70.95233
NH,East Andover,43.47766,-71.75961
NH,East Candia,43.04806,-71.24917
NH,East Derry,42.89444,-71.29167
NH,East Hampstead,42.88766,-71.12798
NH,East Wakefield,43.64102,-71.00771
NH,Eaton Center,43.90917,-71.08417
NH,Effingham,43.72122,-71.00211
NH,Elkins,43.42083,-71.93778
NH,Enfield,43.62558,-72.12701
NH,Enfield Center,43.59,-72.11139
NH,Epping,43.04105,-71.07637
NH,Epsom,43.2174,-71.35458
NH,Errol,44.80027,-71.14361
NH,Etna,43.71133,-72.21248
NH,Exeter,42.97717,-70.96431
NH,Farmington,43.38837,-71.06469
NH,Fitzwilliam,42.7611,-72.14501
NH,Francestown,42.99195,-71.81131
NH,Franconia,44.20527,-71.75182
NH,Franklin,43.44257,-71.64912
NH,Freedom,43.81724,-71.06282
NH,Fremont,42.98402,-71.12184
NH,Georges Mills,43.43167,-72.06778
NH,Gilford,43.5475,-71.40722
NH,Gilmanton,43.41748,-71.41206
NH,Gilmanton Iron Works,43.42528,-71.33031
NH,Gilsum,43.0431,-72.26327
NH,Glen,44.10178,-71.19246
NH,Glencliff,43.98278,-71.89389
NH,Goffstown,43.01822,-71.56264
NH,Gorham,44.3996,-71.17998
NH,Goshen,43.30262,-72.12412
NH,Grafton,43.57274,-71.96339
NH,Grantham,43.51032,-72.13344
NH,Greenfield,42.94928,-71.87275
NH,Greenland,43.03529,-70.84748
NH,Greenville,42.7489,-71.78449
NH,Guild,43.37667,-72.13861
NH,Hampstead,42.88196,-71.1758
NH,Hampton,42.93588,-70.82434
NH,Hampton Falls,42.92632,-70.88761
NH,Hancock,42.97682,-71.98186
NH,Hanover,43.70453,-72.28496
NH,Harrisville,42.93987,-72.09724
NH,Haverhill,44.03944,-72.05728
NH,Hebron,43.71857,-71.82696
NH,Henniker,43.17909,-71.81592
NH,Hill,43.52742,-71.72917
NH,Hillsborough,43.12071,-71.90282
NH,Hinsdale,42.80271,-72.50147
NH,Holderness,43.73194,-71.58889
NH,Hollis,42.74851,-71.57721
NH,Hooksett,43.06171,-71.44445
NH,Hudson,42.76904,-71.41214
NH,Intervale,44.09548,-71.11942
NH,Jackson,44.16699,-71.18781
NH,Jaffrey,42.81779,-72.02751
NH,Jefferson,44.39991,-71.45183
NH,Kearsarge,44.07528,-71.11806
NH,Keene,42.94313,-72.28954
NH,Kingston,42.91326,-71.06391
NH,Laconia,43.53871,-71.45291
NH,Lancaster,44.49207,-71.55912
NH,Lebanon,43.64222,-72.25222
NH,Lee,43.12314,-71.01145
NH,Lempster,43.21863,-72.16621
NH,Lincoln,44.05816,-71.67271
NH,Lisbon,44.21484,-71.89656
NH,Litchfield,42.84417,-71.48028
NH,Littleton,44.31119,-71.77682
NH,Lochmere,43.47111,-71.53056
NH,Londonderry,42.86556,-71.37719
NH,Loudon,43.28556,-71.46778
NH,Lyme,43.79133,-72.16199
NH,Lyme Center,43.79917,-72.12333
NH,Lyndeborough,42.89545,-71.77437
NH,Madbury,43.16917,-70.92444
NH,Madison,43.91521,-71.12541
NH,Manchester,42.99286,-71.46326
NH,Marlborough,42.8988,-72.20129
NH,Marlow,43.13258,-72.21088
NH,Melvin Village,43.68889,-71.30472
NH,Meredith,43.65021,-71.51133
NH,Meriden,43.52987,-72.27564
NH,Merrimack,42.86669,-71.51278
NH,Milan,44.58697,-71.18103
NH,Milford,42.8285,-71.66057
NH,Milton,43.40972,-70.98889
NH,Milton Mills,43.50249,-70.96973
NH,Mirror Lake,43.63655,-71.27286
NH,Monroe,44.27336,-72.02503
NH,Mont Vernon,42.8976,-71.67624
NH,Moultonborough,43.72813,-71.39225
NH,Mount Washington,44.34583,-71.55472
NH,Nashua,42.75639,-71.46668
NH,Nelson,42.99865,-72.1337
NH,New Boston,42.97217,-71.6864
NH,New Castle,43.06811,-70.71992
NH,New Durham,43.44304,-71.14083
NH,New Hampton,43.61839,-71.64351
NH,New Ipswich,42.75114,-71.87032
NH,New London,43.4145,-71.98567
NH,Newbury,43.34056,-72.07139
NH,Newfields,43.03694,-70.93889
NH,Newington,43.23611,-70.82083
NH,Newmarket,43.07263,-70.95532
NH,Newport,43.35323,-72.18379
NH,Newton,42.8678,-71.04202
NH,Newton Junction,42.86722,-71.06639
NH,North Conway,44.03361,-71.12381
NH,North Hampton,42.97763,-70.82674
NH,North Haverhill,44.09784,-72.01911
NH,North Salem,42.83694,-71.22111
NH,North Sandwich,43.84518,-71.38502
NH,North Stratford,44.71491,-71.56437
NH,North Sutton,43.36389,-71.94
NH,North Walpole,43.14276,-72.44825
NH,North Woodstock,44.01983,-71.69768
NH,Northumberland,44.59837,-71.50642
NH,Northwood,43.20696,-71.20042
NH,Nottingham,43.11963,-71.11098
NH,Orford,43.8941,-72.09785
NH,Ossipee,43.69451,-71.11287
NH,Pelham,42.72881,-71.30455
NH,Peterborough,42.88559,-71.94696
NH,Piermont,43.99057,-72.0813
NH,Pike,44.02551,-72.00959
NH,Pittsburg,45.08656,-71.36359
NH,Pittsfield,43.28738,-71.33303
NH,Plainfield,43.55192,-72.2704
NH,Plaistow,42.83555,-71.0934
NH,Plymouth,43.76352,-71.68471
NH,Portsmouth,43.06652,-70.78041
NH,Randolph,44.37528,-71.28028
NH,Raymond,43.03251,-71.19116
NH,Rindge,42.75439,-72.01904
NH,Rochester,43.26837,-70.97664
NH,Rollinsford,43.22694,-70.83321
NH,Rumney,43.80439,-71.84802
NH,Rye,43.00947,-70.76515
NH,Rye Beach,42.97667,-70.76611
NH,Salem,42.78465,-71.21761
NH,Salisbury,43.40665,-71.70447
NH,Sanbornton,43.54955,-71.60035
NH,Sanbornville,43.55128,-71.02
NH,Sandown,42.93082,-71.18606
NH,Seabrook,42.88536,-70.86464
NH,Silver Lake,43.87897,-71.1905
NH,Somersworth,43.25255,-70.87559
NH,South Acworth,43.17694,-72.34105
NH,South Hampton,42.91129,-70.9769
NH,South Newbury,43.29556,-71.99722
NH,South Sutton,43.32,-71.93472
NH,South Tamworth,43.83361,-71.31165
NH,Spofford,42.91197,-72.41028
NH,Springfield,43.49162,-72.05786
NH,Stinson Lake,43.86111,-71.80889
NH,Stoddard,43.07394,-72.10881
NH,Strafford,43.25057,-71.16248
NH,Stratham,43.01943,-70.89971
NH,Sugar Hill,43.60667,-71.73694
NH,Sullivan,42.99401,-72.19178
NH,Sunapee,43.38682,-72.09504
NH,Suncook,43.14755,-71.43966
NH,Swanzey,42.88414,-72.2493
NH,Tamworth,43.86205,-71.26445
NH,Temple,42.82003,-71.85235
NH,Thornton,43.89285,-71.67591
NH,Tilton,43.46033,-71.57741
NH,Troy,42.82697,-72.18475
NH,Twin Mountain,44.27222,-71.53944
NH,Union,43.4382,-71.02086
NH,Walpole,43.07653,-72.41549
NH,Warner,43.30351,-71.83535
NH,Warren,43.94467,-71.89013
NH,Washington,43.17471,-72.08241
NH,Waterville Valley,43.95,-71.5
NH,Weare,43.07142,-71.70376
NH,Wentworth,43.86846,-71.90965
NH,West Chesterfield,42.87315,-72.51122
NH,West Lebanon,43.64401,-72.30074
NH,West Nottingham,43.13397,-71.11101
NH,West Ossipee,43.83596,-71.20514
NH,West Peterborough,42.88722,-71.98583
NH,West Stewartstown,44.99528,-71.53167
NH,West Swanzey,42.87031,-72.29769
NH,Westmoreland,42.969,-72.43578
NH,Whitefield,44.36811,-71.60345
NH,Wilmot,43.43218,-71.90098
NH,Wilton,42.83676,-71.75407
NH,Winchester,42.77392,-72.36367
NH,Windham,42.80511,-71.30674
NH,Winnisquam,43.50139,-71.5125
NH,Wolfeboro,43.595,-71.19084
NH,Wolfeboro Falls,43.59194,-71.20611
NH,Wonalancet,43.90722,-71.35111
NH,Woodstock,43.9775,-71.68556
NH,Woodsville,44.13855,-71.98922
NJ,Absecon,39.46237,-74.50311
NJ,Adelphia,40.21806,-74.25667
NJ,Allamuchy,40.92167,-74.81056
NJ,Allendale,41.03265,-74.13419
NJ,Allenhurst,40.23667,-74.00671
NJ,Allentown,40.15892,-74.59093
NJ,Allenwood,40.14139,-74.10028
NJ,Alloway,39.56083,-75.36278
NJ,Alpine,40.9511,-73.93084
NJ,Andover,40.96139,-74.75242
NJ,Annandale,40.62873,-74.88551
NJ,Asbury,40.65017,-75.01585
NJ,Asbury Park,40.23557,-74.02949
NJ,Atco,39.77091,-74.87937
NJ,Atlantic City,39.36641,-74.43173
NJ,Atlantic Highlands,40.40772,-74.03241
NJ,Audubon,39.89104,-75.07242
NJ,Augusta,41.14509,-74.68475
NJ,Avalon,39.0951,-74.72618
NJ,Avenel,40.58257,-74.27852
NJ,Avon By The Sea,40.1918,-74.01674
NJ,Baptistown,40.52167,-75.00639
NJ,Barnegat,39.75525,-74.24699
NJ,Barnegat Light,39.7575,-74.10667
NJ,Barrington,39.86506,-75.05636
NJ,Basking Ridge,40.67894,-74.56046
NJ,Bayonne,40.6664,-74.11917
NJ,Bayville,39.91471,-74.19053
NJ,Beach Haven,39.63635,-74.18903
NJ,Beachwood,39.93025,-74.19615
NJ,Bedminster,40.65711,-74.64324
NJ,Belford,40.41728,-74.08889
NJ,Belle Mead,40.46773,-74.62899
NJ,Belleville,40.79458,-74.16312
NJ,Bellmawr,39.86888,-75.09437
NJ,Belmar,40.17833,-74.02222
NJ,Belvidere,40.83082,-75.05026
NJ,Bergenfield,40.92384,-73.99892
NJ,Berkeley Heights,40.67522,-74.4346
NJ,Berlin,39.77884,-74.93081
NJ,Bernardsville,40.72251,-74.57781
NJ,Beverly,40.05645,-74.91136
NJ,Birmingham,39.97583,-74.71056
NJ,Blackwood,39.7741,-75.05875
NJ,Blairstown,40.96739,-74.9651
NJ,Blawenburg,40.4075,-74.70306
NJ,Bloomfield,40.80346,-74.18907
NJ,Bloomingdale,41.01284,-74.33376
NJ,Bloomsbury,40.64366,-75.09664
NJ,Bogota,40.87444,-74.02812
NJ,Boonton,40.91153,-74.41403
NJ,Bordentown,40.14314,-74.70325
NJ,Bound Brook,40.56811,-74.53973
NJ,Bradley Beach,40.20231,-74.01317
NJ,Branchville,41.17051,-74.75002
NJ,Brick,40.04082,-74.12686
NJ,Bridgeport,39.80162,-75.34782
NJ,Bridgeton,39.44529,-75.22673
NJ,Bridgewater,40.59039,-74.62674
NJ,Brielle,40.10773,-74.06351
NJ,Brigantine,39.40371,-74.37764
NJ,Broadway,40.73194,-75.05194
NJ,Brookside,40.79417,-74.56833
NJ,Browns Mills,39.95974,-74.56555
NJ,Budd Lake,40.87311,-74.74255
NJ,Buena,39.53699,-74.88949
NJ,Burlington,40.06802,-74.84535
NJ,Butler,40.99212,-74.36406
NJ,Buttzville,40.83222,-75.00667
NJ,Caldwell,40.84906,-74.27677
NJ,Califon,40.71621,-74.81522
NJ,Camden,39.92583,-75.12
NJ,Cape May,38.96921,-74.92624
NJ,Cape May Court House,39.10143,-74.82685
NJ,Cape May Point,38.93722,-74.96972
NJ,Carlstadt,40.8403,-74.0925
NJ,Carteret,40.58228,-74.23135
NJ,Cedar Brook,39.71528,-74.90111
NJ,Cedar Grove,40.85344,-74.22967
NJ,Cedar Knolls,40.82234,-74.45686
NJ,Cedarville,39.33703,-75.19936
NJ,Changewater,40.73806,-74.94444
NJ,Chatham,40.73053,-74.4017
NJ,Chatsworth,39.80195,-74.52562
NJ,Cherry Hill,39.93081,-75.01754
NJ,Chester,40.78919,-74.67765
NJ,Chesterfield,40.15835,-74.66684
NJ,Clark,40.62026,-74.31058
NJ,Clarksboro,39.79923,-75.22365
NJ,Clayton,39.65897,-75.09419
NJ,Clementon,39.80703,-75.004
NJ,Cliffside Park,40.82217,-73.98798
NJ,Cliffwood,40.43528,-74.23576
NJ,Clifton,40.87888,-74.14246
NJ,Clinton,40.64119,-74.90885
NJ,Closter,40.97205,-73.95898
NJ,Cologne,39.50472,-74.61361
NJ,Colonia,40.59374,-74.31637
NJ,Colts Neck,40.30123,-74.17799
NJ,Columbia,40.93881,-75.05498
NJ,Columbus,40.06424,-74.68988
NJ,Cookstown,40.04811,-74.55952
NJ,Cranbury,40.30387,-74.50653
NJ,Cranford,40.65536,-74.30568
NJ,Cream Ridge,40.12791,-74.49943
NJ,Cresskill,40.94185,-73.96521
NJ,Dayton,40.38249,-74.5111
NJ,Deal,40.25057,-74.002
NJ,Deepwater,39.68333,-75.49083
NJ,Deerfield Street,39.49306,-75.21722
NJ,Delaware,40.89278,-75.065
NJ,Delmont,39.20226,-74.97051
NJ,Delran,40.02468,-74.95613
NJ,Demarest,40.95477,-73.96022
NJ,Dennisville,39.19306,-74.82556
NJ,Denville,40.88974,-74.48438
NJ,Dividing Creek,39.27028,-75.10139
NJ,Dorchester,39.27278,-74.97722
NJ,Dorothy,39.40313,-74.83158
NJ,Dover,40.88722,-74.5597
NJ,Dumont,40.94469,-73.99214
NJ,Dunellen,40.59424,-74.47187
NJ,East Brunswick,40.4284,-74.40638
NJ,East Hanover,40.81916,-74.36357
NJ,East Orange,40.76961,-74.20772
NJ,East Rutherford,40.83853,-74.10407
NJ,Eatontown,40.30282,-74.06978
NJ,Edgewater,40.83165,-73.97382
NJ,Edison,40.51708,-74.39729
NJ,Egg Harbor City,39.53312,-74.61771
NJ,Egg Harbor Township,39.41361,-74.58889
NJ,Elizabeth,40.67169,-74.20434
NJ,Elizabethport,40.64816,-74.18792
NJ,Elmer,39.56915,-75.16302
NJ,Elmwood Park,40.9069,-74.1209
NJ,Elwood,39.57639,-74.71722
NJ,Emerson,40.97546,-74.02851
NJ,Englewood,40.89425,-73.97718
NJ,Englewood Cliffs,40.88204,-73.95445
NJ,Englishtown,40.30627,-74.33061
NJ,Essex Fells,40.82792,-74.27971
NJ,Estell Manor,39.37825,-74.81651
NJ,Ewan,39.69861,-75.18639
NJ,Ewing,40.23769,-74.78206
NJ,Fair Haven,40.35987,-74.03889
NJ,Fair Lawn,40.9343,-74.1166
NJ,Fairfield,40.88218,-74.29603
NJ,Fairton,39.38167,-75.22028
NJ,Fairview,40.81699,-73.99997
NJ,Fanwood,40.64186,-74.38676
NJ,Far Hills,40.70403,-74.65396
NJ,Farmingdale,40.20431,-74.17786
NJ,Flagtown,40.51694,-74.68472
NJ,Flanders,40.84532,-74.70188
NJ,Flemington,40.51798,-74.84532
NJ,Florence,40.11803,-74.80551
NJ,Florham Park,40.7757,-74.39282
NJ,Fords,40.53925,-74.31171
NJ,Forked River,39.84443,-74.1973
NJ,Fort Dix,40.00995,-74.6183
NJ,Fort Lee,40.85031,-73.97446
NJ,Fort Monmouth,40.31767,-74.039
NJ,Fortescue,39.2375,-75.17194
NJ,Franklin,41.11635,-74.58649
NJ,Franklin Lakes,41.00809,-74.21135
NJ,Franklin Park,40.4421,-74.53691
NJ,Franklinville,39.61556,-75.04088
NJ,Freehold,40.24578,-74.27682
NJ,Frenchtown,40.52079,-75.03247
NJ,Garfield,40.87889,-74.10814
NJ,Garwood,40.65121,-74.32386
NJ,Gibbsboro,39.83653,-74.971
NJ,Gibbstown,39.82314,-75.27513
NJ,Gillette,40.68768,-74.46813
NJ,Gladstone,40.72195,-74.67066
NJ,Glassboro,39.70682,-75.11725
NJ,Glasser,40.98639,-74.63389
NJ,Glen Gardner,40.71344,-74.91621
NJ,Glen Ridge,40.80401,-74.20548
NJ,Glen Rock,40.96018,-74.12537
NJ,Glendora,39.84038,-75.06974
NJ,Glenwood,41.23562,-74.48848
NJ,Gloucester City,39.89111,-75.11696
NJ,Goshen,39.14139,-74.85333
NJ,Great Meadows,40.85196,-74.94181
NJ,Green Creek,39.04611,-74.90167
NJ,Green Village,40.74162,-74.45168
NJ,Greendell,40.97389,-74.82139
NJ,Greenwich,39.38972,-75.33889
NJ,Grenloch,39.42583,-75.22528
NJ,Greystone Park,40.84398,-74.47965
NJ,Hackensack,40.88819,-74.0503
NJ,Hackettstown,40.85289,-74.83432
NJ,Haddon Heights,39.87883,-75.06639
NJ,Haddon Township,39.91857,-75.10783
NJ,Haddonfield,39.89545,-75.04173
NJ,Hainesport,39.98389,-74.8275
NJ,Haledon,40.94569,-74.1826
NJ,Hamburg,41.14671,-74.58738
NJ,Hammonton,39.63888,-74.79073
NJ,Hampton,40.67735,-74.96222
NJ,Hancocks Bridge,39.50528,-75.46222
NJ,Harrington Park,40.99179,-73.98002
NJ,Harrison,40.74754,-74.15587
NJ,Harrisonville,39.685,-75.26639
NJ,Hasbrouck Heights,40.86224,-74.07597
NJ,Haskell,41.03011,-74.29654
NJ,Haworth,40.96081,-73.98738
NJ,Hawthorne,40.95636,-74.1569
NJ,Hazlet,40.42255,-74.1799
NJ,Heislerville,39.24501,-74.99394
NJ,Helmetta,40.37774,-74.42039
NJ,Hewitt,41.17087,-74.36857
NJ,Hibernia,40.94389,-74.49306
NJ,High Bridge,40.66844,-74.89367
NJ,Highland Lakes,41.18262,-74.45644
NJ,Highland Park,40.49914,-74.4266
NJ,Highlands,40.40238,-73.99091
NJ,Hightstown,40.26689,-74.52499
NJ,Hillsborough,40.4775,-74.62722
NJ,Hillsdale,41.00695,-74.04263
NJ,Hillside,40.69681,-74.22807
NJ,Ho Ho Kus,41.00041,-74.10253
NJ,Hoboken,40.7445,-74.03286
NJ,Holmdel,40.345,-74.18444
NJ,Holmdel,40.38585,-74.17397
NJ,Hopatcong,40.93898,-74.66163
NJ,Hope,40.91111,-74.96778
NJ,Hopewell,40.39022,-74.77096
NJ,Howell,40.1481,-74.21368
NJ,Imlaystown,40.16622,-74.51094
NJ,Ironia,40.82278,-74.62611
NJ,Irvington,40.7261,-74.23127
NJ,Iselin,40.57159,-74.31668
NJ,Island Heights,39.9432,-74.14679
NJ,Jackson,40.12096,-74.30171
NJ,Jersey City,40.7164,-74.038
NJ,Jobstown,40.0387,-74.6873
NJ,Johnsonburg,40.96444,-74.87889
NJ,Juliustown,40.01333,-74.66917
NJ,Keansburg,40.44136,-74.13063
NJ,Kearny,40.76466,-74.14711
NJ,Keasbey,40.51917,-74.30212
NJ,Kendall Park,40.4208,-74.55292
NJ,Kenilworth,40.67587,-74.29442
NJ,Kenvil,40.8819,-74.62098
NJ,Keyport,40.43986,-74.19956
NJ,Kingston,40.38047,-74.61607
NJ,Lafayette,41.0761,-74.69122
NJ,Lake Hiawatha,40.88252,-74.38301
NJ,Lake Hopatcong,40.96588,-74.61444
NJ,Lakehurst,40.02005,-74.2909
NJ,Lakewood,40.08504,-74.2042
NJ,Lambertville,40.37312,-74.9266
NJ,Landing,40.90868,-74.65542
NJ,Landisville,39.52394,-74.93769
NJ,Lanoka Harbor,39.86199,-74.16676
NJ,Lavallette,39.97749,-74.07042
NJ,Lawnside,39.8676,-75.03168
NJ,Layton,41.20591,-74.81722
NJ,Lebanon,40.64662,-74.82904
NJ,Ledgewood,40.87803,-74.65541
NJ,Leeds Point,39.49194,-74.42944
NJ,Leesburg,39.23872,-75.00121
NJ,Leonardo,40.4177,-74.06226
NJ,Leonia,40.86293,-73.98787
NJ,Liberty Corner,40.66472,-74.57778
NJ,Lincoln Park,40.92077,-74.29951
NJ,Lincroft,40.33689,-74.12047
NJ,Linden,40.63537,-74.25557
NJ,Linwood,39.34688,-74.58074
NJ,Little Egg Harbor Twp,39.58815,-74.36459
NJ,Little Falls,40.88535,-74.21145
NJ,Little Ferry,40.84932,-74.0405
NJ,Little Silver,40.33539,-74.04132
NJ,Little York,40.61111,-75.07639
NJ,Livingston,40.78963,-74.3202
NJ,Lodi,40.87636,-74.08383
NJ,Long Branch,40.2992,-73.99118
NJ,Long Valley,40.78782,-74.78698
NJ,Longport,39.30971,-74.54214
NJ,Lumberton,39.96512,-74.80674
NJ,Lyndhurst,40.80943,-74.12453
NJ,Lyons,40.68528,-74.5475
NJ,Madison,40.75994,-74.41787
NJ,Magnolia,39.85381,-75.03925
NJ,Mahwah,41.07447,-74.15597
NJ,Malaga,39.57549,-75.05815
NJ,Manahawkin,39.70502,-74.26039
NJ,Manasquan,40.12169,-74.06105
NJ,Manchester Township,39.95098,-74.36071
NJ,Mantoloking,40.02613,-74.05619
NJ,Mantua,39.78698,-75.17853
NJ,Manville,40.53987,-74.59338
NJ,Maple Shade,39.95108,-74.99464
NJ,Maplewood,40.72791,-74.26557
NJ,Margate City,39.32862,-74.50904
NJ,Marlboro,40.31825,-74.26387
NJ,Marlton,39.88452,-74.90674
NJ,Marmora,39.25856,-74.6593
NJ,Martinsville,40.59996,-74.55719
NJ,Matawan,40.41088,-74.23795
NJ,Mauricetown,39.28583,-74.99361
NJ,Mays Landing,39.43201,-74.69619
NJ,Maywood,40.90241,-74.06292
NJ,Mc Afee,41.20167,-74.55083
NJ,Medford,39.8681,-74.82338
NJ,Mendham,40.77892,-74.60004
NJ,Merchantville,39.95193,-75.0482
NJ,Metuchen,40.54493,-74.35172
NJ,Mickleton,39.78565,-75.24978
NJ,Middlesex,40.57588,-74.50083
NJ,Middletown,40.39602,-74.11391
NJ,Middleville,41.05583,-74.86333
NJ,Midland Park,40.99567,-74.1409
NJ,Milford,40.59294,-75.10252
NJ,Millburn,40.7228,-74.30147
NJ,Millington,40.67272,-74.51829
NJ,Millstone Township,40.19975,-74.43439
NJ,Milltown,40.44935,-74.43905
NJ,Millville,39.36731,-75.02931
NJ,Milmay,39.44508,-74.86667
NJ,Mine Hill,40.8782,-74.5978
NJ,Minotola,39.51551,-74.94669
NJ,Mizpah,39.48667,-74.83611
NJ,Monmouth Beach,40.33303,-73.98089
NJ,Monmouth Junction,40.39439,-74.54702
NJ,Monroe Township,40.34248,-74.43357
NJ,Monroeville,39.64422,-75.15685
NJ,Montague,41.30226,-74.75396
NJ,Montclair,40.81307,-74.21647
NJ,Montvale,41.04946,-74.03836
NJ,Montville,40.90491,-74.36456
NJ,Moonachie,40.83935,-74.05665
NJ,Moorestown,39.9683,-74.95332
NJ,Morganville,40.35292,-74.27786
NJ,Morristown,40.79524,-74.48729
NJ,Mount Arlington,40.92827,-74.63633
NJ,Mount Ephraim,39.88275,-75.09289
NJ,Mount Freedom,40.82611,-74.57056
NJ,Mount Holly,39.99303,-74.79552
NJ,Mount Laurel,39.94781,-74.90359
NJ,Mount Royal,39.80974,-75.20815
NJ,Mount Tabor,40.87361,-74.47917
NJ,Mountain Lakes,40.89045,-74.44149
NJ,Mountainside,40.67846,-74.35878
NJ,Mullica Hill,39.72523,-75.20654
NJ,National Park,39.86641,-75.1794
NJ,Navesink,40.39944,-74.03583
NJ,Neptune,40.21115,-74.05405
NJ,Neshanic Station,40.50955,-74.71434
NJ,Netcong,40.8985,-74.69845
NJ,New Brunswick,40.48907,-74.44819
NJ,New Egypt,40.07134,-74.50672
NJ,New Gretna,39.59222,-74.45139
NJ,New Lisbon,39.95806,-74.62833
NJ,New Milford,40.93312,-74.01952
NJ,New Providence,40.7004,-74.40229
NJ,New Vernon,40.73468,-74.48447
NJ,Newark,40.7308,-74.1744
NJ,Newfield,39.55526,-75.02756
NJ,Newfoundland,41.06469,-74.43586
NJ,Newport,39.28321,-75.17165
NJ,Newton,41.05828,-74.78019
NJ,Newtonville,39.56448,-74.85905
NJ,Norma,39.49611,-75.08833
NJ,Normandy Beach,40.0025,-74.06083
NJ,North Arlington,40.78977,-74.13429
NJ,North Bergen,40.79302,-74.01771
NJ,North Brunswick,40.45377,-74.48229
NJ,Northfield,39.37026,-74.55524
NJ,Northvale,41.0112,-73.95238
NJ,Norwood,40.99523,-73.95817
NJ,Nutley,40.81855,-74.15893
NJ,Oak Ridge,41.0284,-74.5088
NJ,Oakhurst,40.26479,-74.01841
NJ,Oakland,41.02944,-74.23375
NJ,Ocean City,39.27089,-74.58751
NJ,Ocean Gate,39.92598,-74.13513
NJ,Ocean Grove,40.21161,-74.00931
NJ,Ocean View,39.21543,-74.70755
NJ,Oceanport,40.31573,-74.01637
NJ,Oceanville,39.47111,-74.46083
NJ,Ogdensburg,41.07671,-74.59819
NJ,Old Bridge,40.39805,-74.32355
NJ,Oldwick,40.6725,-74.74778
NJ,Oradell,40.95346,-74.03352
NJ,Orange,40.76922,-74.2355
NJ,Oxford,40.81054,-75.00194
NJ,Palisades Park,40.84624,-73.99544
NJ,Palmyra,40.00365,-75.02568
NJ,Paramus,40.94768,-74.06724
NJ,Park Ridge,41.03435,-74.03957
NJ,Parlin,40.4587,-74.30498
NJ,Parsippany,40.86211,-74.41166
NJ,Passaic,40.86013,-74.12835
NJ,Paterson,40.91427,-74.16714
NJ,Paulsboro,39.83116,-75.22423
NJ,Peapack,40.71667,-74.65694
NJ,Pedricktown,39.74345,-75.41205
NJ,Pemberton,39.97121,-74.66763
NJ,Pennington,40.33386,-74.79435
NJ,Penns Grove,39.71794,-75.46562
NJ,Pennsauken,39.96274,-75.06345
NJ,Pennsville,39.64911,-75.51553
NJ,Pequannock,40.94731,-74.29601
NJ,Perth Amboy,40.51755,-74.27543
NJ,Phillipsburg,40.69282,-75.1741
NJ,Picatinny Arsenal,40.8866,-74.5809
NJ,Pine Beach,39.93475,-74.16799
NJ,Pine Brook,40.87421,-74.35001
NJ,Piscataway,40.55152,-74.459
NJ,Pitman,39.73116,-75.12968
NJ,Pittstown,40.59917,-74.95759
NJ,Plainfield,40.61978,-74.4253
NJ,Plainsboro,40.33243,-74.56884
NJ,Pleasantville,39.40152,-74.55236
NJ,Pluckemin,40.64556,-74.63944
NJ,Point Pleasant Beach,40.08023,-74.06572
NJ,Pomona,39.47833,-74.57556
NJ,Pompton Lakes,40.99928,-74.28757
NJ,Pompton Plains,40.96552,-74.3016
NJ,Port Elizabeth,39.31333,-74.98139
NJ,Port Monmouth,40.42889,-74.10826
NJ,Port Murray,40.79062,-74.91675
NJ,Port Norris,39.25626,-75.05061
NJ,Port Reading,40.57093,-74.24664
NJ,Port Republic,39.5272,-74.49026
NJ,Pottersville,40.66111,-74.82139
NJ,Princeton,40.36663,-74.64083
NJ,Quakertown,40.56556,-74.94194
NJ,Quinton,39.54583,-75.41278
NJ,Rahway,40.60867,-74.28188
NJ,Ramsey,41.05774,-74.14447
NJ,Rancocas,40.01056,-74.86722
NJ,Randolph,40.84556,-74.57252
NJ,Raritan,40.57109,-74.63769
NJ,Readington,40.56861,-74.73806
NJ,Red Bank,40.35408,-74.08
NJ,Richland,39.48505,-74.87762
NJ,Richwood,39.7225,-75.16583
NJ,Ridgefield,40.83257,-74.00153
NJ,Ridgefield Park,40.85622,-74.02296
NJ,Ridgewood,40.98202,-74.11313
NJ,Ringoes,40.44587,-74.82884
NJ,Ringwood,41.09282,-74.26587
NJ,Rio Grande,39.01958,-74.87564
NJ,River Edge,40.92648,-74.03924
NJ,Riverdale,40.99311,-74.30876
NJ,Riverton,40.01139,-75.01528
NJ,Rochelle Park,40.90493,-74.0913
NJ,Rockaway,40.92292,-74.50937
NJ,Rocky Hill,40.40098,-74.64004
NJ,Roebling,40.11535,-74.77722
NJ,Roosevelt,40.22,-74.47361
NJ,Roseland,40.82034,-74.30469
NJ,Roselle,40.65297,-74.26104
NJ,Roselle Park,40.66513,-74.267
NJ,Rosemont,40.422,-74.99193
NJ,Rosenhayn,39.47806,-75.13167
NJ,Rumson,40.37183,-74.00062
NJ,Runnemede,39.85083,-75.07422
NJ,Rutherford,40.82925,-74.11215
NJ,Saddle Brook,40.89889,-74.09306
NJ,Saddle River,41.05308,-74.09677
NJ,Salem,39.55912,-75.4521
NJ,Sayreville,40.45917,-74.36139
NJ,Schooleys Mountain,40.79917,-74.81417
NJ,Scotch Plains,40.64216,-74.38166
NJ,Sea Girt,40.13452,-74.0436
NJ,Sea Isle City,39.14493,-74.70143
NJ,Seaside Heights,39.94664,-74.07648
NJ,Seaside Park,39.92218,-74.07952
NJ,Secaucus,40.79101,-74.06342
NJ,Sergeantsville,40.44583,-74.94389
NJ,Sewaren,40.55418,-74.26074
NJ,Sewell,39.74735,-75.08985
NJ,Shiloh,39.45889,-75.29944
NJ,Short Hills,40.73678,-74.32708
NJ,Shrewsbury,40.3282,-74.05889
NJ,Sicklerville,39.73539,-74.98638
NJ,Skillman,40.41731,-74.69383
NJ,Somerdale,39.83999,-75.03091
NJ,Somers Point,39.32231,-74.6008
NJ,Somerset,40.50074,-74.50126
NJ,Somerville,40.54939,-74.64593
NJ,South Amboy,40.46473,-74.27863
NJ,South Bound Brook,40.5528,-74.52908
NJ,South Dennis,39.17833,-74.82028
NJ,South Hackensack,40.86339,-74.0456
NJ,South Orange,40.74645,-74.25753
NJ,South Plainfield,40.58388,-74.41469
NJ,South River,40.44436,-74.3801
NJ,South Seaville,39.17889,-74.76028
NJ,Sparta,41.0277,-74.6407
NJ,Spotswood,40.38468,-74.38938
NJ,Spring Lake,40.1542,-74.03789
NJ,Springfield,40.70146,-74.3227
NJ,Stanhope,40.92174,-74.70044
NJ,Stanton,40.575,-74.83806
NJ,Stewartsville,40.6957,-75.08252
NJ,Stillwater,41.03583,-74.87861
NJ,Stirling,40.67737,-74.49683
NJ,Stockholm,41.0992,-74.52826
NJ,Stockton,40.43974,-74.95542
NJ,Stone Harbor,39.05334,-74.76205
NJ,Stratford,39.8288,-75.01471
NJ,Strathmere,39.19925,-74.65545
NJ,Succasunna,40.85385,-74.6536
NJ,Summit,40.71494,-74.36416
NJ,Sussex,41.22921,-74.59916
NJ,Swartswood,41.08694,-74.8275
NJ,Swedesboro,39.75285,-75.3362
NJ,Tabernacle,39.86763,-74.71103
NJ,Teaneck,40.89148,-74.01193
NJ,Tenafly,40.9216,-73.96591
NJ,Tennent,40.27944,-74.33472
NJ,Teterboro,40.86175,-74.0542
NJ,Thorofare,39.85918,-75.1767
NJ,Three Bridges,40.52156,-74.79981
NJ,Titusville,40.30773,-74.86547
NJ,Toms River,39.97708,-74.15651
NJ,Totowa,40.905,-74.21028
NJ,Towaco,40.92769,-74.34281
NJ,Township Of Washington,41.00278,-74.01889
NJ,Tranquility,40.95611,-74.80889
NJ,Trenton,40.04403,-74.58819
NJ,Trenton,40.2169,-74.7433
NJ,Tuckahoe,39.29,-74.75417
NJ,Union,40.69518,-74.26765
NJ,Union City,40.76815,-74.03056
NJ,Vauxhall,40.71793,-74.28287
NJ,Ventnor City,39.34599,-74.47234
NJ,Vernon,41.18498,-74.5332
NJ,Verona,40.83193,-74.24285
NJ,Vienna,40.86861,-74.88944
NJ,Villas,39.02194,-74.9354
NJ,Vineland,39.48177,-75.00909
NJ,Voorhees,39.85042,-74.96461
NJ,Waldwick,41.01297,-74.12426
NJ,Wallington,40.85356,-74.10794
NJ,Wallpack Center,41.13433,-74.9176
NJ,Wanaque,41.05445,-74.27897
NJ,Waretown,39.78965,-74.19538
NJ,Warren,40.63179,-74.51046
NJ,Washington,40.75818,-74.99136
NJ,Watchung,40.63778,-74.45139
NJ,Waterford Works,39.72151,-74.86093
NJ,Wayne,40.94711,-74.24657
NJ,Weehawken,40.76944,-74.02083
NJ,Wenonah,39.79928,-75.15364
NJ,West Berlin,39.81959,-74.94168
NJ,West Creek,39.66266,-74.28851
NJ,West Long Branch,40.28781,-74.01622
NJ,West Milford,41.09151,-74.375
NJ,West New York,40.78819,-74.01286
NJ,West Orange,40.78593,-74.25677
NJ,West Windsor,40.29768,-74.6146
NJ,Westfield,40.64785,-74.34506
NJ,Westville,39.86049,-75.13228
NJ,Westwood,41.0017,-74.03259
NJ,Wharton,40.91388,-74.58634
NJ,Whippany,40.82186,-74.41997
NJ,Whitehouse,40.61833,-74.74472
NJ,Whitehouse Station,40.59987,-74.76413
NJ,Whitesboro,39.03889,-74.85722
NJ,Wickatunk,40.35,-74.24833
NJ,Wildwood,38.9899,-74.8191
NJ,Williamstown,39.66501,-74.97103
NJ,Willingboro,40.02896,-74.88348
NJ,Windsor,40.24222,-74.58167
NJ,Winslow,39.65722,-74.86278
NJ,Wood Ridge,40.84935,-74.08785
NJ,Woodbine,39.24891,-74.80263
NJ,Woodbridge,40.55597,-74.28454
NJ,Woodbury,39.82948,-75.13797
NJ,Woodbury Heights,39.81416,-75.15297
NJ,Woodcliff Lake,40.99111,-74.03306
NJ,Woodstown,39.64566,-75.32481
NJ,Wrightstown,40.07195,-74.5731
NJ,Wyckoff,40.99783,-74.16601
NJ,Zarephath,40.53639,-74.575
NM,Abiquiu,36.17692,-106.24486
NM,Alamogordo,32.89319,-105.94854
NM,Albuquerque,35.0936,-106.6423
NM,Alcalde,36.09,-106.05667
NM,Algodones,35.42853,-106.61659
NM,Alto,33.38833,-105.69
NM,Amalia,36.94194,-105.45389
NM,Amistad,35.89828,-103.21295
NM,Angel Fire,36.55472,-105.26306
NM,Animas,31.7937,-108.5857
NM,Anthony,31.93451,-106.57345
NM,Anton Chico,35.15926,-105.14104
NM,Aragon,33.88592,-108.54659
NM,Arenas Valley,32.7822,-108.189
NM,Arrey,32.80206,-107.35437
NM,Arroyo Hondo,36.53185,-105.622
NM,Arroyo Seco,36.50457,-105.59461
NM,Artesia,32.83835,-104.4074
NM,Aztec,36.8205,-108.01098
NM,Bard,35.11536,-103.31778
NM,Bayard,32.75633,-108.10767
NM,Belen,34.64556,-106.76122
NM,Bent,33.14801,-105.86347
NM,Berino,32.06806,-106.62306
NM,Bernalillo,35.32851,-106.53087
NM,Blanco,36.72561,-107.79528
NM,Bloomfield,36.69548,-107.97844
NM,Bluewater,35.16472,-108.19166
NM,Bosque,34.49956,-106.8038
NM,Bosque Farms,34.87637,-106.69751
NM,Brimhall,35.8005,-108.58147
NM,Broadview,34.80396,-103.12923
NM,Buckhorn,32.81347,-108.47795
NM,Buena Vista,35.91361,-105.24861
NM,Caballo,33.01345,-107.34711
NM,Canjilon,36.48,-106.435
NM,Cannon Afb,34.39806,-103.32972
NM,Canones,36.18667,-106.43833
NM,Capitan,33.56023,-105.52691
NM,Caprock,33.39386,-103.63901
NM,Capulin,36.74745,-103.9936
NM,Carlsbad,32.41187,-104.23954
NM,Carrizozo,33.64962,-105.86962
NM,Carson,36.36444,-105.76472
NM,Casa Blanca,35.03522,-107.43391
NM,Causey,33.89293,-103.1502
NM,Cebolla,36.53833,-106.48583
NM,Cedar Crest,35.12851,-106.36174
NM,Cedarvale,34.38803,-105.73452
NM,Cerrillos,35.42296,-106.13168
NM,Cerro,36.75389,-105.61222
NM,Chacon,36.1388,-105.38541
NM,Chama,36.89621,-106.58293
NM,Chamberino,32.04,-106.685
NM,Chamisal,36.16041,-105.68461
NM,Chaparral,32.00333,-106.60333
NM,Chimayo,36.01191,-105.91144
NM,Church Rock,35.53389,-108.59917
NM,Cimarron,36.45742,-105.06969
NM,Claunch,34.14167,-105.995
NM,Clayton,36.44138,-103.18882
NM,Cleveland,35.98983,-105.43262
NM,Cliff,32.96222,-108.61056
NM,Clines Corners,35.00944,-105.66861
NM,Cloudcroft,32.57407,-105.93903
NM,Clovis,34.41258,-103.22139
NM,Cochiti Lake,35.62306,-106.32194
NM,Cochiti Pueblo,35.6075,-106.34667
NM,Columbus,31.8275,-107.63944
NM,Conchas Dam,35.37856,-104.20523
NM,Continental Divide,35.50429,-108.46926
NM,Cordova,36.00833,-105.86167
NM,Corona,34.16926,-105.53387
NM,Corrales,35.23389,-106.62003
NM,Costilla,36.95256,-105.50159
NM,Counselor,36.11839,-106.94979
NM,Coyote,36.1675,-106.61583
NM,Crossroads,33.52719,-103.35639
NM,Crownpoint,35.72056,-108.02709
NM,Cuba,36.0482,-107.18846
NM,Cubero,35.11737,-107.85672
NM,Cuervo,35.01013,-104.39987
NM,Datil,34.04269,-108.01828
NM,Deming,32.23181,-107.74656
NM,Derry,32.80856,-107.28427
NM,Des Moines,36.72907,-103.87385
NM,Dexter,33.19101,-104.38329
NM,Dixon,36.179,-105.86148
NM,Dona Ana,32.38667,-106.81667
NM,Dora,33.93861,-103.33611
NM,Dulce,36.85981,-107.06018
NM,Eagle Nest,36.53255,-105.27556
NM,Edgewood,35.0776,-106.18721
NM,El Prado,36.43167,-105.575
NM,El Rito,36.36469,-106.21917
NM,Elephant Butte,33.145,-107.18833
NM,Elida,33.94047,-103.63234
NM,Embudo,36.13703,-106.02419
NM,Encino,34.61496,-105.48391
NM,Espanola,35.98716,-106.0717
NM,Estancia,34.76998,-106.13502
NM,Eunice,32.43923,-103.15941
NM,Fairacres,32.30389,-106.84611
NM,Farmington,36.70651,-108.19953
NM,Faywood,32.64056,-107.88139
NM,Fence Lake,34.73439,-108.69339
NM,Flora Vista,36.80277,-108.08268
NM,Floyd,34.25195,-103.58271
NM,Folsom,36.86896,-103.83992
NM,Fort Bayard,32.8703,-108.1143
NM,Fort Stanton,33.495,-105.52333
NM,Fort Sumner,34.46002,-104.23169
NM,Fort Wingate,35.46778,-108.54056
NM,Fruitland,36.76323,-108.45339
NM,Gallina,36.17143,-106.66139
NM,Gallup,35.50648,-108.74135
NM,Gamerco,35.57222,-108.76472
NM,Garfield,32.75575,-107.27041
NM,Garita,35.35018,-104.44191
NM,Gila,32.96583,-108.57611
NM,Gladstone,36.30774,-103.89308
NM,Glencoe,33.38674,-105.50299
NM,Glenwood,33.30479,-108.77428
NM,Glorieta,35.56665,-105.79032
NM,Grady,34.8107,-103.29804
NM,Grants,35.3598,-107.93566
NM,Grenville,36.7254,-103.41552
NM,Guadalupita,36.11305,-105.12781
NM,Hachita,31.91806,-108.31972
NM,Hagerman,33.10764,-104.32978
NM,Hanover,32.85331,-108.08218
NM,Hatch,32.65834,-107.15903
NM,Hernandez,36.07381,-106.13958
NM,High Rolls Mountain Park,32.97417,-105.79056
NM,Hillsboro,32.92391,-107.6276
NM,Hobbs,32.72217,-103.13725
NM,Holloman Air Force Base,32.86209,-106.07845
NM,Holman,36.03833,-105.38306
NM,Hondo,33.46252,-105.38885
NM,Hope,32.81561,-104.72992
NM,House,34.69516,-103.92026
NM,Hurley,32.64799,-108.15162
NM,Ilfeld,35.42111,-105.55833
NM,Isleta,34.91333,-106.695
NM,Jal,32.11282,-103.19972
NM,Jamestown,35.42167,-108.30833
NM,Jarales,34.64816,-107.02991
NM,Jemez Pueblo,35.62432,-106.72189
NM,Jemez Springs,35.89269,-106.77139
NM,Kenna,33.84167,-103.77
NM,Kirtland,36.74095,-108.35096
NM,Kirtland Afb,35.0362,-106.5594
NM,La Jara,36.11938,-106.99233
NM,La Joya,34.34344,-106.84279
NM,La Loma,35.19156,-105.09686
NM,La Luz,32.97745,-105.9534
NM,La Madera,36.24639,-106.13443
NM,La Mesa,32.08231,-106.7011
NM,La Plata,36.95763,-108.17924
NM,Laguna,35.0853,-107.10584
NM,Lake Arthur,33.01711,-104.40641
NM,Lakewood,32.63167,-104.37667
NM,Lamy,35.43106,-105.94091
NM,Las Cruces,32.32164,-106.74603
NM,Las Vegas,35.59486,-105.22716
NM,Lemitar,34.156,-106.90438
NM,Lincoln,33.49291,-105.52843
NM,Lindrith,36.33614,-106.92535
NM,Lingo,33.69629,-103.20816
NM,Llano,36.14,-105.68111
NM,Loco Hills,32.81889,-103.97722
NM,Logan,35.36805,-103.43834
NM,Lordsburg,32.31403,-108.75466
NM,Los Alamos,35.86632,-106.26762
NM,Los Lunas,34.78061,-106.71154
NM,Los Ojos,36.71861,-106.61111
NM,Loving,32.27403,-104.09138
NM,Lovington,32.95117,-103.34885
NM,Luna,33.81889,-108.95389
NM,Magdalena,34.24118,-107.34065
NM,Malaga,32.22667,-104.07167
NM,Maljamar,32.84228,-103.7234
NM,Maxwell,36.54339,-104.56395
NM,Mayhill,32.90705,-105.51806
NM,Mc Alister,34.74921,-103.65717
NM,Mc Donald,33.07667,-103.21306
NM,Mc Intosh,34.85222,-106.04306
NM,Medanales,36.17556,-106.18278
NM,Melrose,34.44787,-103.63251
NM,Mentmore,35.51417,-108.845
NM,Mescalero,33.21644,-105.77429
NM,Mesilla,32.27167,-106.79667
NM,Mesilla Park,32.29772,-106.63702
NM,Mesquite,32.14596,-106.66763
NM,Mexican Springs,35.78373,-108.81896
NM,Miami,36.28955,-104.81177
NM,Milan,35.16972,-107.89028
NM,Mills,36.12814,-104.22774
NM,Milnesand,33.60501,-103.27819
NM,Mimbres,32.86094,-107.94233
NM,Montezuma,35.68296,-105.40973
NM,Monticello,33.39694,-107.45028
NM,Monument,32.5874,-103.27026
NM,Mora,36.00405,-105.31284
NM,Moriarty,34.98888,-106.06087
NM,Mosquero,35.71594,-103.74613
NM,Mountainair,34.51577,-106.25774
NM,Mule Creek,33.12194,-108.95556
NM,Nageezi,36.26667,-107.74139
NM,Nara Visa,35.61796,-103.13174
NM,Navajo,35.89419,-109.02262
NM,Navajo Dam,36.83384,-107.67099
NM,New Laguna,35.04083,-107.42139
NM,Newcomb,36.28472,-108.70528
NM,Newkirk,35.08475,-104.24332
NM,Nogal,33.49955,-105.70363
NM,Ocate,36.10366,-105.06595
NM,Ojo Caliente,36.40991,-105.91551
NM,Ojo Feliz,36.00889,-104.70611
NM,Organ,32.42556,-106.59611
NM,Orogrande,32.39333,-106.09
NM,Paguate,35.13861,-107.37833
NM,Pecos,35.57101,-105.6701
NM,Pena Blanca,35.6031,-106.34347
NM,Penasco,36.17602,-105.73425
NM,Pep,33.89703,-103.32721
NM,Peralta,34.83319,-106.68716
NM,Petaca,36.50833,-106.01
NM,Picacho,33.34564,-105.08338
NM,Pie Town,34.32428,-108.36819
NM,Pinehill,34.99917,-108.41056
NM,Pinon,32.63958,-105.41571
NM,Pinos Altos,32.8633,-108.2208
NM,Placitas,35.30918,-106.52928
NM,Playas,32.0277,-108.6805
NM,Polvadera,34.13467,-106.8975
NM,Ponderosa,35.79758,-106.65442
NM,Portales,34.17992,-103.33631
NM,Prewitt,35.35466,-108.1038
NM,Pueblo Of Acoma,34.90083,-107.58639
NM,Quay,34.92992,-103.78176
NM,Quemado,34.26516,-108.75784
NM,Questa,36.72572,-105.56098
NM,Radium Springs,32.50111,-106.9275
NM,Rainsville,35.97861,-105.20861
NM,Ramah,35.13238,-108.49195
NM,Ranchos De Taos,36.33569,-105.60858
NM,Raton,36.89519,-104.43488
NM,Red River,36.70806,-105.40556
NM,Redrock,32.6861,-108.7375
NM,Regina,36.20283,-107.07193
NM,Rehoboth,35.52889,-108.65417
NM,Reserve,33.68807,-108.80092
NM,Ribera,35.33445,-105.46523
NM,Rincon,32.65969,-107.06434
NM,Rio Rancho,35.24935,-106.68176
NM,Rociada,35.82265,-105.31472
NM,Rodeo,31.83333,-109.03
NM,Rogers,34.02476,-103.12753
NM,Roswell,33.3885,-104.52586
NM,Rowe,35.49167,-105.67472
NM,Roy,35.95225,-104.1497
NM,Ruidoso,33.34741,-105.65099
NM,Ruidoso Downs,33.35772,-105.53831
NM,Sacramento,32.80522,-105.62113
NM,Saint Vrain,34.4652,-103.45324
NM,Salem,32.70932,-107.21569
NM,San Acacia,34.22833,-106.90488
NM,San Antonio,33.88861,-106.37917
NM,San Cristobal,36.61164,-105.63597
NM,San Fidel,35.08222,-107.59861
NM,San Jon,35.11985,-103.2846
NM,San Jose,35.45695,-105.43834
NM,San Juan Pueblo,36.04889,-106.07927
NM,San Miguel,32.15528,-106.73444
NM,San Patricio,33.38775,-105.3498
NM,San Rafael,35.1125,-107.88194
NM,San Ysidro,35.52424,-106.73747
NM,Sandia Park,35.16828,-106.32385
NM,Sanostee,36.42472,-108.87361
NM,Santa Clara,32.77977,-108.1627
NM,Santa Cruz,35.98601,-106.03184
NM,Santa Fe,35.70247,-105.97482
NM,Santa Rosa,34.93328,-104.68215
NM,Santa Teresa,31.848,-106.6346
NM,Santo Domingo Pueblo,35.51389,-106.36128
NM,Sapello,35.76201,-105.10774
NM,Sedan,36.22603,-103.14488
NM,Serafina,35.39333,-105.31667
NM,Sheep Springs,36.14333,-108.70667
NM,Shiprock,36.65598,-108.73548
NM,Silver City,32.78999,-108.27492
NM,Smith Lake,35.52222,-108.13917
NM,Socorro,34.04785,-106.89066
NM,Solano,35.83783,-104.1221
NM,Springer,36.37672,-104.5927
NM,Stanley,35.12948,-106.0283
NM,Sunland Park,31.8024,-106.5782
NM,Sunspot,32.78944,-105.82028
NM,Taiban,34.42483,-104.0329
NM,Taos,36.39529,-105.58473
NM,Taos Ski Valley,36.58444,-105.45222
NM,Tatum,33.26002,-103.314
NM,Tererro,35.73688,-105.64572
NM,Tesuque,35.76333,-105.935
NM,Texico,34.39579,-103.06154
NM,Thoreau,35.57869,-107.83022
NM,Tierra Amarilla,36.68048,-106.55697
NM,Tijeras,35.04456,-106.30623
NM,Timberon,32.95833,-105.745
NM,Tinnie,33.33731,-105.20268
NM,Tohatchi,35.76861,-108.68782
NM,Tome,34.74083,-106.72778
NM,Torreon,34.72222,-106.29806
NM,Trampas,36.13111,-105.75833
NM,Trementina,35.58494,-104.61634
NM,Tres Piedras,36.64694,-105.96667
NM,Truchas,36.04361,-105.81111
NM,Truth Or Consequences,33.13948,-107.24879
NM,Tucumcari,35.168,-103.71793
NM,Tularosa,33.06505,-106.01079
NM,Tyrone,32.65833,-108.36
NM,Ute Park,36.55806,-105.11444
NM,Vadito,36.1913,-105.67818
NM,Vado,32.115,-106.66333
NM,Valdez,36.5697,-105.50697
NM,Vallecitos,36.51628,-106.08594
NM,Valmora,35.79403,-104.91159
NM,Vanderwagen,35.2703,-108.7513
NM,Vaughn,34.62407,-105.19256
NM,Veguita,34.48503,-106.75915
NM,Velarde,36.15889,-105.97417
NM,Villanueva,35.265,-105.36333
NM,Wagon Mound,35.98136,-104.691
NM,Waterflow,36.78009,-108.43108
NM,Watrous,35.79167,-104.98167
NM,Weed,32.80519,-105.5063
NM,White Sands Missile Range,32.38267,-106.49236
NM,Whites City,32.17556,-104.37611
NM,Willard,34.57543,-106.03071
NM,Williamsburg,33.2265,-107.33758
NM,Winston,33.30609,-107.66746
NM,Yatahey,35.6153,-108.7136
NM,Yeso,34.47496,-104.52758
NM,Youngsville,36.1875,-106.55583
NM,Zuni,35.06845,-108.83361
NV,Alamo,37.32587,-115.30803
NV,Amargosa Valley,36.94401,-116.57755
NV,Austin,39.50799,-117.08106
NV,Baker,39.066,-114.24617
NV,Battle Mountain,40.62199,-116.95544
NV,Beatty,36.90861,-116.75833
NV,Blue Diamond,36.04639,-115.40306
NV,Boulder City,35.97271,-114.83441
NV,Bunkerville,36.77306,-114.12722
NV,Cal Nev Ari,35.46528,-114.91889
NV,Caliente,37.61282,-114.50973
NV,Carlin,40.71722,-116.10821
NV,Carson City,39.08915,-119.7829
NV,Carson City,39.15075,-119.7459
NV,Crescent Valley,40.4624,-116.47739
NV,Crystal Bay,39.22611,-120.00306
NV,Dayton,39.28059,-119.52872
NV,Deeth,41.43103,-115.37173
NV,Denio,41.70426,-118.73196
NV,Duckwater,38.81417,-116.1375
NV,Dyer,37.61306,-118.02111
NV,Elko,40.82625,-115.72468
NV,Ely,39.30936,-114.87801
NV,Empire,40.3577,-119.65526
NV,Eureka,39.58966,-115.99431
NV,Fallon,39.47025,-118.78611
NV,Fernley,39.60189,-119.23504
NV,Gabbs,38.88023,-117.86856
NV,Gardnerville,38.89827,-119.7269
NV,Genoa,39.00444,-119.84611
NV,Gerlach,40.67464,-119.37744
NV,Glenbrook,38.99375,-119.92778
NV,Golconda,40.96833,-117.33493
NV,Goldfield,37.83436,-117.26938
NV,Halleck,40.95083,-115.45194
NV,Hawthorne,38.53466,-118.64114
NV,Henderson,35.99268,-114.95168
NV,Hiko,37.65169,-115.17716
NV,Imlay,40.65222,-118.02115
NV,Incline Village,39.246,-119.9618
NV,Indian Springs,36.40722,-115.58107
NV,Jackpot,41.83959,-115.11289
NV,Jarbidge,41.87361,-115.43111
NV,Jean,35.85484,-115.46915
NV,Lamoille,40.72806,-115.4775
NV,Las Vegas,36.17208,-115.12237
NV,Laughlin,35.16778,-114.57222
NV,Logandale,36.59667,-114.48333
NV,Lovelock,40.1819,-118.46891
NV,Lund,38.90463,-115.04403
NV,Luning,38.40607,-118.15711
NV,Manhattan,38.53889,-117.0725
NV,Mc Dermitt,41.86694,-117.53111
NV,Mc Gill,39.40139,-114.77806
NV,Mercury,36.66056,-115.99361
NV,Mesquite,36.8055,-114.0663
NV,Mina,38.39056,-118.10778
NV,Minden,39.02177,-119.73136
NV,Moapa,36.67583,-114.62
NV,Montello,41.26139,-114.19333
NV,Mountain City,41.87078,-116.1138
NV,Nellis Afb,36.2438,-115.0132
NV,Nixon,39.88539,-119.46426
NV,North Las Vegas,36.4475,-114.85139
NV,Orovada,41.822,-117.77546
NV,Overton,36.63724,-114.3782
NV,Owyhee,41.94778,-116.09778
NV,Pahrump,36.20404,-116.01466
NV,Panaca,37.79056,-114.38861
NV,Paradise Valley,41.50573,-117.57285
NV,Pioche,37.8981,-114.39682
NV,Reno,39.52681,-119.81127
NV,Round Mountain,38.68289,-117.12799
NV,Ruby Valley,40.39951,-115.23122
NV,Ruth,39.27833,-114.98833
NV,Schurz,38.95753,-118.77558
NV,Searchlight,35.4476,-114.92418
NV,Silver City,39.26361,-119.63944
NV,Silver Springs,39.38005,-119.2705
NV,Silverpeak,37.76444,-117.94592
NV,Sloan,35.94359,-115.21722
NV,Smith,38.91717,-119.389
NV,Sparks,39.54725,-119.75559
NV,Spring Creek,40.50778,-115.34417
NV,Stateline,38.9625,-119.93889
NV,Sun Valley,39.59548,-119.77536
NV,The Lakes,36.175,-115.1363
NV,Tonopah,38.20427,-117.08989
NV,Tuscarora,41.17153,-116.93114
NV,Valmy,40.79278,-117.12583
NV,Verdi,39.51833,-119.98778
NV,Virginia City,39.38728,-119.59606
NV,Wadsworth,39.64807,-119.29178
NV,Washoe Valley,39.08976,-119.82862
NV,Wellington,38.78762,-119.3449
NV,Wells,41.1298,-114.53275
NV,West Wendover,40.735,-114.07528
NV,Winnemucca,40.96642,-117.74669
NV,Yerington,38.98657,-119.15956
NV,Zephyr Cove,39.00222,-119.955
NY,Accord,41.80831,-74.23534
NY,Acra,42.33037,-74.08572
NY,Adams,43.81614,-76.0543
NY,Adams Basin,43.19064,-77.8539
NY,Adams Center,43.86311,-76.00415
NY,Addison,42.09825,-77.26603
NY,Adirondack,43.71648,-73.78249
NY,Afton,42.24174,-75.5366
NY,Akron,43.02494,-78.50836
NY,Albany,42.6525,-73.7566
NY,Albertson,40.77032,-73.65142
NY,Albion,43.23983,-78.20685
NY,Alcove,42.45382,-74.03472
NY,Alden,42.89839,-78.52571
NY,Alder Creek,43.41566,-75.21375
NY,Alexander,42.91585,-78.25889
NY,Alexandria Bay,44.32698,-75.93062
NY,Alfred,42.25516,-77.79295
NY,Alfred Station,42.2558,-77.77808
NY,Allegany,42.09183,-78.49988
NY,Allentown,42.08361,-78.06472
NY,Alma,42.01686,-78.04001
NY,Almond,42.31604,-77.77796
NY,Alpine,42.35101,-76.73477
NY,Alplaus,42.85733,-73.90019
NY,Altamont,42.70627,-74.01934
NY,Altmar,43.49702,-75.97193
NY,Alton,43.21111,-76.98083
NY,Altona,44.88158,-73.64077
NY,Amagansett,40.97361,-72.14417
NY,Amawalk,41.29462,-73.76108
NY,Amenia,41.8447,-73.55416
NY,Amityville,40.6842,-73.41711
NY,Amsterdam,42.94882,-74.18393
NY,Ancram,42.08509,-73.64237
NY,Ancramdale,42.0381,-73.58187
NY,Andes,42.15693,-74.78873
NY,Andover,42.15745,-77.79201
NY,Angelica,42.32634,-77.99467
NY,Angola,42.63658,-79.04965
NY,Annandale On Hudson,41.99528,-73.83111
NY,Antwerp,44.23577,-75.60048
NY,Apalachin,42.05558,-76.15194
NY,Appleton,43.31054,-78.63722
NY,Apulia Station,42.81861,-76.07278
NY,Aquebogue,40.94444,-72.6275
NY,Arcade,42.563,-78.41342
NY,Arden,41.27444,-74.15333
NY,Ardsley,41.01133,-73.84131
NY,Ardsley On Hudson,41.02611,-73.87083
NY,Argyle,43.23808,-73.46408
NY,Arkport,42.42247,-77.69178
NY,Arkville,42.08226,-74.55445
NY,Armonk,41.136,-73.70094
NY,Arverne,40.59257,-73.79745
NY,Ashland,42.23717,-74.30792
NY,Ashville,42.10838,-79.40562
NY,Astoria,40.77063,-73.92646
NY,Athens,42.2736,-73.81517
NY,Athol,43.48387,-73.88169
NY,Athol Springs,42.76972,-78.86667
NY,Atlanta,42.55627,-77.48009
NY,Atlantic Beach,40.58865,-73.72554
NY,Attica,42.84992,-78.27983
NY,Au Sable Forks,44.44994,-73.68567
NY,Auburn,42.92996,-76.56261
NY,Auriesville,42.92944,-74.31694
NY,Aurora,42.74723,-76.67749
NY,Austerlitz,42.32227,-73.45497
NY,Ava,43.34452,-75.45092
NY,Averill Park,42.63651,-73.55044
NY,Avoca,42.41513,-77.43425
NY,Avon,42.90303,-77.7274
NY,Babylon,40.63418,-73.32458
NY,Bainbridge,42.31197,-75.48941
NY,Bakers Mills,43.61472,-74.02528
NY,Baldwin,40.65476,-73.60969
NY,Baldwin Place,41.3475,-73.7625
NY,Baldwinsville,43.16204,-76.32372
NY,Ballston Lake,42.91918,-73.85517
NY,Ballston Spa,43.00496,-73.84858
NY,Bangall,41.87556,-73.69167
NY,Barker,43.33678,-78.542
NY,Barneveld,43.2237,-75.16116
NY,Barrytown,42.0006,-73.92148
NY,Barryville,41.49116,-74.91523
NY,Barton,42.06953,-76.39835
NY,Basom,43.08072,-78.39514
NY,Batavia,43.00032,-78.19287
NY,Bath,42.34545,-77.32326
NY,Bay Shore,40.73374,-73.25271
NY,Bayport,40.74441,-73.05421
NY,Bayside,40.78997,-73.77724
NY,Bayville,40.90738,-73.56014
NY,Beacon,41.50968,-73.96338
NY,Bear Mountain,41.30673,-73.99611
NY,Bearsville,42.04199,-74.1713
NY,Beaver Dams,42.27976,-76.97195
NY,Beaver Falls,43.87972,-75.44583
NY,Bedford,41.19091,-73.63555
NY,Bedford Hills,41.23444,-73.69152
NY,Belfast,42.32001,-78.09428
NY,Bellerose,40.73474,-73.72302
NY,Belleville,43.78537,-76.11505
NY,Bellmore,40.67703,-73.53452
NY,Bellona,42.75544,-77.02174
NY,Bellport,40.77327,-72.94689
NY,Bellvale,41.25028,-74.31111
NY,Belmont,42.23341,-78.01103
NY,Bemus Point,42.15135,-79.35808
NY,Bergen,43.08694,-77.96033
NY,Berkshire,42.30743,-76.19201
NY,Berlin,42.69189,-73.37019
NY,Berne,42.61085,-74.14658
NY,Bernhards Bay,43.27172,-75.9373
NY,Bethel,41.66933,-74.89398
NY,Bethpage,40.74001,-73.48573
NY,Bible School Park,42.11472,-76.07472
NY,Big Flats,42.14551,-76.95272
NY,Big Indian,42.14388,-74.44666
NY,Billings,41.67111,-73.76361
NY,Binghamton,42.14631,-75.88652
NY,Black Creek,42.28553,-78.23125
NY,Black River,44.00416,-75.79578
NY,Blauvelt,41.0626,-73.96292
NY,Bliss,42.57994,-78.25808
NY,Blodgett Mills,42.56833,-76.12611
NY,Bloomfield,42.8851,-77.45998
NY,Blooming Grove,41.40917,-74.19556
NY,Bloomingburg,41.56443,-74.43035
NY,Bloomingdale,44.39848,-74.08293
NY,Bloomington,41.85616,-74.06689
NY,Bloomville,42.35224,-74.80712
NY,Blossvale,43.23029,-75.68731
NY,Blue Mountain Lake,43.8375,-74.42983
NY,Blue Point,40.75009,-73.03521
NY,Bohemia,40.76779,-73.11634
NY,Boiceville,42.00476,-74.26581
NY,Bolivar,42.07044,-78.14483
NY,Bolton Landing,43.57664,-73.67139
NY,Bombay,44.94786,-74.59474
NY,Boonville,43.47861,-75.34397
NY,Boston,42.63138,-78.73909
NY,Bouckville,42.89402,-75.56784
NY,Bovina Center,42.27094,-74.76611
NY,Bowmansville,42.94783,-78.68296
NY,Bradford,42.38252,-77.09134
NY,Brainard,42.4051,-73.61587
NY,Brainardsville,44.85778,-74.03389
NY,Branchport,42.60654,-77.20516
NY,Brant,42.58833,-79.01806
NY,Brant Lake,43.69888,-73.72046
NY,Brantingham,43.71028,-75.4025
NY,Brasher Falls,44.84672,-74.7473
NY,Breesport,42.19392,-76.73612
NY,Breezy Point,40.56003,-73.91487
NY,Brentwood,40.77792,-73.24819
NY,Brewerton,43.22519,-76.13513
NY,Brewster,41.4097,-73.59918
NY,Briarcliff Manor,41.14436,-73.83496
NY,Bridgehampton,40.93667,-72.30278
NY,Bridgeport,43.15901,-75.97001
NY,Bridgewater,42.87917,-75.25139
NY,Brier Hill,44.55254,-75.6722
NY,Brightwaters,40.72796,-73.26464
NY,Broadalbin,43.07269,-74.16837
NY,Brockport,43.21284,-77.9368
NY,Brocton,42.39397,-79.43443
NY,Bronx,40.8222,-73.92173
NY,Bronxville,40.93913,-73.83533
NY,Brookfield,42.80754,-75.34386
NY,Brookhaven,40.78428,-72.89212
NY,Brooklyn,40.69402,-73.99034
NY,Brooktondale,42.37653,-76.36684
NY,Brownville,44.00694,-75.98444
NY,Brushton,44.82821,-74.52227
NY,Buchanan,41.25829,-73.94124
NY,Buffalo,42.89666,-78.88457
NY,Bullville,41.54417,-74.36194
NY,Burdett,42.43944,-76.82922
NY,Burke,44.91772,-74.17312
NY,Burlingham,41.59,-74.3825
NY,Burlington Flats,42.75162,-75.16904
NY,Burnt Hills,42.9329,-73.89604
NY,Burt,43.32209,-78.7141
NY,Buskirk,42.96013,-73.44968
NY,Byron,43.07379,-78.06291
NY,Cadyville,44.68647,-73.67024
NY,Cairo,42.30965,-74.01154
NY,Calcium,44.02648,-75.84988
NY,Caledonia,42.95666,-77.84929
NY,Callicoon,41.7754,-75.02569
NY,Callicoon Center,41.83667,-74.94694
NY,Calverton,40.92966,-72.74229
NY,Cambria Heights,40.69474,-73.73744
NY,Cambridge,43.04659,-73.38138
NY,Camden,43.3392,-75.75426
NY,Cameron,42.21284,-77.44034
NY,Cameron Mills,42.19255,-77.36498
NY,Camillus,43.04165,-76.28073
NY,Campbell,42.23857,-77.20662
NY,Campbell Hall,41.44299,-74.25047
NY,Canaan,42.41317,-73.41589
NY,Canajoharie,42.88239,-74.58352
NY,Canandaigua,42.86887,-77.28456
NY,Canaseraga,42.4585,-77.79537
NY,Canastota,43.08776,-75.7602
NY,Candor,42.20627,-76.3322
NY,Caneadea,42.3703,-78.19732
NY,Canisteo,42.2635,-77.58971
NY,Canton,44.59244,-75.16279
NY,Cape Vincent,44.12442,-76.31644
NY,Carle Place,40.75115,-73.61194
NY,Carlisle,42.74975,-74.45628
NY,Carmel,41.44322,-73.68153
NY,Caroga Lake,43.19216,-74.51691
NY,Carthage,43.98104,-75.61601
NY,Cassadaga,42.35036,-79.29928
NY,Cassville,42.90693,-75.2607
NY,Castile,42.63588,-78.05473
NY,Castle Creek,42.2568,-75.90875
NY,Castle Point,41.54611,-73.96
NY,Castleton On Hudson,42.53824,-73.70953
NY,Castorland,43.88432,-75.46043
NY,Cato,43.17944,-76.56479
NY,Catskill,42.2276,-73.89854
NY,Cattaraugus,42.33329,-78.88853
NY,Cayuga,42.9142,-76.7024
NY,Cayuta,42.27745,-76.69737
NY,Cazenovia,42.93796,-75.83923
NY,Cedarhurst,40.62362,-73.7264
NY,Celoron,42.10944,-79.28333
NY,Center Moriches,40.79966,-72.79705
NY,Centereach,40.87051,-73.08216
NY,Centerport,40.8929,-73.3754
NY,Centerville,42.47972,-78.25
NY,Central Bridge,42.73696,-74.34511
NY,Central Islip,40.78662,-73.19615
NY,Central Square,43.30899,-76.18485
NY,Central Valley,41.32684,-74.12204
NY,Ceres,41.99939,-78.27269
NY,Chadwicks,43.02256,-75.26565
NY,Chaffee,42.56049,-78.50254
NY,Champlain,44.97729,-73.4466
NY,Chappaqua,41.1705,-73.77146
NY,Charlotteville,42.53303,-74.68186
NY,Chase Mills,44.86725,-75.073
NY,Chateaugay,44.90877,-74.0741
NY,Chatham,42.34958,-73.58728
NY,Chaumont,44.08481,-76.12316
NY,Chautauqua,42.20972,-79.46694
NY,Chazy,44.88838,-73.45008
NY,Chelsea,41.55361,-73.96722
NY,Chemung,42.03924,-76.62022
NY,Chenango Bridge,42.16667,-75.86278
NY,Chenango Forks,42.26366,-75.82424
NY,Cherry Creek,42.31273,-79.12028
NY,Cherry Plain,42.66611,-73.37694
NY,Cherry Valley,42.78231,-74.74444
NY,Chester,41.35538,-74.26512
NY,Chestertown,43.64505,-73.80664
NY,Chichester,42.08796,-74.28157
NY,Childwold,44.28672,-74.67588
NY,Chippewa Bay,44.44194,-75.75722
NY,Chittenango,43.05524,-75.87684
NY,Churchville,43.08962,-77.86034
NY,Churubusco,44.94323,-73.93548
NY,Cicero,43.17069,-76.09619
NY,Cincinnatus,42.53854,-75.90303
NY,Circleville,41.52439,-74.38504
NY,Clarence,42.98096,-78.61623
NY,Clarence Center,43.0362,-78.63903
NY,Clarendon,43.19333,-78.065
NY,Clark Mills,43.09222,-75.38
NY,Clarkson,43.23306,-77.92778
NY,Clarksville,42.56697,-73.96877
NY,Claryville,41.96567,-74.52929
NY,Claverack,42.2183,-73.72284
NY,Clay,43.17373,-76.17075
NY,Clayton,44.21702,-76.10706
NY,Clayville,42.97119,-75.20613
NY,Clemons,43.64354,-73.43261
NY,Cleveland,43.2432,-75.85369
NY,Cleverdale,43.47722,-73.64306
NY,Clifton Park,42.84987,-73.78509
NY,Clifton Springs,42.96317,-77.14397
NY,Climax,42.37081,-73.86246
NY,Clinton,43.05856,-75.38079
NY,Clinton Corners,41.86926,-73.76587
NY,Clintondale,41.67494,-74.05571
NY,Clockville,43.04167,-75.745
NY,Clyde,43.08555,-76.87246
NY,Clymer,42.0557,-79.66853
NY,Cobleskill,42.68405,-74.49387
NY,Cochecton,41.69821,-74.98069
NY,Cochecton Center,41.64578,-74.97712
NY,Coeymans,42.47389,-73.79278
NY,Coeymans Hollow,42.48654,-73.92059
NY,Cohocton,42.50032,-77.49976
NY,Cohoes,42.77536,-73.71236
NY,Cold Brook,43.30239,-74.99765
NY,Cold Spring,41.44142,-73.93349
NY,Cold Spring Harbor,40.86306,-73.45003
NY,Colden,42.65505,-78.69208
NY,College Point,40.78551,-73.84495
NY,Colliersville,42.49083,-74.9825
NY,Collins,42.50008,-78.89297
NY,Collins Center,42.49361,-78.85167
NY,Colton,44.50156,-74.93267
NY,Columbiaville,42.31833,-73.75361
NY,Commack,40.84303,-73.27992
NY,Comstock,43.45671,-73.36061
NY,Conesus,42.72164,-77.67469
NY,Conewango Valley,42.26247,-79.02196
NY,Congers,41.14869,-73.94131
NY,Conklin,42.04543,-75.80762
NY,Connelly,41.91,-73.99167
NY,Constable,44.94169,-74.32971
NY,Constableville,43.56298,-75.45841
NY,Constantia,43.27275,-76.00415
NY,Coopers Plains,42.18222,-77.14194
NY,Cooperstown,42.70319,-74.91815
NY,Copake,42.11133,-73.55259
NY,Copake Falls,42.13674,-73.51077
NY,Copenhagen,43.88014,-75.68391
NY,Copiague,40.67783,-73.39627
NY,Coram,40.88499,-73.00688
NY,Corbettsville,42.01556,-75.79083
NY,Corfu,42.97773,-78.39291
NY,Corinth,43.24257,-73.8369
NY,Corning,42.13833,-77.04755
NY,Cornwall,41.43094,-74.05388
NY,Cornwall On Hudson,41.44303,-74.01641
NY,Cornwallville,42.36287,-74.16309
NY,Corona,40.74529,-73.86107
NY,Cortland,42.59517,-76.18568
NY,Cortlandt Manor,41.28972,-73.85056
NY,Cossayuna,43.17506,-73.41237
NY,Cottekill,41.84671,-74.10377
NY,Cowlesville,42.81124,-78.44814
NY,Coxsackie,42.35014,-73.81988
NY,Cragsmoor,41.67333,-74.38583
NY,Cranberry Lake,44.2225,-74.83667
NY,Craryville,42.17596,-73.65713
NY,Crittenden,42.94611,-78.485
NY,Croghan,43.90946,-75.35419
NY,Crompond,41.295,-73.86583
NY,Cropseyville,42.76672,-73.47187
NY,Cross River,41.27218,-73.60203
NY,Croton Falls,41.34722,-73.66139
NY,Croton On Hudson,41.21804,-73.89241
NY,Crown Point,43.95263,-73.46649
NY,Cuba,42.18819,-78.27507
NY,Cuddebackville,41.4776,-74.59756
NY,Cutchogue,41.01392,-72.48025
NY,Dale,42.82628,-78.17486
NY,Dalton,42.54489,-77.92889
NY,Dannemora,44.72139,-73.72417
NY,Dansville,42.56997,-77.71091
NY,Darien Center,42.89481,-78.38778
NY,Davenport,42.47108,-74.83571
NY,Davenport Center,42.4523,-74.90698
NY,Dayton,42.42307,-78.98184
NY,De Kalb Junction,44.48955,-75.28709
NY,De Peyster,44.54134,-75.43281
NY,De Ruyter,42.74944,-75.85823
NY,Deansboro,42.98179,-75.43831
NY,Deer Park,40.75908,-73.32572
NY,Deer River,43.92972,-75.58944
NY,Deferiet,44.03556,-75.68417
NY,Delancey,42.18898,-74.9229
NY,Delanson,42.74802,-74.18681
NY,Delevan,42.4926,-78.47933
NY,Delhi,42.28785,-74.92282
NY,Delmar,42.61579,-73.83733
NY,Delphi Falls,42.87639,-75.91389
NY,Denmark,43.89972,-75.58278
NY,Denver,42.2522,-74.54065
NY,Depauville,44.13833,-76.06583
NY,Depew,42.90497,-78.70405
NY,Deposit,42.06658,-75.42875
NY,Derby,42.69745,-78.98337
NY,Dewittville,42.23941,-79.4193
NY,Dexter,44.00692,-76.06499
NY,Diamond Point,43.51555,-73.70012
NY,Dickinson Center,44.72333,-74.55235
NY,Dobbs Ferry,41.01183,-73.86649
NY,Dolgeville,43.10416,-74.7643
NY,Dormansville,42.43786,-74.19897
NY,Dover Plains,41.73505,-73.58702
NY,Downsville,42.07163,-75.01522
NY,Dresden,42.68456,-76.95639
NY,Dryden,42.48612,-76.28722
NY,Duanesburg,42.77084,-74.08391
NY,Dundee,42.50526,-77.00277
NY,Dunkirk,42.47591,-79.32937
NY,Durham,42.40204,-74.18493
NY,Durhamville,43.15791,-75.67141
NY,Eagle Bay,43.72366,-74.96538
NY,Eagle Bridge,42.96153,-73.35197
NY,Earlton,42.35269,-73.90622
NY,Earlville,42.75222,-75.54165
NY,East Amherst,43.02917,-78.70503
NY,East Aurora,42.77014,-78.60199
NY,East Berne,42.61913,-74.05549
NY,East Bethany,42.91662,-78.13421
NY,East Bloomfield,42.895,-77.435
NY,East Branch,41.98437,-75.12519
NY,East Chatham,42.43303,-73.49026
NY,East Concord,42.54659,-78.61097
NY,East Durham,42.38598,-74.11169
NY,East Elmhurst,40.76125,-73.8739
NY,East Greenbush,42.5951,-73.68264
NY,East Hampton,40.99296,-72.17896
NY,East Homer,42.66611,-76.10194
NY,East Islip,40.72816,-73.18047
NY,East Jewett,42.28057,-74.20798
NY,East Marion,41.12642,-72.34186
NY,East Meadow,40.71491,-73.55609
NY,East Meredith,42.4101,-74.8987
NY,East Moriches,40.80897,-72.75378
NY,East Nassau,42.53522,-73.49841
NY,East Northport,40.86707,-73.31951
NY,East Norwich,40.84716,-73.53488
NY,East Otto,42.3971,-78.74317
NY,East Pembroke,42.99556,-78.31028
NY,East Pharsalia,42.55806,-75.7175
NY,East Quogue,40.84277,-72.5813
NY,East Randolph,42.17278,-78.94806
NY,East Rochester,43.11281,-77.4906
NY,East Rockaway,40.64044,-73.66738
NY,East Schodack,42.56194,-73.63389
NY,East Setauket,40.93,-73.10147
NY,East Springfield,42.83295,-74.75974
NY,East Syracuse,43.07336,-76.05578
NY,East Williamson,43.23056,-77.14556
NY,East Worcester,42.62142,-74.67635
NY,Eastchester,40.95497,-73.80858
NY,Eastport,40.80995,-72.70539
NY,Eaton,42.84842,-75.63136
NY,Eden,42.65055,-78.87808
NY,Edmeston,42.73028,-75.25252
NY,Edwards,44.31105,-75.25223
NY,Elba,43.08974,-78.17038
NY,Elbridge,43.02525,-76.43516
NY,Eldred,41.53279,-74.89677
NY,Elizabethtown,44.22452,-73.60113
NY,Elizaville,42.09017,-73.78181
NY,Elka Park,42.16431,-74.12454
NY,Ellenburg,44.89389,-73.83694
NY,Ellenburg Center,44.84435,-73.86855
NY,Ellenburg Depot,44.91627,-73.78757
NY,Ellenville,41.72181,-74.41412
NY,Ellicottville,42.29587,-78.66064
NY,Ellington,42.21667,-79.10806
NY,Ellisburg,43.7372,-76.12587
NY,Elma,42.834,-78.63426
NY,Elmhurst,40.74039,-73.87855
NY,Elmira,42.10077,-76.81198
NY,Elmont,40.69962,-73.70575
NY,Elmsford,41.05717,-73.8136
NY,Endicott,42.11409,-76.05693
NY,Endwell,42.11278,-76.02139
NY,Erieville,42.85617,-75.75426
NY,Erin,42.1859,-76.68194
NY,Esopus,41.82778,-73.96556
NY,Esperance,42.77168,-74.28825
NY,Essex,44.2807,-73.37315
NY,Etna,42.485,-76.38389
NY,Evans Mills,44.08167,-75.83052
NY,Fabius,42.85312,-75.98364
NY,Fair Haven,43.31639,-76.7025
NY,Fairport,43.0892,-77.43596
NY,Falconer,42.12391,-79.1895
NY,Fallsburg,41.7273,-74.61541
NY,Fancher,43.24472,-78.09139
NY,Far Rockaway,40.59944,-73.76417
NY,Farmersville Station,42.44827,-78.29153
NY,Farmingdale,40.72506,-73.44505
NY,Farmington,42.95959,-77.34114
NY,Farmingville,40.8366,-73.04125
NY,Farnham,42.59444,-79.09139
NY,Fayette,42.81417,-76.80944
NY,Fayetteville,43.02677,-76.0145
NY,Felts Mills,44.02037,-75.75244
NY,Ferndale,41.73003,-74.75487
NY,Feura Bush,42.555,-73.92374
NY,Fillmore,42.46361,-78.10623
NY,Findley Lake,42.1204,-79.73491
NY,Fine,44.24778,-75.13806
NY,Fishers,43.00861,-77.465
NY,Fishers Island,41.26393,-72.01783
NY,Fishers Landing,44.27639,-76.00833
NY,Fishkill,41.54035,-73.89791
NY,Fishs Eddy,41.96361,-75.17528
NY,Fleischmanns,42.17876,-74.53191
NY,Floral Park,40.72359,-73.70576
NY,Floral Park,40.7569,-73.712
NY,Florida,41.32951,-74.35281
NY,Flushing,40.7816,-73.8272
NY,Fly Creek,42.72518,-74.98692
NY,Fonda,42.95708,-74.40213
NY,Forest Hills,40.72285,-73.84731
NY,Forestburgh,41.56909,-74.72409
NY,Forestport,43.47365,-75.17874
NY,Forestville,42.44823,-79.16074
NY,Fort Ann,43.42846,-73.47838
NY,Fort Covington,44.9731,-74.49288
NY,Fort Drum,44.03543,-75.75397
NY,Fort Edward,43.26532,-73.58217
NY,Fort Hunter,42.94222,-74.28556
NY,Fort Johnson,42.97653,-74.24844
NY,Fort Montgomery,41.32389,-73.98722
NY,Fort Plain,42.93716,-74.6433
NY,Frankfort,43.04404,-75.10716
NY,Franklin,42.34212,-75.14848
NY,Franklin Springs,43.03667,-75.3925
NY,Franklin Square,40.70105,-73.67581
NY,Franklinville,42.33882,-78.44004
NY,Fredonia,42.43335,-79.33391
NY,Freedom,42.48969,-78.35013
NY,Freehold,42.3815,-74.06227
NY,Freeport,40.65359,-73.58661
NY,Freeville,42.49977,-76.36362
NY,Fremont Center,41.84713,-75.02963
NY,Fresh Meadows,40.73742,-73.79506
NY,Frewsburg,42.05275,-79.1318
NY,Friendship,42.19067,-78.13588
NY,Fulton,43.32111,-76.40342
NY,Fultonham,42.58591,-74.38759
NY,Fultonville,42.9036,-74.35976
NY,Gabriels,44.43194,-74.18139
NY,Gainesville,42.61897,-78.17952
NY,Gallupville,42.6625,-74.23306
NY,Galway,43.02169,-74.02904
NY,Gansevoort,43.18034,-73.70527
NY,Garden City,40.72452,-73.64872
NY,Gardiner,41.65761,-74.16715
NY,Garnerville,41.20206,-74.0005
NY,Garrattsville,42.63563,-75.2327
NY,Garrison,41.36207,-73.92
NY,Gasport,43.21059,-78.57454
NY,Geneseo,42.79378,-77.79955
NY,Geneva,42.86372,-76.99135
NY,Genoa,42.67462,-76.54175
NY,Georgetown,42.76306,-75.74428
NY,Germantown,42.1219,-73.86245
NY,Gerry,42.21473,-79.16487
NY,Getzville,43.02399,-78.75318
NY,Ghent,42.30364,-73.64864
NY,Gilbertsville,42.43295,-75.36093
NY,Gilboa,42.41083,-74.40027
NY,Glasco,42.04361,-73.94778
NY,Glen Aubrey,42.25729,-75.98054
NY,Glen Cove,40.86496,-73.62772
NY,Glen Head,40.8281,-73.60763
NY,Glen Oaks,40.7481,-73.71144
NY,Glen Spey,41.48576,-74.79949
NY,Glen Wild,41.65454,-74.58329
NY,Glenfield,43.73231,-75.3669
NY,Glenford,42.00534,-74.15315
NY,Glenham,41.52167,-73.92694
NY,Glenmont,42.59715,-73.79588
NY,Glens Falls,43.31254,-73.64882
NY,Glenwood,42.60009,-78.63863
NY,Glenwood Landing,40.83056,-73.63917
NY,Gloversville,43.0616,-74.33753
NY,Goldens Bridge,41.29333,-73.67722
NY,Gorham,42.79889,-77.13194
NY,Goshen,41.39459,-74.33016
NY,Gouverneur,44.3283,-75.46506
NY,Gowanda,42.4712,-78.9339
NY,Grafton,42.76889,-73.45139
NY,Grahamsville,41.88066,-74.5127
NY,Grand Gorge,42.38736,-74.53117
NY,Grand Island,43.01827,-78.95906
NY,Granite Springs,41.30979,-73.75301
NY,Granville,43.37756,-73.29783
NY,Great Bend,44.03417,-75.71917
NY,Great Neck,40.77423,-73.71892
NY,Great River,40.72111,-73.15806
NY,Great Valley,42.20829,-78.62081
NY,Greene,42.3373,-75.75954
NY,Greenfield Center,43.12249,-73.86019
NY,Greenfield Park,41.72813,-74.52007
NY,Greenhurst,42.11944,-79.31056
NY,Greenlawn,40.86212,-73.36464
NY,Greenport,41.1039,-72.36741
NY,Greenvale,40.8125,-73.62612
NY,Greenville,42.41134,-74.02222
NY,Greenwich,43.09618,-73.50666
NY,Greenwood,42.13981,-77.63604
NY,Greenwood Lake,41.21272,-74.30001
NY,Greig,43.68918,-75.31239
NY,Groton,42.58549,-76.36329
NY,Groveland,42.67605,-77.75733
NY,Guilderland,42.69727,-73.89745
NY,Guilderland Center,42.70306,-73.96639
NY,Guilford,42.4269,-75.48232
NY,Hadley,43.30127,-73.94991
NY,Hagaman,42.95972,-74.16676
NY,Hague,43.74631,-73.52817
NY,Hailesboro,44.31,-75.44667
NY,Haines Falls,42.19583,-74.0975
NY,Halcottsville,42.20833,-74.60139
NY,Hall,42.79389,-77.06667
NY,Hamburg,42.7334,-78.83885
NY,Hamden,42.17873,-74.99839
NY,Hamilton,42.82306,-75.54338
NY,Hamlin,43.30758,-77.927
NY,Hammond,44.45016,-75.67275
NY,Hammondsport,42.43122,-77.1977
NY,Hampton,43.46214,-73.27307
NY,Hampton Bays,40.8726,-72.52021
NY,Hancock,41.95967,-75.26531
NY,Hankins,41.83129,-75.09981
NY,Hannacroix,42.42853,-73.86803
NY,Hannawa Falls,44.61222,-74.97139
NY,Hannibal,43.31112,-76.54603
NY,Harford,42.42611,-76.22694
NY,Harpersfield,42.4499,-74.68706
NY,Harpursville,42.18232,-75.65454
NY,Harriman,41.29968,-74.15581
NY,Harris,41.71406,-74.7218
NY,Harrison,40.97188,-73.71807
NY,Harrisville,44.16129,-75.32515
NY,Hartford,43.34928,-73.40495
NY,Hartsdale,41.01966,-73.8074
NY,Hartwick,42.69503,-75.05501
NY,Hastings,43.35268,-76.14771
NY,Hastings On Hudson,40.99071,-73.87591
NY,Hauppauge,40.82307,-73.19576
NY,Haverstraw,41.19709,-73.96896
NY,Hawthorne,41.09532,-73.80169
NY,Hector,42.49658,-76.8786
NY,Helena,44.92167,-74.72667
NY,Hemlock,42.77996,-77.58199
NY,Hempstead,40.71389,-73.60028
NY,Henderson,43.84674,-76.23521
NY,Henderson Harbor,43.86472,-76.20222
NY,Henrietta,43.04826,-77.61222
NY,Hensonville,42.25903,-74.21306
NY,Herkimer,43.0307,-74.98757
NY,Hermon,44.44485,-75.19866
NY,Heuvelton,44.59303,-75.42034
NY,Hewlett,40.64039,-73.69567
NY,Hicksville,40.7623,-73.52297
NY,High Falls,41.81675,-74.13112
NY,Highland,41.71669,-73.99282
NY,Highland Falls,41.35818,-73.97462
NY,Highland Lake,41.53093,-74.85161
NY,Highland Mills,41.35359,-74.11968
NY,Highmount,42.14417,-74.49028
NY,Hillburn,41.12398,-74.1702
NY,Hillsdale,42.18682,-73.54831
NY,Hilton,43.29234,-77.79051
NY,Himrod,42.59446,-76.95077
NY,Hinckley,43.31222,-75.12222
NY,Hinsdale,42.17975,-78.40061
NY,Hobart,42.35941,-74.67589
NY,Hoffmeister,43.39155,-74.73997
NY,Hogansburg,44.98251,-74.66265
NY,Holbrook,40.79643,-73.07179
NY,Holland,42.63958,-78.54389
NY,Holland Patent,43.24841,-75.25351
NY,Holley,43.22549,-78.04039
NY,Hollis,40.71416,-73.76769
NY,Hollowville,42.20528,-73.69167
NY,Holmes,41.53246,-73.66275
NY,Holtsville,40.8152,-73.0455
NY,Homer,42.67259,-76.18783
NY,Honeoye,42.76864,-77.50543
NY,Honeoye Falls,42.9695,-77.57812
NY,Hoosick,42.8625,-73.32861
NY,Hoosick Falls,42.89371,-73.3581
NY,Hopewell Junction,41.57664,-73.79758
NY,Hornell,42.32739,-77.65691
NY,Horseheads,42.18049,-76.83454
NY,Hortonville,41.78568,-75.02633
NY,Houghton,42.41157,-78.10951
NY,Howard Beach,40.6606,-73.84504
NY,Howells,41.47944,-74.46556
NY,Howes Cave,42.70453,-74.36482
NY,Hubbardsville,42.82366,-75.43671
NY,Hudson,42.24698,-73.75525
NY,Hudson Falls,43.31486,-73.57461
NY,Hughsonville,41.58083,-73.9275
NY,Huguenot,41.43716,-74.64261
NY,Huletts Landing,43.63917,-73.5075
NY,Hume,42.47278,-78.13667
NY,Hunt,42.53882,-77.98184
NY,Hunter,42.23732,-74.20375
NY,Huntington,40.86695,-73.41092
NY,Huntington Station,40.82175,-73.37547
NY,Hurley,41.93274,-74.06873
NY,Hurleyville,41.76088,-74.65344
NY,Hyde Park,41.78872,-73.90635
NY,Ilion,43.00639,-75.04836
NY,Indian Lake,43.76059,-74.27664
NY,Inlet,43.74802,-74.78463
NY,Interlaken,42.61652,-76.7268
NY,Inwood,40.62194,-73.74722
NY,Ionia,42.938,-77.50086
NY,Irving,42.57387,-79.05963
NY,Irvington,41.03811,-73.85967
NY,Island Park,40.60404,-73.65541
NY,Islandia,40.79056,-73.20222
NY,Islip,40.73482,-73.22211
NY,Islip Terrace,40.75482,-73.18275
NY,Ithaca,42.4485,-76.49291
NY,Jackson Heights,40.75133,-73.88298
NY,Jacksonville,42.50833,-76.61528
NY,Jamaica,40.6913,-73.8061
NY,Jamesport,40.94944,-72.58194
NY,Jamestown,42.09284,-79.24399
NY,Jamesville,42.98297,-76.07657
NY,Jasper,42.12896,-77.49991
NY,Java Center,42.66342,-78.39253
NY,Java Village,42.67685,-78.44101
NY,Jay,44.37335,-73.7247
NY,Jefferson,42.49987,-74.61174
NY,Jefferson Valley,41.33852,-73.7947
NY,Jeffersonville,41.77839,-74.91957
NY,Jericho,40.78812,-73.53307
NY,Jewett,42.26938,-74.27927
NY,Johnsburg,43.63408,-74.02125
NY,Johnson,41.36611,-74.50694
NY,Johnson City,42.12668,-75.96849
NY,Johnsonville,42.87687,-73.4989
NY,Johnstown,43.00692,-74.37149
NY,Jordan,43.06514,-76.45978
NY,Jordanville,42.89478,-74.82092
NY,Kanona,42.37222,-77.36611
NY,Katonah,41.27088,-73.68412
NY,Kattskill Bay,43.51556,-73.62988
NY,Kauneonga Lake,41.69083,-74.82917
NY,Keene,44.25548,-73.79146
NY,Keene Valley,44.17798,-73.79592
NY,Keeseville,44.52159,-73.50898
NY,Kendall,43.32841,-78.03036
NY,Kennedy,42.15078,-79.09642
NY,Kenoza Lake,41.7778,-74.93538
NY,Kent,43.33406,-78.13553
NY,Kerhonkson,41.79387,-74.30346
NY,Keuka Park,42.60103,-77.1052
NY,Kew Gardens,40.70687,-73.82971
NY,Kiamesha Lake,41.68382,-74.6724
NY,Kill Buck,42.141,-78.6426
NY,Killawog,42.40056,-76.02111
NY,Kinderhook,42.37667,-73.71826
NY,King Ferry,42.66351,-76.6216
NY,Kings Park,40.88612,-73.24376
NY,Kingston,41.93013,-74.02357
NY,Kirkville,43.0981,-75.955
NY,Kirkwood,42.06946,-75.79671
NY,Knowlesville,43.24194,-78.31083
NY,Knox,42.67111,-74.11611
NY,Knoxboro,42.98639,-75.5175
NY,La Fargeville,44.19871,-75.9569
NY,La Fayette,42.89096,-76.10612
NY,Lacona,43.64288,-76.05034
NY,Lagrangeville,41.66147,-73.74496
NY,Lake Clear,44.35939,-74.24334
NY,Lake George,43.41672,-73.69755
NY,Lake Grove,40.85668,-73.11675
NY,Lake Hill,42.07327,-74.21234
NY,Lake Huntington,41.67816,-74.99493
NY,Lake Katrine,41.99179,-73.99238
NY,Lake Luzerne,43.31649,-73.82282
NY,Lake Peekskill,41.33744,-73.88379
NY,Lake Placid,44.27499,-73.98635
NY,Lake Pleasant,43.47254,-74.42256
NY,Lake View,42.72154,-78.93269
NY,Lakemont,42.51611,-76.92833
NY,Lakeville,42.82957,-77.71487
NY,Lakewood,42.09726,-79.32912
NY,Lancaster,42.90168,-78.66308
NY,Lanesville,42.18915,-74.19715
NY,Lansing,42.56449,-76.53745
NY,Larchmont,40.93505,-73.75715
NY,Latham,42.74616,-73.76299
NY,Laurel,40.9674,-72.55404
NY,Laurens,42.53826,-75.12795
NY,Lawrence,40.61396,-73.73297
NY,Lawrenceville,44.75899,-74.66293
NY,Lawtons,42.54036,-78.92122
NY,Le Roy,42.97738,-77.9851
NY,Lee Center,43.3148,-75.50553
NY,Leeds,42.30451,-73.94573
NY,Leicester,42.7739,-77.89898
NY,Leon,42.29306,-79.01667
NY,Leonardsville,42.80861,-75.25306
NY,Levittown,40.72543,-73.51658
NY,Lewis,44.30751,-73.54913
NY,Lewiston,43.17216,-79.02155
NY,Lexington,42.24028,-74.36583
NY,Liberty,41.79618,-74.7484
NY,Lily Dale,42.35167,-79.32444
NY,Lima,42.90123,-77.60831
NY,Limerick,44.02917,-76.04333
NY,Limestone,42.06394,-78.63198
NY,Lincolndale,41.32278,-73.71861
NY,Lindenhurst,40.68837,-73.37449
NY,Lindley,42.04248,-77.15413
NY,Linwood,42.88472,-77.91042
NY,Lisbon,44.71842,-75.26936
NY,Lisle,42.34092,-76.03024
NY,Little Falls,43.04737,-74.8606
NY,Little Genesee,42.02396,-78.23506
NY,Little Neck,40.75913,-73.73262
NY,Little Valley,42.25412,-78.80929
NY,Little York,42.69583,-76.16472
NY,Liverpool,43.10992,-76.187
NY,Livingston,42.14194,-73.77833
NY,Livingston Manor,41.87779,-74.82703
NY,Livonia,42.81351,-77.66347
NY,Livonia Center,42.82139,-77.63889
NY,Loch Sheldrake,41.7789,-74.66141
NY,Locke,42.65579,-76.41544
NY,Lockport,43.15999,-78.69234
NY,Lockwood,42.11494,-76.53662
NY,Locust Valley,40.88173,-73.59271
NY,Lodi,42.59656,-76.8339
NY,Long Beach,40.5877,-73.65947
NY,Long Eddy,41.86436,-75.09416
NY,Long Island City,40.75032,-73.93939
NY,Long Lake,43.94765,-74.46624
NY,Lorraine,43.75684,-75.90534
NY,Lowman,42.06938,-76.693
NY,Lowville,43.80105,-75.47538
NY,Lycoming,43.49861,-76.38611
NY,Lynbrook,40.65711,-73.67414
NY,Lyndonville,43.32331,-78.38106
NY,Lyon Mountain,44.72549,-73.91945
NY,Lyons,43.07768,-76.98958
NY,Lyons Falls,43.62617,-75.35531
NY,Macedon,43.07837,-77.3372
NY,Machias,42.40827,-78.50586
NY,Madison,42.89685,-75.50756
NY,Madrid,44.76898,-75.14134
NY,Mahopac,41.37171,-73.75075
NY,Mahopac Falls,41.37194,-73.76222
NY,Maine,42.1962,-76.05953
NY,Malden Bridge,42.4602,-73.58796
NY,Malden On Hudson,42.09528,-73.93444
NY,Mallory,43.33782,-76.08921
NY,Malone,44.84816,-74.29281
NY,Malverne,40.67498,-73.67307
NY,Mamaroneck,40.95248,-73.73504
NY,Manchester,42.96987,-77.22973
NY,Manhasset,40.79864,-73.68837
NY,Manlius,42.99044,-75.97034
NY,Mannsville,43.71791,-76.08203
NY,Manorville,40.8421,-72.80021
NY,Maple Springs,42.19667,-79.42417
NY,Maple View,43.45722,-76.14556
NY,Maplecrest,42.29948,-74.16552
NY,Marathon,42.45273,-76.03953
NY,Marcellus,42.98206,-76.33228
NY,Marcy,43.16393,-75.27833
NY,Margaretville,42.1637,-74.64885
NY,Marietta,42.89744,-76.28055
NY,Marilla,42.83322,-78.55866
NY,Marion,43.15461,-77.18628
NY,Marlboro,41.60561,-73.98802
NY,Martinsburg,43.7375,-75.47
NY,Martville,43.26608,-76.62894
NY,Maryknoll,41.17917,-73.83278
NY,Maryland,42.53708,-74.90303
NY,Masonville,42.26235,-75.21549
NY,Maspeth,40.72387,-73.89968
NY,Massapequa,40.68574,-73.46973
NY,Massapequa Park,40.68067,-73.44445
NY,Massena,44.93241,-74.88621
NY,Mastic,40.80644,-72.85661
NY,Mastic Beach,40.76565,-72.8537
NY,Mattituck,40.99434,-72.5363
NY,Maybrook,41.48865,-74.21631
NY,Mayfield,43.14113,-74.2444
NY,Mayville,42.24091,-79.49632
NY,Mc Connellsville,43.28955,-75.65248
NY,Mc Donough,42.50681,-75.7623
NY,Mc Graw,42.59476,-76.08196
NY,Mc Lean,42.56056,-76.2775
NY,Mechanicville,42.96761,-73.67317
NY,Mecklenburg,42.4575,-76.71056
NY,Medford,40.81742,-72.98521
NY,Medina,43.21843,-78.38742
NY,Medusa,42.4515,-74.13152
NY,Mellenville,42.25306,-73.66806
NY,Melrose,42.84116,-73.60767
NY,Melville,40.79461,-73.40296
NY,Memphis,43.09344,-76.40301
NY,Mendon,42.99531,-77.50013
NY,Meridale,42.37799,-74.98026
NY,Meridian,43.16556,-76.53722
NY,Merrick,40.66831,-73.555
NY,Mexico,43.46053,-76.24459
NY,Middle Falls,43.10056,-73.52528
NY,Middle Granville,43.45077,-73.30308
NY,Middle Grove,43.09755,-74.01669
NY,Middle Island,40.87821,-72.95254
NY,Middle Village,40.71729,-73.87923
NY,Middleburgh,42.56373,-74.32917
NY,Middleport,43.21826,-78.48405
NY,Middlesex,42.69762,-77.28051
NY,Middletown,41.45722,-74.41202
NY,Middleville,43.13693,-74.92398
NY,Milford,42.6148,-74.9685
NY,Mill Neck,40.88574,-73.5526
NY,Millbrook,41.78033,-73.68849
NY,Miller Place,40.94357,-72.99135
NY,Millerton,41.95362,-73.52871
NY,Millport,42.25808,-76.83923
NY,Millwood,41.20152,-73.79263
NY,Milton,41.65349,-73.97719
NY,Mineola,40.74693,-73.63976
NY,Minerva,43.78106,-73.98354
NY,Minetto,43.39806,-76.47778
NY,Mineville,44.08763,-73.52359
NY,Minoa,43.07721,-76.00981
NY,Model City,43.185,-78.98389
NY,Modena,41.65035,-74.10358
NY,Mohawk,42.98999,-74.9853
NY,Mohegan Lake,41.31435,-73.85084
NY,Moira,44.85041,-74.56027
NY,Mongaup Valley,41.68102,-74.80277
NY,Monroe,41.33056,-74.18722
NY,Monsey,41.11626,-74.0736
NY,Montauk,41.04585,-71.94396
NY,Montezuma,43.01,-76.70361
NY,Montgomery,41.53332,-74.25342
NY,Monticello,41.65158,-74.70075
NY,Montour Falls,42.34368,-76.83958
NY,Montrose,41.24959,-73.94459
NY,Mooers,44.95924,-73.58341
NY,Mooers Forks,44.96023,-73.67297
NY,Moravia,42.73546,-76.39898
NY,Moriah,44.04375,-73.50786
NY,Moriah Center,44.0662,-73.51107
NY,Moriches,40.8095,-72.82292
NY,Morris,42.54781,-75.24476
NY,Morrisonville,44.68936,-73.57717
NY,Morristown,44.58639,-75.64861
NY,Morrisville,42.91081,-75.64866
NY,Morton,43.32806,-77.99556
NY,Mottville,42.97361,-76.44278
NY,Mount Kisco,41.20497,-73.72992
NY,Mount Marion,42.0357,-74.00021
NY,Mount Morris,42.70543,-77.86108
NY,Mount Sinai,40.92709,-73.01273
NY,Mount Tremper,42.04355,-74.24848
NY,Mount Upton,42.40806,-75.40027
NY,Mount Vernon,40.90786,-73.83796
NY,Mount Vision,42.60676,-75.12637
NY,Mountain Dale,41.69176,-74.53576
NY,Mountainville,41.40083,-74.07889
NY,Mumford,42.99278,-77.86056
NY,Munnsville,42.98633,-75.59403
NY,Nanuet,41.09918,-74.00959
NY,Napanoch,41.75897,-74.38035
NY,Naples,42.64043,-77.39011
NY,Narrowsburg,41.59211,-75.01069
NY,Nassau,42.52714,-73.61175
NY,Natural Bridge,44.06298,-75.50388
NY,Nedrow,42.95585,-76.15293
NY,Nelliston,42.93472,-74.61389
NY,Nesconset,40.84621,-73.1482
NY,Neversink,41.8492,-74.61273
NY,New Baltimore,42.44611,-73.78889
NY,New Berlin,42.62241,-75.34741
NY,New City,41.14725,-73.99621
NY,New Hampton,41.36271,-74.44348
NY,New Hartford,43.06541,-75.29055
NY,New Haven,43.47972,-76.31556
NY,New Hyde Park,40.74393,-73.68042
NY,New Kingston,42.21361,-74.6825
NY,New Lebanon,42.47586,-73.3773
NY,New Lisbon,42.57897,-75.32744
NY,New Milford,41.23444,-74.41417
NY,New Paltz,41.74335,-74.08388
NY,New Rochelle,40.91663,-73.78773
NY,New Russia,44.15953,-73.60588
NY,New Suffolk,40.99139,-72.47639
NY,New Windsor,41.47237,-74.0566
NY,New Woodstock,42.84414,-75.86353
NY,New York,40.74838,-73.99671
NY,New York Mills,43.10004,-75.29369
NY,Newark,43.05191,-77.0946
NY,Newark Valley,42.22814,-76.16248
NY,Newburgh,41.51783,-74.03598
NY,Newcomb,43.94599,-74.12991
NY,Newfane,43.27244,-78.70697
NY,Newfield,42.36214,-76.59198
NY,Newport,43.18,-74.98613
NY,Newton Falls,44.19858,-74.98456
NY,Newtonville,42.72444,-73.75889
NY,Niagara Falls,43.09547,-79.04144
NY,Niagara University,43.13833,-79.03917
NY,Nichols,42.03196,-76.36104
NY,Nicholville,44.70818,-74.65338
NY,Nineveh,42.16248,-75.54841
NY,Niobe,42.0125,-79.44972
NY,Niverville,42.92757,-73.48561
NY,Norfolk,44.84235,-74.95774
NY,North Babylon,40.7321,-73.32358
NY,North Bangor,44.83,-74.41337
NY,North Bay,43.23,-75.74861
NY,North Blenheim,42.48994,-74.42817
NY,North Boston,42.68556,-78.77694
NY,North Branch,41.81418,-74.98239
NY,North Brookfield,42.85009,-75.38149
NY,North Chatham,42.47194,-73.63222
NY,North Chili,43.1186,-77.80052
NY,North Collins,42.58965,-78.91073
NY,North Creek,43.7138,-73.8928
NY,North Evans,42.69694,-78.94167
NY,North Granville,43.50621,-73.33011
NY,North Greece,43.25361,-77.73278
NY,North Hoosick,42.92806,-73.34333
NY,North Hudson,43.98687,-73.71206
NY,North Java,42.67763,-78.33796
NY,North Lawrence,44.77498,-74.66531
NY,North Norwich,42.61694,-75.52722
NY,North Pitcher,42.63724,-75.81636
NY,North River,43.73861,-74.04917
NY,North Rose,43.19644,-76.91515
NY,North Salem,41.34139,-73.59295
NY,North Tonawanda,43.04983,-78.851
NY,Northport,40.90506,-73.33089
NY,Northville,43.23713,-74.16836
NY,Norwich,42.54145,-75.52743
NY,Norwood,44.74719,-74.99919
NY,Nunda,42.58671,-77.91801
NY,Nyack,41.09135,-73.92523
NY,Oak Hill,42.4069,-74.15283
NY,Oakdale,40.73822,-73.12969
NY,Oakfield,43.07173,-78.27018
NY,Oakland Gardens,40.74585,-73.75865
NY,Oaks Corners,42.93222,-77.01278
NY,Obernburg,41.84472,-75.0075
NY,Ocean Beach,40.64667,-73.1575
NY,Oceanside,40.6362,-73.63753
NY,Odessa,42.36095,-76.7717
NY,Ogdensburg,44.6902,-75.4774
NY,Olcott,43.33778,-78.715
NY,Old Bethpage,40.76499,-73.45748
NY,Old Chatham,42.43569,-73.55447
NY,Old Forge,43.74347,-74.89351
NY,Old Westbury,40.78821,-73.58751
NY,Olean,42.0787,-78.42327
NY,Olivebridge,41.89591,-74.24695
NY,Olmstedville,43.77993,-73.93348
NY,Oneida,43.08625,-75.65081
NY,Oneonta,42.46245,-75.04907
NY,Ontario,43.22909,-77.30878
NY,Ontario Center,43.22583,-77.30611
NY,Orangeburg,41.04418,-73.96087
NY,Orchard Park,42.76389,-78.75183
NY,Orient,41.14374,-72.28789
NY,Oriskany,43.15243,-75.34344
NY,Oriskany Falls,42.95759,-75.48381
NY,Orwell,43.57472,-75.99667
NY,Ossining,41.16734,-73.85379
NY,Oswegatchie,44.19333,-75.06595
NY,Oswego,43.44384,-76.49749
NY,Otego,42.41333,-75.20788
NY,Otisville,41.48181,-74.52941
NY,Otto,42.35611,-78.83194
NY,Ouaquaga,42.11929,-75.64735
NY,Ovid,42.67698,-76.82157
NY,Owego,42.11381,-76.2528
NY,Owls Head,44.73079,-74.13417
NY,Oxbow,44.28722,-75.62333
NY,Oxford,42.44338,-75.60626
NY,Oyster Bay,40.86601,-73.52721
NY,Ozone Park,40.68375,-73.8514
NY,Painted Post,42.17097,-77.11938
NY,Palatine Bridge,42.92212,-74.57082
NY,Palenville,42.17294,-74.01667
NY,Palisades,41.01026,-73.92499
NY,Palmyra,43.06219,-77.2218
NY,Panama,42.05696,-79.48154
NY,Paradox,43.89138,-73.64496
NY,Parish,43.4153,-76.10002
NY,Parishville,44.59266,-74.79406
NY,Parksville,41.85169,-74.73593
NY,Patchogue,40.7735,-72.99811
NY,Patterson,41.48876,-73.58149
NY,Pattersonville,42.84995,-74.12313
NY,Paul Smiths,44.44497,-74.26643
NY,Pavilion,42.88009,-78.0147
NY,Pawling,41.57489,-73.59485
NY,Pearl River,41.06294,-74.01587
NY,Peconic,41.04778,-72.46361
NY,Peekskill,41.29372,-73.90256
NY,Pelham,40.90445,-73.8073
NY,Penfield,43.13964,-77.45604
NY,Penn Yan,42.66455,-77.05687
NY,Pennellville,43.26095,-76.23947
NY,Perkinsville,42.53972,-77.62861
NY,Perry,42.72285,-78.00588
NY,Perrysburg,42.47229,-78.99811
NY,Peru,44.58511,-73.52932
NY,Peterboro,42.96722,-75.68833
NY,Petersburg,42.73637,-73.37103
NY,Phelps,42.95818,-77.04726
NY,Philadelphia,44.1589,-75.70992
NY,Phillipsport,41.63917,-74.44611
NY,Philmont,42.24833,-73.65361
NY,Phoenicia,42.05443,-74.33933
NY,Phoenix,43.24679,-76.30645
NY,Piercefield,44.23404,-74.57323
NY,Piermont,41.03955,-73.91919
NY,Pierrepont Manor,43.735,-76.05917
NY,Piffard,42.84269,-77.88254
NY,Pike,42.55639,-78.15306
NY,Pine Bush,41.61776,-74.32631
NY,Pine City,42.04194,-76.88152
NY,Pine Hill,42.13397,-74.48756
NY,Pine Island,41.3238,-74.37946
NY,Pine Plains,41.98957,-73.66023
NY,Pine Valley,42.23479,-76.86521
NY,Piseco,43.44812,-74.52628
NY,Pitcher,42.59694,-75.84646
NY,Pittsford,43.06951,-77.51407
NY,Plainview,40.7781,-73.48164
NY,Plainville,43.15917,-76.4475
NY,Plattekill,41.6175,-74.07639
NY,Plattsburgh,44.69271,-73.46597
NY,Pleasant Valley,41.74703,-73.81428
NY,Pleasantville,41.13498,-73.78448
NY,Plessis,44.27736,-75.84958
NY,Plymouth,42.63359,-75.61716
NY,Poestenkill,42.67955,-73.58885
NY,Point Lookout,40.59222,-73.58111
NY,Poland,43.21146,-75.07313
NY,Pomona,41.19011,-74.04356
NY,Pompey,42.89889,-76.01639
NY,Pond Eddy,41.45107,-74.84103
NY,Poplar Ridge,42.73833,-76.61833
NY,Port Byron,43.04265,-76.64492
NY,Port Chester,41.00776,-73.67204
NY,Port Crane,42.19573,-75.79098
NY,Port Ewen,41.91311,-73.98716
NY,Port Gibson,43.03444,-77.15778
NY,Port Henry,44.04645,-73.47054
NY,Port Jefferson,40.94569,-73.06109
NY,Port Jefferson Station,40.91172,-73.05214
NY,Port Jervis,41.37856,-74.6691
NY,Port Kent,44.52806,-73.4075
NY,Port Leyden,43.58024,-75.32626
NY,Port Washington,40.83499,-73.69636
NY,Portageville,42.55696,-78.08563
NY,Porter Corners,43.17236,-73.88392
NY,Portland,42.38579,-79.45889
NY,Portlandville,42.5103,-74.97606
NY,Portville,42.02725,-78.33135
NY,Potsdam,44.65925,-74.96808
NY,Pottersville,43.69296,-73.75644
NY,Poughkeepsie,41.70208,-73.9218
NY,Poughquag,41.61936,-73.67833
NY,Pound Ridge,41.2042,-73.57322
NY,Prattsburgh,42.52692,-77.28245
NY,Prattsville,42.2979,-74.3895
NY,Preble,42.79501,-76.21411
NY,Preston Hollow,42.45635,-74.24199
NY,Prospect,43.30417,-75.1525
NY,Pulaski,43.55617,-76.12523
NY,Pulteney,42.52327,-77.16911
NY,Pultneyville,43.27972,-77.18639
NY,Purchase,41.0384,-73.71563
NY,Purdys,41.32243,-73.65431
NY,Purling,42.2755,-74.01138
NY,Putnam Station,43.75598,-73.4123
NY,Putnam Valley,41.37282,-73.85024
NY,Pyrites,44.51472,-75.18611
NY,Quaker Street,42.73472,-74.18667
NY,Queens Village,40.72771,-73.74891
NY,Queensbury,43.32898,-73.68185
NY,Quogue,40.82306,-72.61
NY,Rainbow Lake,44.46694,-74.17333
NY,Randolph,42.16314,-78.96003
NY,Ransomville,43.2286,-78.89816
NY,Raquette Lake,43.86622,-74.53796
NY,Ravena,42.47537,-73.82199
NY,Ray Brook,44.3,-74.08583
NY,Raymondville,44.83806,-74.97833
NY,Reading Center,42.43028,-76.93306
NY,Red Creek,43.22907,-76.71456
NY,Red Hook,42.00644,-73.85458
NY,Redfield,43.56579,-75.82423
NY,Redford,44.60693,-73.80195
NY,Redwood,44.32108,-75.81498
NY,Rego Park,40.72775,-73.86019
NY,Remsen,43.33846,-75.16162
NY,Remsenburg,40.8075,-72.70917
NY,Rensselaer,42.63585,-73.7219
NY,Rensselaer Falls,44.59063,-75.32261
NY,Rensselaerville,42.51329,-74.14743
NY,Retsof,42.83528,-77.87917
NY,Rexford,42.85241,-73.8701
NY,Rexville,42.07265,-77.67666
NY,Rhinebeck,41.92721,-73.88875
NY,Rhinecliff,41.91944,-73.95167
NY,Richburg,42.08833,-78.15361
NY,Richfield Springs,42.8503,-74.99221
NY,Richford,42.39452,-76.1865
NY,Richland,43.57758,-76.00292
NY,Richmond Hill,40.69817,-73.83448
NY,Richmondville,42.64245,-74.571
NY,Richville,44.40454,-75.40246
NY,Ridge,40.90185,-72.88814
NY,Ridgewood,40.70361,-73.89612
NY,Rifton,41.8375,-74.03778
NY,Riparius,43.66167,-73.8975
NY,Ripley,42.24818,-79.7121
NY,Riverhead,40.9262,-72.65197
NY,Rochester,43.1683,-77.6026
NY,Rock City Falls,43.06625,-73.92152
NY,Rock Hill,41.61335,-74.58722
NY,Rock Stream,42.44851,-76.93644
NY,Rock Tavern,41.45752,-74.16588
NY,Rockaway Park,40.57947,-73.83919
NY,Rockville Centre,40.66374,-73.638
NY,Rocky Point,40.94921,-72.93568
NY,Rodman,43.86222,-75.87188
NY,Rome,43.21935,-75.44976
NY,Romulus,42.76138,-76.85358
NY,Ronkonkoma,40.82076,-73.1208
NY,Roosevelt,40.68017,-73.5867
NY,Rooseveltown,44.97278,-74.73139
NY,Roscoe,41.94577,-74.9237
NY,Rose,43.15361,-76.87889
NY,Roseboom,42.78825,-74.74161
NY,Rosedale,40.66214,-73.73526
NY,Rosendale,41.84025,-74.073
NY,Roslyn,40.79067,-73.65336
NY,Roslyn Heights,40.7845,-73.64029
NY,Rotterdam Junction,42.87296,-74.04686
NY,Round Lake,42.92599,-73.77013
NY,Round Top,42.26778,-74.05228
NY,Rouses Point,44.98841,-73.36908
NY,Roxbury,42.31169,-74.54052
NY,Ruby,42.01806,-74.01528
NY,Rush,42.99893,-77.66538
NY,Rushford,42.41722,-78.1867
NY,Rushville,42.75973,-77.23954
NY,Russell,44.38067,-75.11378
NY,Rye,40.9734,-73.69072
NY,Sabael,43.72833,-74.30611
NY,Sackets Harbor,43.93983,-76.10504
NY,Sag Harbor,40.982,-72.30674
NY,Sagaponack,40.92528,-72.27861
NY,Saint Albans,40.6981,-73.75864
NY,Saint Bonaventure,42.08611,-78.47694
NY,Saint James,40.8813,-73.15912
NY,Saint Johnsville,43.017,-74.64604
NY,Saint Regis Falls,44.6773,-74.66032
NY,Salamanca,42.16035,-78.73042
NY,Salem,43.18279,-73.3327
NY,Salisbury Center,43.16251,-74.78093
NY,Salisbury Mills,41.44971,-74.12138
NY,Salt Point,41.80504,-73.80133
NY,Sanborn,43.14188,-78.87852
NY,Sand Lake,42.63791,-73.49895
NY,Sandusky,42.49583,-78.38472
NY,Sandy Creek,43.65168,-76.12644
NY,Sangerfield,42.91389,-75.37944
NY,Saranac,44.70317,-73.74814
NY,Saranac Lake,44.32433,-74.13295
NY,Saratoga Springs,43.08009,-73.78064
NY,Sardinia,42.53298,-78.50642
NY,Saugerties,42.07376,-73.97968
NY,Sauquoit,43.00729,-75.26259
NY,Savannah,43.09344,-76.75647
NY,Savona,42.30407,-77.20834
NY,Sayville,40.74606,-73.0823
NY,Scarsdale,40.98837,-73.79757
NY,Schaghticoke,42.91436,-73.61543
NY,Schenectady,42.8155,-73.9395
NY,Schenevus,42.59004,-74.81486
NY,Schodack Landing,42.48164,-73.748
NY,Schoharie,42.6615,-74.30473
NY,Schroon Lake,43.84116,-73.76738
NY,Schuyler Falls,44.58822,-73.68948
NY,Schuyler Lake,42.78028,-75.02833
NY,Schuylerville,43.08778,-73.60068
NY,Scio,42.1697,-77.99003
NY,Scipio Center,42.77847,-76.57417
NY,Scottsburg,42.65891,-77.68263
NY,Scottsville,43.02462,-77.77426
NY,Sea Cliff,40.84598,-73.6436
NY,Seaford,40.67951,-73.49102
NY,Selden,40.86988,-73.04485
NY,Selkirk,42.54861,-73.81286
NY,Seneca Castle,42.88694,-77.09639
NY,Seneca Falls,42.90938,-76.79254
NY,Severance,43.8769,-73.73013
NY,Shandaken,42.10835,-74.40908
NY,Sharon Springs,42.76336,-74.59191
NY,Shelter Island,41.06405,-72.33662
NY,Shelter Island Heights,41.0742,-72.34808
NY,Shenorock,41.33167,-73.73861
NY,Sherburne,42.68588,-75.48303
NY,Sheridan,42.48833,-79.2375
NY,Sherman,42.16312,-79.58574
NY,Sherrill,43.0704,-75.59897
NY,Shinhopple,42.03861,-75.06806
NY,Shirley,40.74393,-72.87604
NY,Shokan,41.97668,-74.21194
NY,Shoreham,40.94849,-72.89269
NY,Shortsville,42.96903,-77.22731
NY,Shrub Oak,41.32861,-73.82732
NY,Shushan,43.11057,-73.32315
NY,Sidney,42.30737,-75.3908
NY,Sidney Center,42.24408,-75.28706
NY,Silver Bay,43.6978,-73.50706
NY,Silver Creek,42.53567,-79.16281
NY,Silver Lake,42.70167,-78.02222
NY,Silver Springs,42.66945,-78.09299
NY,Sinclairville,42.24548,-79.2673
NY,Skaneateles,42.92575,-76.40517
NY,Skaneateles Falls,42.99306,-76.45639
NY,Slate Hill,41.376,-74.48466
NY,Slaterville Springs,42.40112,-76.31568
NY,Slingerlands,42.64846,-73.87107
NY,Sloansville,42.75985,-74.36417
NY,Sloatsburg,41.16047,-74.18811
NY,Smallwood,41.66528,-74.81972
NY,Smithboro,42.03389,-76.40056
NY,Smithtown,40.85419,-73.21382
NY,Smithville Flats,42.39889,-75.82372
NY,Smyrna,42.68957,-75.61212
NY,Sodus,43.22168,-77.05141
NY,Sodus Point,43.26506,-76.98833
NY,Solsville,42.91056,-75.51806
NY,Somers,41.33457,-73.69514
NY,Sonyea,42.67889,-77.8275
NY,Sound Beach,40.95671,-72.97417
NY,South Bethlehem,42.53167,-73.84778
NY,South Butler,43.13139,-76.76611
NY,South Byron,43.04833,-78.06583
NY,South Cairo,42.27338,-73.96398
NY,South Colton,44.5041,-74.86073
NY,South Dayton,42.3718,-79.05013
NY,South Fallsburg,41.70419,-74.6444
NY,South Glens Falls,43.28391,-73.63795
NY,South Jamesport,40.93639,-72.57778
NY,South Kortright,42.37699,-74.7259
NY,South Lima,42.85528,-77.67556
NY,South New Berlin,42.53057,-75.35249
NY,South Otselic,42.66256,-75.76692
NY,South Ozone Park,40.67538,-73.81577
NY,South Plymouth,42.60525,-75.633
NY,South Richmond Hill,40.68811,-73.82387
NY,South Salem,41.25526,-73.54022
NY,South Wales,42.70627,-78.54522
NY,Southampton,40.90434,-72.41027
NY,Southfields,41.24796,-74.17618
NY,Southold,41.05555,-72.42904
NY,Sparkill,41.02557,-73.92288
NY,Sparrow Bush,41.43589,-74.72365
NY,Speculator,43.50416,-74.36667
NY,Spencer,42.24674,-76.48985
NY,Spencerport,43.1895,-77.80433
NY,Spencertown,42.30908,-73.50075
NY,Speonk,40.81944,-72.70583
NY,Sprakers,42.84845,-74.45356
NY,Spring Brook,42.81806,-78.67583
NY,Spring Glen,41.66556,-74.43028
NY,Spring Valley,41.11798,-74.04625
NY,Springfield Center,42.85011,-74.93805
NY,Springfield Gardens,40.67295,-73.75071
NY,Springville,42.51998,-78.68472
NY,Springwater,42.6776,-77.5775
NY,Staatsburg,41.85019,-73.89884
NY,Stafford,42.98289,-78.08978
NY,Stamford,42.41741,-74.60983
NY,Stanfordville,41.88773,-73.69447
NY,Stanley,42.83028,-77.1207
NY,Star Lake,44.15776,-75.03302
NY,Staten Island,40.6316,-74.09266
NY,Steamburg,42.10806,-78.90444
NY,Stella Niagara,43.20194,-79.0425
NY,Stephentown,42.52332,-73.42245
NY,Sterling,43.32958,-76.67473
NY,Sterling Forest,41.1825,-74.31917
NY,Stillwater,42.90565,-73.69716
NY,Stittville,43.22289,-75.28985
NY,Stockton,42.3182,-79.37579
NY,Stone Ridge,41.86156,-74.16975
NY,Stony Brook,40.90026,-73.12508
NY,Stony Creek,43.42139,-73.94947
NY,Stony Point,41.22917,-73.99616
NY,Stormville,41.55119,-73.72555
NY,Stottville,42.28611,-73.73917
NY,Stow,42.15667,-79.40167
NY,Stratford,43.1791,-74.67679
NY,Strykersville,42.72489,-78.43471
NY,Stuyvesant,42.35957,-73.76133
NY,Stuyvesant Falls,42.35528,-73.73139
NY,Suffern,41.11765,-74.1241
NY,Sugar Loaf,41.32083,-74.28583
NY,Summit,42.58712,-74.57495
NY,Summitville,41.62139,-74.45111
NY,Sunnyside,40.74364,-73.92156
NY,Surprise,42.36117,-73.95154
NY,Swain,42.47731,-77.88899
NY,Swan Lake,41.72848,-74.83409
NY,Sylvan Beach,43.19639,-75.73083
NY,Syosset,40.82611,-73.5025
NY,Syracuse,43.0459,-76.1528
NY,Taberg,43.33657,-75.60271
NY,Tallman,41.11111,-74.10028
NY,Tannersville,42.20318,-74.10144
NY,Tappan,41.02775,-73.94907
NY,Tarrytown,41.07811,-73.85934
NY,Thendara,43.7,-75.00222
NY,Theresa,44.21129,-75.80142
NY,Thiells,41.20783,-74.01544
NY,Thompson Ridge,41.58096,-74.37744
NY,Thompsonville,41.66806,-74.62556
NY,Thornwood,41.11816,-73.77333
NY,Thousand Island Park,44.28694,-76.02806
NY,Three Mile Bay,44.0551,-76.26893
NY,Ticonderoga,43.8463,-73.44259
NY,Tillson,41.81628,-74.07222
NY,Tioga Center,42.05611,-76.34833
NY,Tivoli,42.05794,-73.90251
NY,Tomkins Cove,41.25976,-73.98916
NY,Tonawanda,43.00284,-78.85472
NY,Treadwell,42.36296,-75.05875
NY,Tribes Hill,42.95528,-74.28556
NY,Troupsburg,42.05008,-77.55021
NY,Trout Creek,42.20361,-75.27972
NY,Troy,42.72875,-73.66826
NY,Troy,42.74381,-73.69371
NY,Trumansburg,42.52099,-76.66814
NY,Truxton,42.70855,-76.01895
NY,Tuckahoe,40.95691,-73.81977
NY,Tully,42.80698,-76.13936
NY,Tunnel,42.21611,-75.72694
NY,Tupper Lake,44.22846,-74.46317
NY,Turin,43.64407,-75.4132
NY,Tuxedo Park,41.19249,-74.21591
NY,Tyrone,42.40806,-77.05861
NY,Ulster Park,41.86511,-73.99484
NY,Unadilla,42.3252,-75.33659
NY,Union Hill,43.22278,-77.37194
NY,Union Springs,42.83355,-76.67396
NY,Uniondale,40.70203,-73.59199
NY,Unionville,41.30194,-74.56194
NY,Upper Jay,44.32559,-73.80786
NY,Upton,40.86944,-72.88722
NY,Utica,43.08711,-75.23146
NY,Vails Gate,41.45417,-74.05806
NY,Valatie,42.43205,-73.66832
NY,Valhalla,41.08556,-73.7776
NY,Valley Cottage,41.11834,-73.94301
NY,Valley Falls,42.88546,-73.54367
NY,Valley Stream,40.67418,-73.70574
NY,Van Buren Point,42.47944,-79.33417
NY,Van Etten,42.20846,-76.57166
NY,Van Hornesville,42.89481,-74.83466
NY,Varysburg,42.74594,-78.31675
NY,Verbank,41.72266,-73.71841
NY,Vermontville,44.46013,-74.05728
NY,Vernon,43.09451,-75.56272
NY,Vernon Center,43.04431,-75.52103
NY,Verona,43.14731,-75.5724
NY,Verona Beach,43.19083,-75.72944
NY,Verplanck,41.25278,-73.96028
NY,Versailles,42.51889,-78.99611
NY,Vestal,42.07711,-76.01176
NY,Victor,42.9866,-77.41798
NY,Victory Mills,43.08778,-73.59444
NY,Voorheesville,42.64311,-73.94477
NY,Waccabuc,41.30321,-73.60321
NY,Waddington,44.85637,-75.20489
NY,Wading River,40.95205,-72.83477
NY,Wainscott,40.93667,-72.24333
NY,Walden,41.55963,-74.17639
NY,Wales Center,42.76833,-78.53028
NY,Walker Valley,41.62889,-74.37167
NY,Wallkill,41.61595,-74.14385
NY,Walton,42.17565,-75.15318
NY,Walworth,43.14016,-77.28582
NY,Wampsville,43.07528,-75.70722
NY,Wanakena,44.2184,-75.09077
NY,Wantagh,40.685,-73.51033
NY,Wappingers Falls,41.5922,-73.89059
NY,Warners,43.09317,-76.29041
NY,Warnerville,42.63883,-74.48705
NY,Warrensburg,43.50025,-73.79202
NY,Warsaw,42.74103,-78.1429
NY,Warwick,41.26556,-74.36037
NY,Washington Mills,43.05,-75.27333
NY,Washingtonville,41.4237,-74.1601
NY,Wassaic,41.77588,-73.55438
NY,Water Mill,40.92093,-72.34907
NY,Waterford,42.80996,-73.69948
NY,Waterloo,42.90452,-76.8755
NY,Waterport,43.33256,-78.24296
NY,Watertown,43.97426,-75.91221
NY,Waterville,42.93324,-75.38147
NY,Watervliet,42.72984,-73.71234
NY,Watkins Glen,42.37712,-76.90215
NY,Waverly,42.01723,-76.53331
NY,Wawarsing,41.75889,-74.35778
NY,Wayland,42.55927,-77.59061
NY,Wayne,42.47028,-77.10556
NY,Webster,43.21956,-77.46159
NY,Weedsport,43.04888,-76.5425
NY,Wellesley Island,44.2875,-76.0125
NY,Wells,43.40122,-74.28858
NY,Wells Bridge,42.35797,-75.25656
NY,Wellsburg,42.02732,-76.77232
NY,Wellsville,42.11076,-77.94191
NY,West Babylon,40.71348,-73.35459
NY,West Bloomfield,42.90583,-77.53944
NY,West Burlington,42.70623,-75.1906
NY,West Camp,42.12306,-73.93528
NY,West Chazy,44.79697,-73.51119
NY,West Clarksville,42.12806,-78.24333
NY,West Copake,42.09583,-73.58278
NY,West Coxsackie,42.41506,-73.81703
NY,West Davenport,42.44583,-74.96361
NY,West Eaton,42.85444,-75.65639
NY,West Edmeston,42.79454,-75.30372
NY,West Falls,42.70532,-78.67794
NY,West Fulton,42.55062,-74.4631
NY,West Harrison,41.0433,-73.75073
NY,West Haverstraw,41.20902,-73.98212
NY,West Hempstead,40.69291,-73.65386
NY,West Henrietta,43.03967,-77.68713
NY,West Hurley,41.99082,-74.11523
NY,West Islip,40.71173,-73.30072
NY,West Kill,42.20458,-74.36199
NY,West Lebanon,42.48611,-73.46667
NY,West Leyden,43.45971,-75.51271
NY,West Monroe,43.28824,-76.07975
NY,West Nyack,41.09732,-73.97685
NY,West Oneonta,42.45385,-75.09569
NY,West Park,41.79444,-73.96
NY,West Point,41.39455,-73.97367
NY,West Sand Lake,42.63797,-73.6109
NY,West Sayville,40.73197,-73.10002
NY,West Shokan,41.95548,-74.28512
NY,West Stockholm,44.72895,-74.89193
NY,West Valley,42.43153,-78.62798
NY,West Winfield,42.88257,-75.18349
NY,Westbrookville,41.375,-74.69306
NY,Westbury,40.75575,-73.57226
NY,Westdale,43.41167,-75.82259
NY,Westerlo,42.51562,-74.03938
NY,Westernville,43.32941,-75.31512
NY,Westfield,42.32198,-79.57265
NY,Westford,42.50351,-75.10038
NY,Westhampton,40.81803,-72.66993
NY,Westhampton Beach,40.82278,-72.64476
NY,Westmoreland,43.10169,-75.45326
NY,Westons Mills,42.06222,-78.3775
NY,Westport,44.20498,-73.47022
NY,Westtown,41.32141,-74.55295
NY,Wevertown,43.64129,-73.93091
NY,Whippleville,44.80972,-74.26222
NY,White Lake,41.6485,-74.86544
NY,White Plains,41.03296,-73.76523
NY,White Sulphur Springs,41.79004,-74.82806
NY,Whitehall,43.5531,-73.38641
NY,Whitesboro,43.11581,-75.30948
NY,Whitestone,40.78515,-73.80959
NY,Whitesville,42.04559,-77.81061
NY,Whitney Point,42.33845,-75.95223
NY,Willard,42.68222,-76.86889
NY,Willet,42.45204,-75.90143
NY,Williamson,43.24207,-77.17001
NY,Williamstown,43.41056,-75.90441
NY,Williston Park,40.7592,-73.64489
NY,Willow,42.09232,-74.20254
NY,Willsboro,44.3604,-73.39629
NY,Willseyville,42.30291,-76.38972
NY,Wilmington,44.38798,-73.81655
NY,Wilson,43.29681,-78.8244
NY,Windham,42.31746,-74.26202
NY,Windsor,42.07448,-75.67283
NY,Wingdale,41.65382,-73.55562
NY,Winthrop,44.75829,-74.80659
NY,Witherbee,44.0875,-73.53333
NY,Wolcott,43.23413,-76.82175
NY,Woodbourne,41.77081,-74.59283
NY,Woodbury,40.81544,-73.47161
NY,Woodgate,43.54881,-75.11911
NY,Woodhaven,40.69134,-73.85851
NY,Woodhull,42.07364,-77.42033
NY,Woodmere,40.63262,-73.71415
NY,Woodridge,41.71695,-74.58152
NY,Woodside,40.74497,-73.90691
NY,Woodstock,42.03479,-74.11197
NY,Worcester,42.60489,-74.72992
NY,Wurtsboro,41.58767,-74.50389
NY,Wyandanch,40.75326,-73.36596
NY,Wynantskill,42.68778,-73.63826
NY,Wyoming,42.83175,-78.08329
NY,Yaphank,40.83704,-72.91743
NY,Yonkers,40.94072,-73.88832
NY,York,42.87111,-77.88556
NY,Yorkshire,42.53,-78.47306
NY,Yorktown Heights,41.29995,-73.7924
NY,Yorkville,43.11158,-75.27557
NY,Youngstown,43.24607,-79.02455
NY,Youngsville,41.80324,-74.88878
NY,Yulan,41.53838,-74.92622
OH,Aberdeen,38.67086,-83.76372
OH,Ada,40.77093,-83.8154
OH,Adamsville,40.07929,-81.87185
OH,Addyston,39.13736,-84.7096
OH,Adelphi,39.46667,-82.74722
OH,Adena,40.21258,-80.88154
OH,Akron,41.04485,-81.52005
OH,Albany,39.20966,-82.21773
OH,Alexandria,40.10596,-82.60768
OH,Alger,40.70597,-83.82501
OH,Alledonia,39.90527,-80.95775
OH,Alliance,40.91584,-81.11819
OH,Alpha,39.71167,-84.02333
OH,Alvada,41.04628,-83.37698
OH,Alvordton,41.66249,-84.43553
OH,Amanda,39.6251,-82.75524
OH,Amelia,39.02114,-84.21117
OH,Amesville,39.40864,-81.96498
OH,Amherst,41.39051,-82.22817
OH,Amlin,40.07203,-83.17916
OH,Amsterdam,40.47313,-80.95955
OH,Andover,41.62249,-80.57537
OH,Anna,40.4051,-84.21034
OH,Ansonia,40.21506,-84.64064
OH,Antwerp,41.18874,-84.7448
OH,Apple Creek,40.75512,-81.80926
OH,Arcadia,41.11156,-83.50195
OH,Arcanum,39.98837,-84.53702
OH,Archbold,41.53325,-84.30483
OH,Arlington,40.87611,-83.66854
OH,Ashland,40.85589,-82.31893
OH,Ashley,40.41626,-82.9542
OH,Ashtabula,41.86788,-80.79468
OH,Ashville,39.73158,-82.94457
OH,Athens,39.31782,-82.10201
OH,Attica,41.07776,-82.88972
OH,Atwater,41.03349,-81.19846
OH,Augusta,40.68583,-81.02111
OH,Aurora,41.32093,-81.36042
OH,Austinburg,41.75536,-80.85842
OH,Ava,39.83167,-81.575
OH,Avon,41.44671,-82.02036
OH,Avon Lake,41.5019,-82.01109
OH,Bainbridge,39.21312,-83.27627
OH,Bakersville,40.35556,-81.64583
OH,Baltic,40.44757,-81.67917
OH,Baltimore,39.86445,-82.62402
OH,Bannock,40.09861,-80.97722
OH,Barberton,41.01859,-81.61531
OH,Barlow,39.39861,-81.665
OH,Barnesville,39.9812,-81.1713
OH,Bartlett,39.41944,-81.81583
OH,Barton,40.10722,-80.84139
OH,Bascom,41.13278,-83.28528
OH,Batavia,39.09566,-84.14512
OH,Bath,41.18889,-81.63639
OH,Bay Village,41.48414,-81.92887
OH,Beach City,40.6562,-81.58513
OH,Beachwood,41.47011,-81.52317
OH,Beallsville,39.8726,-81.01436
OH,Beaver,39.02385,-82.84747
OH,Beaverdam,40.83333,-83.97667
OH,Bedford,41.39207,-81.52315
OH,Bellaire,40.0204,-80.76381
OH,Bellbrook,39.64019,-84.08245
OH,Belle Center,40.50237,-83.76877
OH,Belle Valley,39.79056,-81.55639
OH,Bellefontaine,40.36047,-83.75708
OH,Bellevue,41.26843,-82.85765
OH,Bellville,40.6136,-82.51752
OH,Belmont,40.03202,-81.00656
OH,Belmore,41.09833,-83.98472
OH,Beloit,40.89568,-80.98967
OH,Belpre,39.28677,-81.5968
OH,Benton Ridge,41.00472,-83.79417
OH,Bentonville,38.74944,-83.61333
OH,Berea,41.36756,-81.86176
OH,Bergholz,40.47771,-80.88615
OH,Berkey,41.69889,-83.83097
OH,Berlin,40.56111,-81.79444
OH,Berlin Center,41.02432,-80.9341
OH,Berlin Heights,41.32052,-82.47771
OH,Bethel,38.94236,-84.09195
OH,Bethesda,40.01922,-81.07674
OH,Bettsville,41.24639,-83.23583
OH,Beverly,39.57144,-81.63459
OH,Bidwell,38.92765,-82.27009
OH,Big Prairie,40.61878,-82.07205
OH,Birmingham,41.33,-82.36083
OH,Blacklick,40.02095,-82.80786
OH,Bladensburg,40.28444,-82.28417
OH,Blaine,40.06778,-80.8175
OH,Blakeslee,41.52417,-84.73028
OH,Blanchester,39.30344,-83.97398
OH,Blissfield,40.39972,-81.96556
OH,Bloomdale,41.18149,-83.57236
OH,Bloomingburg,39.62862,-83.40952
OH,Bloomingdale,40.3742,-80.80721
OH,Bloomville,41.01821,-82.98987
OH,Blue Creek,38.75645,-83.35268
OH,Blue Rock,39.8,-81.89102
OH,Bluffton,40.87898,-83.8914
OH,Bolivar,40.63469,-81.44636
OH,Botkins,40.4659,-84.17799
OH,Bourneville,39.28194,-83.15667
OH,Bowerston,40.43706,-81.18624
OH,Bowersville,39.58056,-83.725
OH,Bowling Green,41.38151,-83.65075
OH,Bradford,40.12856,-84.42929
OH,Bradner,41.32979,-83.4456
OH,Brady Lake,41.15944,-81.31722
OH,Brecksville,41.31655,-81.62608
OH,Brewster,40.71439,-81.59875
OH,Brice,39.91806,-82.83222
OH,Bridgeport,40.07518,-80.77468
OH,Brilliant,40.26828,-80.63195
OH,Brinkhaven,40.45835,-82.15529
OH,Bristolville,41.37975,-80.85684
OH,Broadview Heights,41.32907,-81.68088
OH,Broadway,40.34111,-83.41222
OH,Brook Park,41.39794,-81.81181
OH,Brookfield,41.24796,-80.57877
OH,Brookville,39.84139,-84.41646
OH,Brownsville,39.94694,-82.25667
OH,Brunswick,41.24705,-81.82797
OH,Bryan,41.47484,-84.56287
OH,Buchtel,39.46194,-82.18194
OH,Buckeye Lake,39.93361,-82.4725
OH,Buckland,40.62278,-84.26
OH,Bucyrus,40.81031,-82.96983
OH,Buffalo,39.91583,-81.52028
OH,Buford,39.07667,-83.84417
OH,Burbank,40.96372,-81.99575
OH,Burghill,41.33469,-80.54406
OH,Burgoon,41.26799,-83.24746
OH,Burkettsville,40.35194,-84.64222
OH,Burton,41.4527,-81.15262
OH,Butler,40.54375,-82.39898
OH,Byesville,39.96234,-81.54848
OH,Cable,40.17841,-83.64696
OH,Cadiz,40.26454,-80.99624
OH,Cairo,40.83194,-84.08611
OH,Caldwell,39.74665,-81.51528
OH,Caledonia,40.62724,-82.99246
OH,Cambridge,40.0305,-81.59128
OH,Camden,39.61339,-84.61001
OH,Cameron,39.76694,-80.945
OH,Camp Dennison,39.19621,-84.28966
OH,Campbell,41.07783,-80.58972
OH,Canal Fulton,40.88871,-81.57727
OH,Canal Winchester,39.83486,-82.80437
OH,Canfield,41.02933,-80.75644
OH,Canton,40.7962,-81.3768
OH,Canton,40.827,-81.3853
OH,Carbon Hill,39.50167,-82.24472
OH,Carbondale,39.37778,-82.27111
OH,Cardington,40.50658,-82.93373
OH,Carey,40.9486,-83.38358
OH,Carroll,39.79574,-82.70836
OH,Carrollton,40.57866,-81.08179
OH,Casstown,40.07158,-84.1088
OH,Castalia,41.38723,-82.79943
OH,Catawba,39.99917,-83.62167
OH,Cecil,41.21735,-84.62965
OH,Cedarville,39.74842,-83.80125
OH,Celina,40.54607,-84.57007
OH,Centerburg,40.28651,-82.68004
OH,Chagrin Falls,41.41858,-81.36144
OH,Chagrin Falls,41.43083,-81.39222
OH,Chandlersville,39.88966,-81.83008
OH,Chardon,41.57186,-81.20563
OH,Charm,40.50667,-81.785
OH,Chatfield,40.95664,-83.02143
OH,Chauncey,39.39778,-82.12944
OH,Cherry Fork,38.8875,-83.61444
OH,Chesapeake,38.45509,-82.45045
OH,Cheshire,38.95868,-82.12354
OH,Chester,39.0875,-81.92278
OH,Chesterhill,39.49528,-81.87729
OH,Chesterland,41.53438,-81.3421
OH,Chesterville,40.48,-82.68361
OH,Chickasaw,40.43694,-84.49333
OH,Chillicothe,39.338,-82.98949
OH,Chilo,38.79306,-84.14083
OH,Chippewa Lake,41.06719,-81.90917
OH,Christiansburg,40.05528,-84.02611
OH,Cincinnati,39.09129,-84.27738
OH,Cincinnati,39.1063,-84.5356
OH,Circleville,39.59884,-82.92997
OH,Clarington,39.78191,-80.91131
OH,Clarksburg,39.49043,-83.15628
OH,Clarksville,39.40423,-83.95941
OH,Clay Center,41.56333,-83.36194
OH,Clayton,39.85512,-84.33989
OH,Cleveland,41.4918,-81.6757
OH,Cleves,39.19371,-84.73397
OH,Clifton,39.79694,-83.82583
OH,Clinton,40.93906,-81.58708
OH,Cloverdale,41.03793,-84.29382
OH,Clyde,41.3024,-82.99185
OH,Coal Run,39.5675,-81.58139
OH,Coalton,39.11361,-82.61139
OH,Coldwater,40.48456,-84.65165
OH,Colerain,40.12583,-80.80889
OH,College Corner,39.57545,-84.80495
OH,Collins,41.24502,-82.4904
OH,Collinsville,39.51528,-84.60944
OH,Colton,41.46472,-83.9525
OH,Columbia Station,41.31871,-81.9344
OH,Columbiana,40.88528,-80.69747
OH,Columbus,40.10516,-83.01007
OH,Columbus,40.1444,-82.9789
OH,Columbus Grove,40.91372,-84.07047
OH,Commercial Point,39.76833,-83.05722
OH,Conesville,40.18044,-81.89507
OH,Conneaut,41.93448,-80.58026
OH,Conover,40.14569,-84.0283
OH,Continental,41.11477,-84.23578
OH,Convoy,40.927,-84.72377
OH,Coolville,39.21413,-81.83287
OH,Corning,39.6349,-82.09774
OH,Cortland,41.32512,-80.73274
OH,Coshocton,40.27541,-81.86603
OH,Covington,40.11756,-84.34965
OH,Creola,39.3497,-82.49384
OH,Crestline,40.79271,-82.73672
OH,Creston,40.97885,-81.92108
OH,Crooksville,39.76232,-82.08402
OH,Croton,40.2376,-82.69895
OH,Crown City,38.61355,-82.26572
OH,Cuba,39.36111,-83.86389
OH,Cumberland,39.87409,-81.62592
OH,Curtice,41.64774,-83.28583
OH,Custar,41.29532,-83.83492
OH,Cutler,39.40417,-81.76573
OH,Cuyahoga Falls,41.14008,-81.47896
OH,Cygnet,41.24702,-83.61415
OH,Cynthiana,39.17361,-83.34861
OH,Dalton,40.77933,-81.70078
OH,Damascus,40.90194,-80.95528
OH,Danville,40.45569,-82.26386
OH,Dayton,39.7578,-84.1777
OH,Dayton,39.7654,-84.0998
OH,De Graff,40.30577,-83.9153
OH,Decatur,38.81556,-83.70389
OH,Deerfield,41.03586,-81.05283
OH,Deersville,40.3075,-81.18667
OH,Defiance,41.27986,-84.36258
OH,Delaware,40.29319,-83.07231
OH,Dellroy,40.58614,-81.19856
OH,Delphos,40.83362,-84.32468
OH,Delta,41.5577,-83.9866
OH,Dennison,40.40888,-81.3203
OH,Derby,39.76861,-83.20583
OH,Derwent,39.92306,-81.54444
OH,Deshler,41.22395,-83.89643
OH,Dexter City,39.65259,-81.46715
OH,Diamond,41.09347,-81.0425
OH,Dillonvale,40.21213,-80.80284
OH,Dola,40.78764,-83.68937
OH,Donnelsville,39.91833,-83.94861
OH,Dorset,41.65897,-80.66833
OH,Dover,40.53434,-81.47632
OH,Doylestown,40.96504,-81.68484
OH,Dresden,40.11294,-82.01881
OH,Dublin,40.09917,-83.11417
OH,Dunbridge,41.45806,-83.61028
OH,Duncan Falls,39.87778,-81.91166
OH,Dundee,40.63944,-81.67652
OH,Dunkirk,40.78238,-83.63391
OH,Dupont,41.10028,-84.26639
OH,East Canton,40.78498,-81.27829
OH,East Claridon,41.5325,-81.11583
OH,East Fultonham,39.85,-82.12222
OH,East Liberty,40.30768,-83.58622
OH,East Liverpool,40.64592,-80.57867
OH,East Palestine,40.84055,-80.54651
OH,East Rochester,40.75629,-81.01749
OH,East Sparta,40.69707,-81.36873
OH,East Springfield,40.45056,-80.86056
OH,Eastlake,41.64982,-81.44789
OH,Eaton,39.74257,-84.65085
OH,Edgerton,41.4425,-84.73494
OH,Edison,40.59047,-82.9023
OH,Edon,41.58422,-84.757
OH,Eldorado,39.88821,-84.67859
OH,Elgin,40.7425,-84.47583
OH,Elkton,40.76194,-80.69889
OH,Ellsworth,41.02417,-80.8575
OH,Elmore,41.46814,-83.27673
OH,Elyria,41.37235,-82.10509
OH,Empire,40.5075,-80.62417
OH,Englewood,39.87398,-84.30952
OH,Enon,39.86628,-83.93846
OH,Etna,39.95722,-82.68194
OH,Euclid,41.56961,-81.52569
OH,Evansport,41.42611,-84.39639
OH,Fairborn,39.80531,-84.01979
OH,Fairfield,39.3266,-84.54788
OH,Fairlawn,41.1365,-81.5667
OH,Fairpoint,40.12028,-80.93306
OH,Fairview,39.90194,-81.55444
OH,Farmdale,41.3923,-80.66282
OH,Farmer,41.38306,-84.63056
OH,Farmersville,39.68668,-84.42051
OH,Fayette,41.67172,-84.325
OH,Fayetteville,39.18621,-83.95009
OH,Feesburg,38.87833,-83.99889
OH,Felicity,38.82625,-84.09858
OH,Findlay,41.04417,-83.65
OH,Flat Rock,41.23583,-82.86028
OH,Fleming,39.39281,-81.65644
OH,Fletcher,40.15262,-84.13304
OH,Flushing,40.14514,-81.07573
OH,Forest,40.79955,-83.50977
OH,Fort Jennings,40.94839,-84.23738
OH,Fort Loramie,40.33063,-84.37413
OH,Fort Recovery,40.40183,-84.76125
OH,Fostoria,41.16235,-83.41394
OH,Fowler,41.33485,-80.60589
OH,Frankfort,39.39102,-83.20336
OH,Franklin,39.54784,-84.30588
OH,Franklin Furnace,38.62822,-82.81448
OH,Frazeysburg,40.13162,-82.12928
OH,Fredericksburg,40.68595,-81.85181
OH,Fredericktown,40.49761,-82.58571
OH,Freeport,40.1925,-81.27696
OH,Fremont,41.34979,-83.11809
OH,Fresno,40.37113,-81.7623
OH,Friendship,38.69778,-83.09389
OH,Fulton,40.46501,-82.83624
OH,Fultonham,39.85556,-82.14167
OH,Galena,40.19155,-82.89594
OH,Galion,40.73032,-82.79394
OH,Gallipolis,38.81478,-82.22902
OH,Galloway,39.9366,-83.18385
OH,Gambier,40.37824,-82.38275
OH,Garrettsville,41.2988,-81.07036
OH,Gates Mills,41.53237,-81.41502
OH,Geneva,41.80286,-80.94736
OH,Genoa,41.53001,-83.35898
OH,Georgetown,38.87171,-83.90915
OH,Germantown,39.6244,-84.37638
OH,Gettysburg,40.11139,-84.49528
OH,Gibsonburg,41.38047,-83.33576
OH,Girard,41.16114,-80.6933
OH,Glandorf,41.02889,-84.07917
OH,Glencoe,40.00806,-80.88778
OH,Glenford,39.86993,-82.30259
OH,Glenmont,40.52168,-82.15054
OH,Glouster,39.49784,-82.08713
OH,Gnadenhutten,40.37212,-81.40586
OH,Gomer,40.845,-84.18722
OH,Goshen,39.22093,-84.11876
OH,Grafton,41.28537,-82.0431
OH,Grand Rapids,41.43785,-83.85525
OH,Grand River,41.73611,-81.28139
OH,Granville,40.07879,-82.5194
OH,Gratiot,39.95111,-82.21611
OH,Gratis,39.64778,-84.52722
OH,Graysville,39.65938,-81.18915
OH,Graytown,41.52714,-83.26113
OH,Green,40.94583,-81.48333
OH,Green Camp,40.53194,-83.21056
OH,Green Springs,41.22811,-83.08855
OH,Greenfield,39.34776,-83.3898
OH,Greenford,40.94389,-80.79167
OH,Greentown,40.9275,-81.40278
OH,Greenville,40.09873,-84.63419
OH,Greenwich,41.04068,-82.51334
OH,Grelton,41.34167,-83.99972
OH,Grove City,39.88138,-83.08394
OH,Groveport,39.85814,-82.88722
OH,Grover Hill,41.0245,-84.4956
OH,Guysville,39.29437,-81.92684
OH,Gypsum,41.49333,-82.87583
OH,Hallsville,39.44389,-82.82722
OH,Hamden,39.1685,-82.50998
OH,Hamersville,38.91996,-83.99306
OH,Hamilton,39.40591,-84.52212
OH,Hamler,41.21287,-84.07199
OH,Hammondsville,40.57991,-80.72992
OH,Hannibal,39.66722,-80.87222
OH,Hanoverton,40.77312,-80.91445
OH,Harbor View,41.69333,-83.44444
OH,Harlem Springs,40.52083,-81.00333
OH,Harpster,40.74754,-83.23428
OH,Harrisburg,39.80944,-83.17111
OH,Harrison,39.25921,-84.78368
OH,Harrisville,40.18139,-80.88778
OH,Harrod,40.71766,-83.94365
OH,Hartford,41.31139,-80.56861
OH,Hartville,40.9618,-81.32387
OH,Harveysburg,39.50361,-84.01056
OH,Haskins,41.46516,-83.70586
OH,Haverhill,38.58472,-82.83222
OH,Haviland,41.03291,-84.6139
OH,Haydenville,39.48194,-82.32833
OH,Hayesville,40.77306,-82.2625
OH,Heath,40.01966,-82.38753
OH,Hebron,39.95346,-82.49187
OH,Helena,41.318,-83.32318
OH,Hicksville,41.30338,-84.75885
OH,Hideaway Hls,39.69881,-82.42548
OH,Higginsport,38.78972,-83.9675
OH,Highland,39.34444,-83.5975
OH,Hilliard,40.03219,-83.13833
OH,Hillsboro,39.16788,-83.60641
OH,Hinckley,41.24187,-81.74527
OH,Hiram,41.33225,-81.14644
OH,Hockingport,39.18806,-81.75194
OH,Holgate,41.25486,-84.14473
OH,Holland,41.62263,-83.72571
OH,Hollansburg,39.98986,-84.79008
OH,Holloway,40.16222,-81.13278
OH,Holmesville,40.63304,-81.92748
OH,Homer,40.25278,-82.51778
OH,Homerville,41.02669,-82.12496
OH,Homeworth,40.85919,-81.06547
OH,Hooven,39.17806,-84.75917
OH,Hopedale,40.34965,-80.90214
OH,Hopewell,39.96008,-82.17562
OH,Houston,40.25348,-84.35211
OH,Howard,40.41582,-82.33335
OH,Hoytville,41.19,-83.78472
OH,Hubbard,41.1624,-80.57619
OH,Hudson,41.24584,-81.43666
OH,Huntsburg,41.53056,-81.05718
OH,Huntsville,40.44129,-83.79275
OH,Huron,41.39066,-82.55549
OH,Iberia,40.67028,-82.84361
OH,Independence,41.3809,-81.66421
OH,Irondale,40.51105,-80.79155
OH,Ironton,38.52943,-82.66535
OH,Irwin,40.12835,-83.4587
OH,Isle Saint George,41.71367,-82.81928
OH,Jackson,39.04282,-82.64721
OH,Jackson Center,40.4358,-84.04568
OH,Jacksontown,39.95944,-82.41306
OH,Jacksonville,39.475,-82.07917
OH,Jacobsburg,39.9563,-80.88218
OH,Jamestown,39.64285,-83.75042
OH,Jasper,39.05,-83.05667
OH,Jefferson,41.73351,-80.75617
OH,Jeffersonville,39.65896,-83.56873
OH,Jenera,40.90039,-83.72563
OH,Jeromesville,40.81337,-82.18613
OH,Jerry City,41.25389,-83.60444
OH,Jerusalem,39.84883,-81.09209
OH,Jewell,41.32583,-84.28556
OH,Jewett,40.37446,-81.00038
OH,Johnstown,40.14452,-82.69728
OH,Junction City,39.69653,-82.31552
OH,Kalida,40.98278,-84.19944
OH,Kansas,41.21254,-83.32983
OH,Keene,40.345,-81.86833
OH,Kelleys Island,41.60075,-82.70681
OH,Kensington,40.71418,-80.93808
OH,Kent,41.14492,-81.34976
OH,Kenton,40.64043,-83.61109
OH,Kerr,38.87278,-82.26083
OH,Kettlersville,40.43889,-84.26139
OH,Kidron,40.74083,-81.745
OH,Kilbourne,40.33,-82.9575
OH,Killbuck,40.4933,-81.98372
OH,Kimbolton,40.16654,-81.53036
OH,Kings Mills,39.35556,-84.24861
OH,Kingston,39.44143,-82.84881
OH,Kingsville,41.87231,-80.66009
OH,Kinsman,41.43544,-80.57651
OH,Kipling,39.99611,-81.50083
OH,Kipton,41.26806,-82.30222
OH,Kirby,40.81306,-83.41861
OH,Kirkersville,39.95944,-82.59583
OH,Kitts Hill,38.56495,-82.5489
OH,Kunkle,41.63667,-84.49528
OH,La Rue,40.57888,-83.3734
OH,Lacarne,41.52785,-83.024
OH,Lafayette,40.75917,-83.94833
OH,Lafferty,40.11167,-81.01833
OH,Lagrange,41.24228,-82.12792
OH,Laings,39.71694,-81.0125
OH,Lake Milton,41.10135,-80.97235
OH,Lakemore,41.02083,-81.43611
OH,Lakeside Marblehead,41.52913,-82.77139
OH,Lakeview,40.50303,-83.90814
OH,Lakeville,40.65196,-82.14548
OH,Lakewood,41.48265,-81.79714
OH,Lancaster,39.7187,-82.60307
OH,Langsville,39.05633,-82.23119
OH,Lansing,40.07556,-80.79028
OH,Latham,39.08044,-83.32829
OH,Latty,41.08861,-84.58528
OH,Laura,39.97849,-84.3994
OH,Laurelville,39.4757,-82.72122
OH,Leavittsburg,41.2445,-80.88692
OH,Lebanon,39.44205,-84.21875
OH,Lees Creek,39.42,-83.64944
OH,Leesburg,39.34577,-83.54815
OH,Leesville,40.45167,-81.21222
OH,Leetonia,40.86308,-80.75845
OH,Leipsic,41.1092,-83.99572
OH,Lemoyne,41.49583,-83.47417
OH,Lewis Center,40.19833,-83.01028
OH,Lewisburg,39.8534,-84.53685
OH,Lewistown,40.42768,-83.92089
OH,Lewisville,39.76838,-81.23158
OH,Liberty Center,41.45137,-83.98589
OH,Lima,40.67593,-84.14405
OH,Lima,40.76407,-84.0973
OH,Limaville,40.98194,-81.14861
OH,Lindsey,41.41475,-83.21347
OH,Lisbon,40.75915,-80.75867
OH,Litchfield,41.16685,-82.01567
OH,Lithopolis,39.80278,-82.80639
OH,Little Hocking,39.28005,-81.70711
OH,Lockbourne,39.81424,-82.97637
OH,Lodi,41.03271,-82.01466
OH,Logan,39.53717,-82.41259
OH,London,39.90007,-83.4439
OH,Londonderry,39.27228,-82.78329
OH,Long Bottom,39.08015,-81.88875
OH,Lorain,41.4578,-82.17104
OH,Lore City,40.04585,-81.44785
OH,Loudonville,40.63606,-82.23559
OH,Louisville,40.84773,-81.25946
OH,Loveland,39.24448,-84.2588
OH,Lowell,39.53847,-81.51968
OH,Lowellville,41.05026,-80.54155
OH,Lower Salem,39.5939,-81.35452
OH,Lucas,40.70389,-82.40867
OH,Lucasville,38.89383,-82.99401
OH,Luckey,41.45167,-83.4674
OH,Ludlow Falls,39.98709,-84.33339
OH,Lynchburg,39.21193,-83.80212
OH,Lynx,38.77306,-83.41306
OH,Lyons,41.69055,-84.06235
OH,Macedonia,41.32224,-81.49958
OH,Macksburg,39.62036,-81.44709
OH,Madison,41.80537,-81.05882
OH,Magnetic Springs,40.35802,-83.26714
OH,Magnolia,40.65141,-81.30761
OH,Maineville,39.31388,-84.25257
OH,Malaga,39.85472,-81.14944
OH,Malinta,41.30842,-84.04573
OH,Malta,39.64821,-81.91275
OH,Malvern,40.68453,-81.18378
OH,Manchester,38.69817,-83.61806
OH,Mansfield,40.7633,-82.5138
OH,Mantua,41.29414,-81.22826
OH,Maple Heights,41.41051,-81.56034
OH,Maplewood,40.34374,-84.07666
OH,Marathon,39.14472,-84.00639
OH,Marengo,40.38951,-82.81214
OH,Maria Stein,40.40622,-84.50758
OH,Marietta,39.42814,-81.46444
OH,Marion,40.5886,-83.1286
OH,Mark Center,41.29167,-84.62778
OH,Marshallville,40.90668,-81.72253
OH,Martel,40.67077,-82.90586
OH,Martin,41.59625,-83.34554
OH,Martins Ferry,40.1036,-80.73613
OH,Martinsburg,40.26795,-82.35669
OH,Martinsville,39.31271,-83.80054
OH,Marysville,40.24772,-83.36221
OH,Mason,39.33574,-84.31494
OH,Massillon,40.81161,-81.49726
OH,Masury,41.22552,-80.53257
OH,Maumee,41.58168,-83.66283
OH,Maximo,40.87639,-81.17222
OH,Maynard,40.12333,-80.87944
OH,Mc Arthur,39.25533,-82.4907
OH,Mc Clure,41.37731,-83.94248
OH,Mc Comb,41.1125,-83.80142
OH,Mc Cutchenville,40.97523,-83.26367
OH,Mc Dermott,38.8362,-83.06889
OH,Mc Donald,41.15803,-80.73117
OH,Mc Guffey,40.69361,-83.78778
OH,Mcconnelsville,39.67001,-81.83763
OH,Mechanicsburg,40.06466,-83.57235
OH,Mechanicstown,40.62628,-80.95602
OH,Medina,41.14041,-81.85835
OH,Medway,39.87977,-84.02681
OH,Melmore,41.03895,-83.14324
OH,Melrose,41.09222,-84.41972
OH,Mendon,40.67774,-84.51515
OH,Mentor,41.68947,-81.34213
OH,Mesopotamia,41.45833,-80.95528
OH,Metamora,41.69523,-83.92597
OH,Miamisburg,39.63209,-84.26748
OH,Miamitown,39.21583,-84.70417
OH,Miamiville,39.2125,-84.29944
OH,Middle Bass,41.67889,-82.81222
OH,Middle Point,40.87315,-84.4175
OH,Middlebranch,40.89,-81.32889
OH,Middleburg,40.2925,-83.5825
OH,Middlefield,41.44555,-81.03734
OH,Middleport,38.99931,-82.06001
OH,Middletown,39.53212,-84.3896
OH,Midland,39.29169,-83.89313
OH,Midvale,40.43778,-81.37333
OH,Milan,41.31106,-82.61257
OH,Milford,39.17999,-84.24381
OH,Milford Center,40.18167,-83.43733
OH,Millbury,41.56106,-83.43808
OH,Milledgeville,39.59278,-83.5875
OH,Miller City,41.10278,-84.13139
OH,Millersburg,40.55668,-81.83238
OH,Millersport,39.89931,-82.52835
OH,Millfield,39.40771,-82.11133
OH,Milton Center,41.3025,-83.82889
OH,Mineral City,40.62569,-81.35456
OH,Mineral Ridge,41.13184,-80.75529
OH,Minerva,40.74205,-81.10308
OH,Minford,38.87509,-82.85554
OH,Mingo,40.20806,-83.63833
OH,Mingo Junction,40.32026,-80.62502
OH,Minster,40.39098,-84.37289
OH,Mogadore,41.0382,-81.35896
OH,Monclova,41.56842,-83.77572
OH,Monroe,39.44129,-84.3652
OH,Monroeville,41.21807,-82.70233
OH,Montezuma,40.48889,-84.54861
OH,Montpelier,41.59821,-84.6147
OH,Montville,41.60345,-81.05704
OH,Morral,40.69537,-83.20461
OH,Morristown,40.06306,-81.07444
OH,Morrow,39.34762,-84.11808
OH,Moscow,38.85825,-84.19582
OH,Mount Blanchard,40.89293,-83.55529
OH,Mount Cory,40.94372,-83.80929
OH,Mount Eaton,40.69444,-81.70333
OH,Mount Gilead,40.53837,-82.80624
OH,Mount Hope,40.62389,-81.78472
OH,Mount Liberty,40.34667,-82.63028
OH,Mount Orab,39.04537,-83.94803
OH,Mount Perry,39.8788,-82.18804
OH,Mount Pleasant,40.17528,-80.79806
OH,Mount Saint Joseph,39.09833,-84.64833
OH,Mount Sterling,39.71751,-83.28062
OH,Mount Vernon,40.38494,-82.48729
OH,Mount Victory,40.52321,-83.49416
OH,Mowrystown,39.03833,-83.74861
OH,Moxahala,39.6625,-82.13639
OH,Munroe Falls,41.14202,-81.43757
OH,Murray City,39.51139,-82.16361
OH,Nankin,40.92139,-82.28194
OH,Napoleon,41.39097,-84.14327
OH,Nashport,40.03859,-82.09976
OH,Nashville,40.59611,-82.11222
OH,Navarre,40.7204,-81.53382
OH,Neapolis,41.49278,-83.87333
OH,Neffs,40.02722,-80.81528
OH,Negley,40.7746,-80.5645
OH,Nelsonville,39.45564,-82.23088
OH,Nevada,40.82595,-83.12657
OH,Neville,38.81,-84.21222
OH,New Albany,40.08469,-82.79879
OH,New Athens,40.18472,-80.99583
OH,New Bavaria,41.20865,-84.19134
OH,New Bloomington,40.6073,-83.32235
OH,New Bremen,40.43892,-84.3821
OH,New Carlisle,39.93003,-84.0217
OH,New Concord,40.0088,-81.73873
OH,New Hampshire,40.55611,-83.95278
OH,New Haven,41.03167,-82.68167
OH,New Holland,39.5589,-83.25043
OH,New Knoxville,40.50386,-84.3118
OH,New Lebanon,39.7398,-84.39559
OH,New Lexington,39.71744,-82.20188
OH,New London,41.09058,-82.39659
OH,New Madison,39.96871,-84.72221
OH,New Marshfield,39.3383,-82.22251
OH,New Matamoras,39.52882,-81.094
OH,New Middletown,40.96461,-80.55342
OH,New Paris,39.86172,-84.77934
OH,New Philadelphia,40.48454,-81.43583
OH,New Plymouth,39.38842,-82.38917
OH,New Richmond,38.95366,-84.2379
OH,New Riegel,41.03606,-83.24181
OH,New Rumley,40.40167,-81.03111
OH,New Springfield,40.92652,-80.58558
OH,New Straitsville,39.58687,-82.2488
OH,New Vienna,39.33206,-83.68817
OH,New Washington,40.95708,-82.85036
OH,New Waterford,40.84894,-80.62086
OH,New Weston,40.33492,-84.63079
OH,Newark,40.07243,-82.40457
OH,Newbury,41.47502,-81.23452
OH,Newcomerstown,40.2739,-81.59397
OH,Newport,39.39711,-81.24017
OH,Newton Falls,41.19105,-80.97013
OH,Newtonsville,39.18194,-84.08639
OH,Ney,41.37808,-84.52692
OH,Niles,41.18241,-80.75577
OH,North Baltimore,41.1867,-83.68058
OH,North Bend,39.1536,-84.72726
OH,North Benton,40.98758,-81.01617
OH,North Bloomfield,41.45689,-80.80684
OH,North Canton,40.88992,-81.41346
OH,North Fairfield,41.10299,-82.5998
OH,North Georgetown,40.84306,-80.98611
OH,North Hampton,39.99,-83.94
OH,North Jackson,41.08804,-80.86225
OH,North Kingsville,41.90583,-80.69056
OH,North Lawrence,40.83865,-81.62995
OH,North Lewisburg,40.22287,-83.56148
OH,North Lima,40.96487,-80.65491
OH,North Olmsted,41.42013,-81.91306
OH,North Ridgeville,41.39643,-82.00332
OH,North Robinson,40.7925,-82.85722
OH,North Royalton,41.32316,-81.74566
OH,North Star,40.32472,-84.57056
OH,Northfield,41.32082,-81.54294
OH,Northwood,41.60799,-83.48056
OH,Norwalk,41.24031,-82.60785
OH,Norwich,39.99344,-81.80242
OH,Nova,41.02822,-82.33844
OH,Novelty,41.47629,-81.33423
OH,Oak Harbor,41.52356,-83.12776
OH,Oak Hill,38.89156,-82.58834
OH,Oakwood,41.09079,-84.39692
OH,Oberlin,41.28987,-82.22286
OH,Oceola,40.84472,-83.09389
OH,Ohio City,40.78543,-84.67306
OH,Okeana,39.35373,-84.77615
OH,Okolona,41.39222,-84.12528
OH,Old Fort,41.24,-83.15
OH,Old Washington,40.03861,-81.44472
OH,Olmsted Falls,41.37335,-81.91577
OH,Ontario,40.75944,-82.59028
OH,Orangeville,41.33917,-80.51917
OH,Oregon,41.64184,-83.47137
OH,Oregonia,39.41448,-84.05114
OH,Orient,39.79539,-83.15432
OH,Orrville,40.84584,-81.77411
OH,Orwell,41.53346,-80.83967
OH,Osgood,40.33972,-84.49528
OH,Ostrander,40.27397,-83.19781
OH,Ottawa,41.02975,-84.04729
OH,Ottoville,40.93722,-84.34739
OH,Otway,38.85203,-83.22217
OH,Overpeck,39.45083,-84.51444
OH,Owensville,39.1225,-84.13583
OH,Oxford,39.50384,-84.73852
OH,Painesville,41.71401,-81.24366
OH,Palestine,40.04944,-84.74333
OH,Pandora,40.95087,-83.95207
OH,Paris,40.80141,-81.15399
OH,Parkman,41.37056,-81.06528
OH,Pataskala,40.00093,-82.66866
OH,Patriot,38.77702,-82.42749
OH,Paulding,41.14102,-84.57223
OH,Payne,41.08069,-84.73413
OH,Pedro,38.65032,-82.64772
OH,Peebles,38.98689,-83.3687
OH,Pemberton,40.29472,-84.0325
OH,Pemberville,41.40226,-83.47364
OH,Peninsula,41.22558,-81.54001
OH,Perry,41.76792,-81.14331
OH,Perrysburg,41.54293,-83.59273
OH,Perrysville,40.66063,-82.32131
OH,Petersburg,40.90486,-80.54003
OH,Pettisville,41.53056,-84.22972
OH,Phillipsburg,39.90444,-84.40167
OH,Philo,39.84577,-81.91748
OH,Pickerington,39.90606,-82.75627
OH,Piedmont,40.15072,-81.21449
OH,Pierpont,41.76766,-80.57411
OH,Piketon,39.0402,-83.07674
OH,Piney Fork,40.20778,-80.76056
OH,Pioneer,41.66562,-84.53632
OH,Piqua,40.14862,-84.25305
OH,Pitsburg,39.9875,-84.4875
OH,Plain City,40.09736,-83.26905
OH,Plainfield,40.20944,-81.71972
OH,Pleasant City,39.90951,-81.55797
OH,Pleasant Hill,40.05314,-84.34363
OH,Pleasant Plain,39.28838,-84.09674
OH,Pleasantville,39.82268,-82.50427
OH,Plymouth,41.00031,-82.66349
OH,Polk,40.93429,-82.21259
OH,Pomeroy,39.06073,-82.03315
OH,Port Clinton,41.52154,-82.90937
OH,Port Jefferson,40.32861,-84.09444
OH,Port Washington,40.34036,-81.52152
OH,Port William,39.55194,-83.78639
OH,Portage,41.3127,-83.6143
OH,Portland,38.99992,-81.81355
OH,Portsmouth,38.75725,-82.94864
OH,Potsdam,39.96333,-84.4175
OH,Powell,40.15265,-83.07492
OH,Powhatan Point,39.86794,-80.8168
OH,Proctorville,38.46346,-82.35229
OH,Prospect,40.47266,-83.17629
OH,Put In Bay,41.65136,-82.82259
OH,Quaker City,39.98658,-81.28988
OH,Quincy,40.28761,-83.97441
OH,Racine,38.97855,-81.92576
OH,Radnor,40.39178,-83.17807
OH,Randolph,41.03278,-81.24861
OH,Rarden,38.94339,-83.23734
OH,Ravenna,41.16489,-81.23366
OH,Rawson,41.00014,-83.80695
OH,Ray,39.20768,-82.6908
OH,Rayland,40.20827,-80.71253
OH,Raymond,40.24732,-83.36493
OH,Reedsville,39.149,-81.79243
OH,Reesville,39.48222,-83.67694
OH,Reno,39.37841,-81.38043
OH,Republic,41.12588,-83.01941
OH,Reynoldsburg,39.95515,-82.80345
OH,Richfield,41.23712,-81.64667
OH,Richmond,40.42606,-80.76128
OH,Richmond Dale,39.20392,-82.81491
OH,Richwood,40.43698,-83.31364
OH,Ridgeville Corners,41.43778,-84.2575
OH,Ridgeway,40.52092,-83.57016
OH,Rio Grande,38.87944,-82.38056
OH,Ripley,38.75509,-83.82268
OH,Risingsun,41.27064,-83.43259
OH,Rittman,40.96838,-81.7826
OH,Robertsville,40.76306,-81.18972
OH,Rock Camp,38.52215,-82.56383
OH,Rock Creek,41.6651,-80.88513
OH,Rockbridge,39.55091,-82.56257
OH,Rockford,40.67708,-84.66417
OH,Rocky Ridge,41.53333,-83.2125
OH,Rocky River,41.4694,-81.85125
OH,Rogers,40.77894,-80.62024
OH,Rome,41.60263,-80.83208
OH,Rootstown,41.09953,-81.20264
OH,Roseville,39.81866,-82.07921
OH,Rosewood,40.21889,-83.96083
OH,Ross,39.31222,-84.65056
OH,Rossburg,40.29465,-84.62642
OH,Rossford,41.60491,-83.56379
OH,Roundhead,40.58034,-83.8485
OH,Rudolph,41.29673,-83.68321
OH,Rushsylvania,40.46581,-83.65979
OH,Rushville,39.76738,-82.42798
OH,Russells Point,40.47496,-83.87982
OH,Russellville,38.85113,-83.76246
OH,Russia,40.23407,-84.41226
OH,Rutland,39.04565,-82.12191
OH,Sabina,39.49002,-83.65025
OH,Saint Clairsville,40.08344,-80.90229
OH,Saint Henry,40.40914,-84.63334
OH,Saint Johns,40.55583,-84.08361
OH,Saint Louisville,40.18178,-82.35601
OH,Saint Marys,40.54399,-84.3944
OH,Saint Paris,40.10576,-83.96306
OH,Salem,40.90002,-80.86188
OH,Salesville,40.00815,-81.37279
OH,Salineville,40.61953,-80.83498
OH,Sandusky,41.43488,-82.70633
OH,Sandyville,40.64028,-81.3725
OH,Sarahsville,39.79385,-81.46783
OH,Sardinia,38.98323,-83.79665
OH,Sardis,39.65264,-80.92431
OH,Savannah,40.94538,-82.34427
OH,Scio,40.40116,-81.10158
OH,Scioto Furnace,38.79861,-82.765
OH,Scott,40.98924,-84.58446
OH,Scottown,38.59403,-82.39669
OH,Seaman,38.96207,-83.59363
OH,Sebring,40.92269,-81.02319
OH,Sedalia,39.7325,-83.47528
OH,Senecaville,39.93372,-81.45804
OH,Seven Mile,39.48,-84.55194
OH,Seville,41.02273,-81.8562
OH,Shade,39.21286,-82.02175
OH,Shadyside,39.9675,-80.76431
OH,Shandon,39.32639,-84.71472
OH,Sharon Center,41.09972,-81.73583
OH,Sharpsburg,39.43583,-81.91167
OH,Shauck,40.62083,-82.66194
OH,Shawnee,39.61098,-82.20846
OH,Sheffield Lake,41.48228,-82.0965
OH,Shelby,40.87843,-82.65495
OH,Sherrodsville,40.51842,-81.23395
OH,Sherwood,41.29459,-84.54167
OH,Shiloh,40.93402,-82.52215
OH,Shreve,40.69258,-82.03245
OH,Sidney,40.28736,-84.16222
OH,Sinking Spring,39.07278,-83.38694
OH,Smithfield,40.27083,-80.78167
OH,Smithville,40.85923,-81.86333
OH,Solon,41.3866,-81.44208
OH,Somerdale,40.56639,-81.36083
OH,Somerset,39.79362,-82.29911
OH,Somerville,39.55537,-84.62191
OH,South Bloomingville,39.37414,-82.6394
OH,South Charleston,39.84694,-83.66079
OH,South Lebanon,39.37145,-84.21078
OH,South Point,38.43386,-82.55288
OH,South Salem,39.30214,-83.27195
OH,South Solon,39.74229,-83.59698
OH,South Vienna,39.94732,-83.6157
OH,South Webster,38.81997,-82.72015
OH,Southington,41.29831,-80.94847
OH,Sparta,40.37349,-82.69703
OH,Spencer,41.09829,-82.09991
OH,Spencerville,40.70377,-84.34125
OH,Spring Valley,39.60276,-84.10158
OH,Springboro,39.56298,-84.22877
OH,Springfield,39.92417,-83.80889
OH,Stafford,39.71333,-81.27639
OH,Sterling,40.95326,-81.85191
OH,Steubenville,40.37064,-80.66115
OH,Stewart,39.32133,-81.89288
OH,Stillwater,40.32333,-81.30861
OH,Stockdale,38.95639,-82.85833
OH,Stockport,39.56143,-81.82525
OH,Stone Creek,40.40519,-81.58902
OH,Stony Ridge,41.51028,-83.50722
OH,Stout,38.65459,-83.20898
OH,Stoutsville,39.60672,-82.81928
OH,Stow,41.17481,-81.43802
OH,Strasburg,40.60028,-81.53665
OH,Stratton,40.52167,-80.62639
OH,Streetsboro,41.2491,-81.3383
OH,Strongsville,41.31322,-81.82846
OH,Struthers,41.05085,-80.59849
OH,Stryker,41.48612,-84.40891
OH,Sugar Grove,39.6277,-82.53211
OH,Sugarcreek,40.51479,-81.66036
OH,Sullivan,41.03682,-82.21722
OH,Sulphur Springs,40.87083,-82.87722
OH,Summerfield,39.8036,-81.33199
OH,Summit Station,39.99694,-82.75222
OH,Summitville,40.67806,-80.88639
OH,Sunbury,40.2655,-82.85105
OH,Swanton,41.5945,-83.87182
OH,Sycamore,40.9413,-83.14918
OH,Sycamore Valley,39.66639,-81.24361
OH,Sylvania,41.70799,-83.70682
OH,Syracuse,38.9975,-81.97417
OH,Tallmadge,41.09749,-81.42597
OH,Tarlton,39.55583,-82.77611
OH,Terrace Park,39.16016,-84.30976
OH,The Plains,39.36618,-82.13415
OH,Thompson,41.67619,-81.05732
OH,Thornville,39.89736,-82.40706
OH,Thurman,38.89879,-82.405
OH,Thurston,39.84028,-82.54611
OH,Tiffin,41.12382,-83.18436
OH,Tiltonsville,40.16808,-80.69965
OH,Tipp City,39.94358,-84.1715
OH,Tippecanoe,40.27975,-81.29194
OH,Tiro,40.88099,-82.79703
OH,Toledo,41.642,-83.5438
OH,Tontogany,41.41917,-83.74083
OH,Toronto,40.4733,-80.6325
OH,Tremont City,40.01111,-83.83611
OH,Trenton,39.47994,-84.45977
OH,Trimble,39.48472,-82.07917
OH,Trinway,40.14111,-82.01
OH,Troy,40.03739,-84.20315
OH,Tuppers Plains,39.16861,-81.84667
OH,Tuscarawas,40.39472,-81.40722
OH,Twinsburg,41.32885,-81.45591
OH,Uhrichsville,40.3905,-81.33737
OH,Union City,40.20177,-84.78321
OH,Union Furnace,39.46167,-82.35639
OH,Uniontown,40.96369,-81.42111
OH,Unionville,41.78083,-80.98917
OH,Unionville Center,40.13833,-83.34
OH,Uniopolis,40.60222,-84.08667
OH,Upper Sandusky,40.82488,-83.29771
OH,Urbana,40.10664,-83.76714
OH,Utica,40.24414,-82.41346
OH,Valley City,41.23681,-81.92447
OH,Van Buren,41.13269,-83.6473
OH,Van Wert,40.86893,-84.59036
OH,Vandalia,39.88827,-84.20227
OH,Vanlue,40.95831,-83.49706
OH,Vaughnsville,40.88167,-84.15056
OH,Venedocia,40.76845,-84.46204
OH,Vermilion,41.40999,-82.35542
OH,Verona,39.90333,-84.48556
OH,Versailles,40.22728,-84.4957
OH,Vickery,41.39099,-82.89895
OH,Vienna,41.21748,-80.655
OH,Vincent,39.33745,-81.67427
OH,Vinton,38.97834,-82.35701
OH,Wadsworth,41.03838,-81.73737
OH,Wakefield,38.97028,-83.02
OH,Wakeman,41.26375,-82.37817
OH,Walbridge,41.58607,-83.49301
OH,Waldo,40.46054,-83.07061
OH,Walhonding,40.36204,-82.20936
OH,Walnut Creek,40.54139,-81.72194
OH,Wapakoneta,40.56898,-84.17738
OH,Warnock,40.0225,-80.9375
OH,Warren,41.17243,-80.87181
OH,Warsaw,40.31724,-82.05599
OH,Washington Court House,39.53435,-83.43882
OH,Washingtonville,40.89733,-80.76314
OH,Waterford,39.5159,-81.65592
OH,Waterloo,38.71815,-82.5174
OH,Watertown,39.46583,-81.63333
OH,Waterville,41.50225,-83.73314
OH,Wauseon,41.5668,-84.15375
OH,Waverly,39.12644,-83.00487
OH,Wayland,41.16056,-81.07139
OH,Wayne,41.29931,-83.47007
OH,Waynesburg,40.68288,-81.26589
OH,Waynesfield,40.60719,-83.95848
OH,Waynesville,39.52849,-84.08152
OH,Wellington,41.17118,-82.22692
OH,Wellston,39.1189,-82.54847
OH,Wellsville,40.6171,-80.66209
OH,West Alexandria,39.7259,-84.53521
OH,West Chester,39.34024,-84.39979
OH,West Elkton,39.58778,-84.55444
OH,West Farmington,41.35085,-80.96725
OH,West Jefferson,39.94241,-83.28531
OH,West Lafayette,40.27183,-81.7361
OH,West Liberty,40.26254,-83.75276
OH,West Manchester,39.90256,-84.61938
OH,West Mansfield,40.40428,-83.52427
OH,West Millgrove,41.24389,-83.49139
OH,West Milton,39.95308,-84.32424
OH,West Point,40.70833,-80.7025
OH,West Portsmouth,38.74922,-83.04766
OH,West Rushville,39.76389,-82.4475
OH,West Salem,40.94851,-82.10664
OH,West Union,38.8017,-83.53335
OH,West Unity,41.57565,-84.44207
OH,Westerville,40.11457,-82.9105
OH,Westerville,40.1545,-82.9097
OH,Westfield Center,41.02639,-81.93333
OH,Westlake,41.45346,-81.92177
OH,Weston,41.35159,-83.79734
OH,Westville,40.10944,-83.83806
OH,Wharton,40.86122,-83.46302
OH,Wheelersburg,38.74179,-82.82043
OH,Whipple,39.48098,-81.36364
OH,White Cottage,39.87167,-82.09778
OH,Whitehouse,41.51943,-83.81151
OH,Wickliffe,41.60457,-81.46918
OH,Wilberforce,39.71611,-83.87778
OH,Wilkesville,39.14083,-82.37694
OH,Willard,41.05306,-82.72639
OH,Williamsburg,39.07534,-84.04317
OH,Williamsfield,41.5383,-80.59638
OH,Williamsport,39.61174,-83.12505
OH,Williamstown,40.83389,-83.65083
OH,Williston,41.60361,-83.34
OH,Willoughby,41.63023,-81.40762
OH,Willow Wood,38.59398,-82.453
OH,Willshire,40.73462,-84.77773
OH,Wilmington,39.44879,-83.84165
OH,Wilmot,40.65672,-81.63525
OH,Winchester,38.93528,-83.66614
OH,Windham,41.23924,-81.05345
OH,Windsor,41.56233,-80.96675
OH,Winesburg,40.61639,-81.69528
OH,Wingett Run,39.54281,-81.284
OH,Winona,40.82806,-80.89639
OH,Wolf Run,40.46722,-80.88944
OH,Woodsfield,39.75306,-81.10336
OH,Woodstock,40.18164,-83.54615
OH,Woodville,41.45121,-83.36464
OH,Wooster,40.80935,-81.94827
OH,Wren,40.80083,-84.77528
OH,Xenia,39.6842,-83.93688
OH,Yellow Springs,39.79957,-83.88907
OH,Yorkshire,40.32833,-84.48359
OH,Yorkville,40.15805,-80.70774
OH,Youngstown,41.0986,-80.6474
OH,Zaleski,39.28222,-82.395
OH,Zanesfield,40.3024,-83.66483
OH,Zanesville,39.94427,-82.0089
OH,Zoar,40.61417,-81.4225
OK,Achille,33.83333,-96.38694
OK,Ada,34.78004,-96.69236
OK,Adair,36.41145,-95.2732
OK,Adams,36.75639,-101.07667
OK,Addington,34.24444,-97.96667
OK,Afton,36.63007,-94.90749
OK,Agra,35.88255,-96.87794
OK,Albany,33.88139,-96.1625
OK,Albert,35.23278,-98.41111
OK,Albion,34.66278,-95.09972
OK,Alderson,34.9,-95.69167
OK,Alex,34.9612,-97.75709
OK,Aline,36.50562,-98.45739
OK,Allen,34.85018,-96.55846
OK,Altus,34.64841,-99.32048
OK,Altus Afb,34.65917,-99.28056
OK,Alva,36.80156,-98.67216
OK,Amber,35.13769,-97.76457
OK,Ames,36.24229,-98.18199
OK,Amorita,36.94122,-98.24582
OK,Anadarko,35.07281,-98.24291
OK,Antlers,34.23492,-95.62541
OK,Apache,34.90338,-98.36948
OK,Arapaho,35.57886,-98.95951
OK,Arcadia,35.6543,-97.32429
OK,Ardmore,34.17668,-97.13416
OK,Arkoma,35.34335,-94.44031
OK,Arnett,36.12052,-99.73266
OK,Asher,34.98486,-96.87633
OK,Atoka,34.34451,-96.14183
OK,Atwood,34.91919,-96.3577
OK,Avant,36.48944,-96.06194
OK,Balko,36.59961,-100.71033
OK,Barnsdall,36.54287,-96.13179
OK,Bartlesville,36.74396,-95.99209
OK,Battiest,34.39333,-94.92472
OK,Beaver,36.79556,-100.53294
OK,Beggs,35.78959,-96.0264
OK,Bennington,33.97709,-96.01877
OK,Bessie,35.38545,-98.98964
OK,Bethany,35.50431,-97.63986
OK,Bethel,34.35844,-94.87813
OK,Big Cabin,36.60793,-95.27474
OK,Billings,36.52461,-97.41889
OK,Binger,35.31059,-98.3148
OK,Bison,36.19622,-97.88048
OK,Bixby,35.91729,-95.87289
OK,Blackwell,36.80057,-97.28669
OK,Blair,34.77881,-99.3334
OK,Blanchard,35.11921,-97.64013
OK,Blanco,34.76215,-95.79207
OK,Blocker,35.06139,-95.56806
OK,Bluejacket,36.79745,-95.10184
OK,Boise City,36.72833,-102.53552
OK,Bokchito,33.98591,-96.1621
OK,Bokoshe,35.16092,-94.72216
OK,Boley,35.49133,-96.47039
OK,Boswell,34.02448,-95.84031
OK,Bowlegs,35.14611,-96.66972
OK,Boynton,35.65765,-95.66004
OK,Bradley,34.87412,-97.71184
OK,Braggs,35.6574,-95.20333
OK,Braman,36.93305,-97.30823
OK,Bristow,35.8209,-96.37584
OK,Broken Arrow,35.99081,-95.81433
OK,Broken Arrow,36.05443,-95.72227
OK,Broken Bow,34.02699,-94.7623
OK,Bromide,34.41833,-96.49667
OK,Buffalo,36.8359,-99.60482
OK,Bunch,35.73569,-94.73415
OK,Burbank,36.69658,-96.78687
OK,Burlington,36.90361,-98.42145
OK,Burneyville,33.95152,-97.32493
OK,Burns Flat,35.34889,-99.17
OK,Butler,35.63364,-99.24275
OK,Byars,34.8904,-97.09972
OK,Cache,34.61307,-98.61535
OK,Caddo,34.11569,-96.26002
OK,Calera,33.92887,-96.41021
OK,Calumet,35.59482,-98.18999
OK,Calvin,34.87799,-96.27097
OK,Camargo,36.02123,-99.2781
OK,Cameron,35.14935,-94.50602
OK,Canadian,35.15926,-95.65304
OK,Caney,34.22211,-96.25836
OK,Canton,36.03719,-98.57782
OK,Canute,35.40368,-99.28158
OK,Cardin,36.9725,-94.84861
OK,Carmen,36.58421,-98.45779
OK,Carnegie,35.12348,-98.57545
OK,Carney,35.80538,-97.01594
OK,Carrier,36.51889,-97.99969
OK,Carter,35.22078,-99.48224
OK,Cartwright,33.88455,-96.55191
OK,Cashion,35.8,-97.67952
OK,Castle,35.47324,-96.37913
OK,Catoosa,36.17208,-95.72732
OK,Cement,34.93209,-98.14656
OK,Centrahoma,34.60664,-96.33858
OK,Chandler,35.70425,-96.85827
OK,Chattanooga,34.42619,-98.65136
OK,Checotah,35.43579,-95.53504
OK,Chelsea,36.53559,-95.44887
OK,Cherokee,36.75638,-98.35938
OK,Chester,36.25284,-98.88408
OK,Cheyenne,35.62318,-99.67669
OK,Chickasha,35.02675,-97.95185
OK,Choctaw,35.47176,-97.27256
OK,Chouteau,36.16692,-95.34157
OK,Claremore,36.32421,-95.59854
OK,Clarita,34.48278,-96.43306
OK,Clayton,34.59059,-95.37998
OK,Cleo Springs,36.40899,-98.44227
OK,Cleveland,36.25533,-96.42301
OK,Clinton,35.51154,-98.97953
OK,Coalgate,34.53441,-96.21673
OK,Colbert,33.85752,-96.49535
OK,Colcord,36.23335,-94.65467
OK,Coleman,34.2625,-96.45882
OK,Collinsville,36.37007,-95.84688
OK,Colony,35.34484,-98.67067
OK,Comanche,34.37652,-97.97929
OK,Commerce,36.93306,-94.87298
OK,Concho,35.61556,-97.99417
OK,Connerville,34.4475,-96.63583
OK,Cookson,35.71162,-94.91321
OK,Copan,36.90618,-95.91299
OK,Cordell,35.2788,-98.95106
OK,Corn,35.39984,-98.80623
OK,Council Hill,35.53218,-95.71133
OK,Countyline,34.44861,-97.5625
OK,Covington,36.30994,-97.57516
OK,Coweta,35.95784,-95.6526
OK,Coyle,35.8985,-97.26068
OK,Crawford,35.83677,-99.80645
OK,Crescent,35.942,-97.59692
OK,Cromwell,35.34,-96.45694
OK,Crowder,35.12389,-95.66972
OK,Cushing,35.98217,-96.75263
OK,Custer City,35.68937,-98.91201
OK,Cyril,34.89585,-98.20827
OK,Dacoma,36.6606,-98.5942
OK,Daisy,34.53836,-95.70877
OK,Davenport,35.70472,-96.765
OK,Davidson,34.25142,-99.06403
OK,Davis,34.4953,-97.10843
OK,Deer Creek,36.80482,-97.51358
OK,Delaware,36.78038,-95.6181
OK,Depew,35.75614,-96.48967
OK,Devol,34.19559,-98.57699
OK,Dewar,35.45806,-95.94111
OK,Dewey,36.80125,-95.93454
OK,Dibble,35.03333,-97.62944
OK,Dill City,35.2787,-99.15374
OK,Disney,36.48111,-95.01472
OK,Dougherty,34.39944,-97.05528
OK,Douglas,36.24814,-97.68963
OK,Dover,35.98476,-97.90668
OK,Drummond,36.28414,-98.03585
OK,Drumright,35.99314,-96.51979
OK,Duke,34.66677,-99.54817
OK,Duncan,34.50728,-97.94032
OK,Durant,34.00609,-96.3847
OK,Durham,35.83639,-99.90877
OK,Dustin,35.25194,-96.05727
OK,Eagletown,34.03636,-94.55956
OK,Eakly,35.30528,-98.5575
OK,Earlsboro,35.26279,-96.80409
OK,Edmond,35.68,-97.53
OK,El Reno,35.53347,-97.95909
OK,Eldorado,34.47274,-99.64596
OK,Elgin,34.77202,-98.40732
OK,Elk City,35.41036,-99.42109
OK,Elmer,34.51367,-99.31674
OK,Elmore City,34.62278,-97.39611
OK,Enid,36.40284,-97.86226
OK,Erick,35.22859,-99.86346
OK,Eucha,36.39871,-94.923
OK,Eufaula,35.29114,-95.64723
OK,Fairfax,36.55769,-96.69969
OK,Fairland,36.74178,-94.82793
OK,Fairmont,36.39161,-97.71149
OK,Fairview,36.26598,-98.50627
OK,Fanshawe,34.95083,-94.90806
OK,Fargo,36.40525,-99.6506
OK,Farris,34.25583,-95.84137
OK,Faxon,34.46452,-98.55771
OK,Fay,35.82042,-98.65868
OK,Felt,36.56657,-102.79742
OK,Finley,34.34065,-95.53852
OK,Fittstown,34.63013,-96.64946
OK,Fitzhugh,34.66154,-96.77449
OK,Fletcher,34.78466,-98.20025
OK,Forgan,36.90859,-100.54087
OK,Fort Cobb,35.1161,-98.4303
OK,Fort Gibson,35.79429,-95.22973
OK,Fort Sill,34.65953,-98.40041
OK,Fort Supply,36.56456,-99.5268
OK,Fort Towson,34.05197,-95.25302
OK,Foss,35.37365,-99.15259
OK,Foster,34.61639,-97.48889
OK,Fox,34.36361,-97.49194
OK,Foyil,36.43472,-95.51917
OK,Francis,34.87361,-96.59528
OK,Frederick,34.4012,-99.01188
OK,Freedom,36.80904,-99.13192
OK,Gage,36.318,-99.76
OK,Gans,35.38889,-94.69194
OK,Garber,36.43918,-97.5789
OK,Garvin,33.92051,-94.93231
OK,Gate,36.87568,-100.07339
OK,Geary,35.62171,-98.39053
OK,Gene Autry,34.28361,-97.03778
OK,Geronimo,34.4805,-98.38752
OK,Glencoe,36.21581,-96.91384
OK,Glenpool,35.95911,-95.99971
OK,Golden,34.03444,-94.89611
OK,Goltry,36.53136,-98.15398
OK,Goodwell,36.67438,-101.71369
OK,Gore,35.54177,-95.10947
OK,Gotebo,35.07589,-98.87598
OK,Gould,34.66496,-99.78434
OK,Gowen,34.88139,-95.47667
OK,Gracemont,35.1875,-98.28351
OK,Graham,34.33738,-97.49544
OK,Grandfield,34.22825,-98.68665
OK,Granite,34.97118,-99.38814
OK,Grant,33.93024,-95.48932
OK,Greenfield,35.73327,-98.38407
OK,Grove,36.59287,-94.75654
OK,Guthrie,35.83295,-97.436
OK,Guymon,36.69605,-101.47778
OK,Haileyville,34.85444,-95.58194
OK,Hallett,36.23389,-96.56722
OK,Hammon,35.64613,-99.40268
OK,Hanna,35.20853,-95.8958
OK,Hardesty,36.60175,-101.15394
OK,Harrah,35.48326,-97.17343
OK,Hartshorne,34.84517,-95.57397
OK,Haskell,35.81075,-95.68398
OK,Hastings,34.22506,-98.10754
OK,Haworth,33.78751,-94.58177
OK,Headrick,34.72189,-99.23904
OK,Healdton,34.22902,-97.4889
OK,Heavener,34.83527,-94.61849
OK,Helena,36.54375,-98.27782
OK,Hendrix,33.80158,-96.35813
OK,Hennepin,34.50889,-97.34667
OK,Hennessey,36.08685,-97.8926
OK,Henryetta,35.45448,-95.97619
OK,Hillsdale,36.56306,-97.99111
OK,Hinton,35.4675,-98.33135
OK,Hitchcock,35.97121,-98.33154
OK,Hitchita,35.51972,-95.75111
OK,Hobart,35.02552,-99.09443
OK,Hodgen,34.75376,-94.63908
OK,Holdenville,35.08393,-96.37697
OK,Hollis,34.69528,-99.91771
OK,Hollister,34.35247,-98.8814
OK,Hominy,36.41107,-96.38785
OK,Hooker,36.84798,-101.19068
OK,Hopeton,36.68806,-98.66556
OK,Howe,34.92994,-94.65707
OK,Hoyt,35.26847,-95.29938
OK,Hugo,34.01134,-95.51388
OK,Hulbert,35.92542,-95.16509
OK,Hunter,36.56034,-97.64251
OK,Hydro,35.45201,-98.56045
OK,Idabel,33.88512,-94.80201
OK,Indiahoma,34.62423,-98.73486
OK,Indianola,35.09372,-95.78448
OK,Inola,36.15031,-95.52046
OK,Isabella,36.23407,-98.33745
OK,Jay,36.43634,-94.77631
OK,Jenks,36.01483,-95.97971
OK,Jennings,36.1863,-96.57323
OK,Jet,36.69292,-98.17212
OK,Jones,35.57532,-97.28914
OK,Kansas,36.21611,-94.81142
OK,Kaw City,36.78666,-96.89886
OK,Kellyville,35.91707,-96.21801
OK,Kemp,33.76944,-96.35389
OK,Kenefic,34.13138,-96.38866
OK,Kenton,36.85564,-102.91242
OK,Keota,35.26454,-94.90282
OK,Ketchum,36.52556,-95.02556
OK,Keyes,36.80032,-102.23606
OK,Kiamichi Christian Mission,34.5926,-94.99156
OK,Kiefer,35.94472,-96.065
OK,Kingfisher,35.86361,-97.94729
OK,Kingston,33.95166,-96.71198
OK,Kinta,35.19707,-95.31754
OK,Kiowa,34.72776,-95.93284
OK,Konawa,34.97082,-96.73428
OK,Krebs,34.92778,-95.71556
OK,Kremlin,36.52074,-97.85419
OK,Lahoma,36.385,-98.07274
OK,Lamar,35.08356,-96.11423
OK,Lamont,36.69388,-97.56009
OK,Lane,34.26912,-95.96851
OK,Langley,36.46389,-95.0475
OK,Langston,35.945,-97.255
OK,Laverne,36.70625,-99.89177
OK,Lawton,34.59147,-98.36978
OK,Lebanon,33.96104,-96.8645
OK,Leedey,35.86977,-99.34915
OK,Leflore,34.89694,-94.98111
OK,Lehigh,34.46917,-96.21611
OK,Lenapah,36.88005,-95.62332
OK,Leon,33.92428,-97.44706
OK,Leonard,35.92028,-95.79917
OK,Lequire,35.10444,-95.10722
OK,Lexington,35.03766,-97.26095
OK,Lindsay,34.82112,-97.59979
OK,Loco,34.32142,-97.6658
OK,Locust Grove,36.1819,-95.16885
OK,Lone Grove,34.17737,-97.26852
OK,Lone Wolf,34.98058,-99.25016
OK,Longdale,36.12123,-98.54997
OK,Lookeba,35.36795,-98.38983
OK,Loveland,34.39102,-98.72353
OK,Loyal,35.97053,-98.11552
OK,Lucien,36.27533,-97.45257
OK,Luther,35.63149,-97.18229
OK,Macomb,35.12052,-97.03396
OK,Madill,34.07126,-96.78726
OK,Manchester,36.9744,-98.03826
OK,Mangum,34.87547,-99.50577
OK,Manitou,34.5075,-98.98306
OK,Mannford,36.09269,-96.35755
OK,Mannsville,34.1899,-96.8778
OK,Maramec,36.21746,-96.68441
OK,Marble City,35.58028,-94.82083
OK,Marietta,33.9431,-97.1148
OK,Marland,36.55907,-97.09759
OK,Marlow,34.63868,-97.94096
OK,Marshall,36.14845,-97.61705
OK,Martha,34.72528,-99.38667
OK,Maud,35.12922,-96.76269
OK,May,36.62673,-99.72469
OK,Maysville,34.81132,-97.41314
OK,Mcalester,34.92623,-95.75917
OK,Mccurtain,35.1404,-95.01274
OK,Mcloud,35.41907,-97.10518
OK,Mead,33.99444,-96.52989
OK,Medford,36.81419,-97.72021
OK,Medicine Park,34.72917,-98.50222
OK,Meeker,35.52111,-96.99805
OK,Meers,34.78278,-98.57861
OK,Meno,36.3815,-98.1635
OK,Meridian,35.8451,-97.24623
OK,Miami,36.87638,-94.87186
OK,Milburn,34.19517,-96.54286
OK,Milfay,35.755,-96.56556
OK,Mill Creek,34.30975,-96.78842
OK,Millerton,33.98583,-95.01333
OK,Minco,35.30672,-97.96638
OK,Moffett,35.39028,-94.44667
OK,Monroe,34.9925,-94.51667
OK,Moodys,36.03111,-94.9575
OK,Mooreland,36.44283,-99.18321
OK,Morris,35.66188,-95.83186
OK,Morrison,36.29021,-97.02278
OK,Mounds,35.91292,-96.06851
OK,Mountain Park,34.70316,-98.95914
OK,Mountain View,35.06535,-98.73069
OK,Moyers,34.33865,-95.66388
OK,Muldrow,35.40199,-94.63322
OK,Mulhall,36.05368,-97.40981
OK,Muse,34.66412,-94.71901
OK,Muskogee,35.73066,-95.37549
OK,Mustang,35.3885,-97.73089
OK,Mutual,36.21395,-99.11449
OK,Nardin,36.81552,-97.43246
OK,Nash,36.69615,-98.02576
OK,Nashoba,34.5072,-95.20747
OK,Newalla,35.37342,-97.19712
OK,Newcastle,35.24527,-97.62157
OK,Newkirk,36.88743,-97.05133
OK,Nicoma Park,35.49111,-97.32278
OK,Ninnekah,34.91435,-97.93328
OK,Noble,35.14174,-97.34093
OK,Norman,35.2212,-97.4448
OK,North Miami,36.91722,-94.87944
OK,Nowata,36.69456,-95.64042
OK,Oakhurst,36.07528,-96.06417
OK,Oaks,36.16866,-94.85021
OK,Oakwood,35.92143,-98.70806
OK,Ochelata,36.59466,-95.96914
OK,Oilton,36.08444,-96.58333
OK,Okarche,35.75016,-97.92999
OK,Okay,35.85056,-95.31806
OK,Okeene,36.11646,-98.32542
OK,Okemah,35.44752,-96.30679
OK,Oklahoma City,35.3337,-97.4922
OK,Oklahoma City,35.473,-97.5177
OK,Okmulgee,35.6288,-95.96967
OK,Oktaha,35.62501,-95.48559
OK,Olustee,34.54963,-99.42868
OK,Omega,35.85065,-98.18634
OK,Oologah,36.44372,-95.72901
OK,Orlando,36.14197,-97.39599
OK,Osage,36.28316,-96.37741
OK,Oscar,33.97324,-97.76136
OK,Overbrook,34.05391,-97.13235
OK,Owasso,36.28626,-95.82215
OK,Paden,35.51817,-96.57192
OK,Panama,35.16722,-94.67222
OK,Panola,34.92861,-95.21306
OK,Paoli,34.82849,-97.26081
OK,Park Hill,35.79769,-94.98217
OK,Pauls Valley,34.73851,-97.2195
OK,Pawhuska,36.69042,-96.31209
OK,Pawnee,36.3362,-96.79227
OK,Peggs,36.05906,-94.99193
OK,Perkins,35.97684,-97.04406
OK,Perry,36.28747,-97.28418
OK,Picher,36.97996,-94.8173
OK,Pickens,34.39639,-95.01167
OK,Piedmont,35.66946,-97.74311
OK,Pittsburg,34.69748,-95.84391
OK,Platter,33.90694,-96.53472
OK,Pocasset,35.15444,-97.97904
OK,Pocola,35.2436,-94.47603
OK,Ponca City,36.7031,-97.07841
OK,Pond Creek,36.66428,-97.8019
OK,Porter,35.85674,-95.50819
OK,Porum,35.36306,-95.26066
OK,Poteau,35.06056,-94.6096
OK,Prague,35.51048,-96.70088
OK,Preston,35.71139,-95.99139
OK,Proctor,35.96711,-94.74416
OK,Prue,36.25012,-96.27007
OK,Pryor,36.29211,-95.31294
OK,Purcell,35.01029,-97.42549
OK,Putnam,35.85385,-98.96376
OK,Quapaw,36.92825,-94.74298
OK,Quinton,35.15467,-95.46708
OK,Ralston,36.49923,-96.77548
OK,Ramona,36.57525,-95.89622
OK,Randlett,34.17404,-98.45997
OK,Ratliff City,34.44889,-97.50917
OK,Rattan,34.24542,-95.34423
OK,Ravia,34.24167,-96.75111
OK,Red Oak,34.94217,-95.09043
OK,Red Rock,36.47475,-97.16402
OK,Redbird,35.88556,-95.58861
OK,Rentiesville,35.52139,-95.49472
OK,Reydon,35.65759,-99.91657
OK,Ringling,34.16786,-97.60287
OK,Ringold,34.17989,-95.07039
OK,Ringwood,36.37529,-98.27064
OK,Ripley,35.99849,-96.89667
OK,Rocky,35.15264,-99.04804
OK,Roff,34.61529,-96.84231
OK,Roland,35.45381,-94.52908
OK,Roosevelt,34.84698,-98.9836
OK,Rose,36.21126,-94.99336
OK,Rosston,36.87891,-99.90025
OK,Rufe,34.16168,-95.13601
OK,Rush Springs,34.7708,-97.9431
OK,Ryan,34.02379,-97.94614
OK,S Coffeyville,36.98368,-95.60651
OK,Saint Louis,35.07417,-96.85278
OK,Salina,36.3116,-95.11577
OK,Sallisaw,35.48519,-94.779
OK,Sand Springs,36.13414,-96.1426
OK,Sapulpa,36.00297,-96.11061
OK,Sasakwa,34.95098,-96.53871
OK,Savanna,34.82889,-95.84361
OK,Sawyer,34.02773,-95.35583
OK,Sayre,35.30472,-99.64293
OK,Schulter,35.51444,-95.95639
OK,Seiling,36.12782,-98.88746
OK,Seminole,35.22444,-96.67028
OK,Sentinel,35.16174,-99.17061
OK,Shady Point,35.12933,-94.66653
OK,Shamrock,35.91,-96.58361
OK,Sharon,36.26987,-99.35874
OK,Shattuck,36.28892,-99.8793
OK,Shawnee,35.34907,-96.93132
OK,Shidler,36.81491,-96.67496
OK,Skiatook,36.3725,-96.01233
OK,Slick,35.77694,-96.26583
OK,Smithville,34.47906,-94.61912
OK,Snow,34.37796,-95.42783
OK,Snyder,34.65478,-98.95075
OK,Soper,34.03659,-95.69157
OK,Southard,36.07471,-98.44646
OK,Sparks,35.61378,-96.81627
OK,Spavinaw,36.41555,-95.02846
OK,Spencer,35.51828,-97.34878
OK,Spencerville,34.13263,-95.38347
OK,Sperry,36.29547,-95.98037
OK,Spiro,35.24922,-94.62655
OK,Springer,34.30383,-97.12227
OK,Sterling,34.75028,-98.17139
OK,Stidham,35.38139,-95.70557
OK,Stigler,35.26856,-95.10707
OK,Stillwater,36.10435,-97.06087
OK,Stilwell,35.8107,-94.63132
OK,Stonewall,34.66619,-96.54289
OK,Strang,36.46386,-95.07077
OK,Stratford,34.77141,-96.97628
OK,Stringtown,34.4676,-96.00025
OK,Stroud,35.78239,-96.68438
OK,Stuart,34.88258,-96.1381
OK,Sulphur,34.51158,-96.9797
OK,Sweetwater,35.44884,-99.90062
OK,Swink,34.01778,-95.20194
OK,Taft,35.75806,-95.54936
OK,Tahlequah,35.90939,-94.97873
OK,Talala,36.54292,-95.7142
OK,Talihina,34.73812,-94.99781
OK,Taloga,35.99724,-98.98247
OK,Tatums,34.48278,-97.46139
OK,Tecumseh,35.25023,-96.96671
OK,Temple,34.26067,-98.23707
OK,Terlton,36.18886,-96.48757
OK,Terral,33.89716,-97.93505
OK,Texhoma,36.52529,-101.83935
OK,Texola,35.22498,-99.98218
OK,Thackerville,33.78817,-97.13635
OK,Thomas,35.73817,-98.73884
OK,Tinker Afb,35.41571,-97.40371
OK,Tipton,34.50979,-99.13148
OK,Tishomingo,34.26429,-96.6675
OK,Tonkawa,36.68062,-97.30634
OK,Tryon,35.86315,-96.9984
OK,Tulsa,36.05566,-96.06023
OK,Tulsa,36.1504,-95.9953
OK,Tupelo,34.55981,-96.42736
OK,Turpin,36.90901,-100.86903
OK,Tuskahoma,34.73478,-95.2208
OK,Tussy,34.50667,-97.54278
OK,Tuttle,35.26741,-97.74462
OK,Twin Oaks,36.19162,-94.85444
OK,Tyrone,36.95577,-101.05941
OK,Union City,35.39133,-97.93979
OK,Valliant,34.00906,-95.06862
OK,Velma,34.46,-97.67361
OK,Vera,36.44917,-95.88056
OK,Verden,35.08356,-98.07921
OK,Vian,35.54038,-94.98876
OK,Vici,36.13717,-99.267
OK,Vinita,36.63335,-95.13816
OK,Vinson,34.90618,-99.83393
OK,Wagoner,35.95486,-95.35396
OK,Wainwright,35.6125,-95.56417
OK,Wakita,36.87533,-97.94269
OK,Walters,34.36053,-98.31398
OK,Wanette,34.99831,-97.0419
OK,Wann,36.94021,-95.77675
OK,Wapanucka,34.38663,-96.45322
OK,Wardville,34.56879,-96.02096
OK,Warner,35.49455,-95.30643
OK,Washington,35.13235,-97.48697
OK,Washita,35.10278,-98.34056
OK,Watonga,35.85376,-98.41749
OK,Watson,34.41925,-94.55622
OK,Watts,36.11522,-94.63447
OK,Waukomis,36.27806,-97.89958
OK,Waurika,34.17447,-97.99735
OK,Wayne,34.91535,-97.32901
OK,Waynoka,36.58579,-98.84875
OK,Weatherford,35.53505,-98.6996
OK,Webbers Falls,35.51379,-95.16588
OK,Welch,36.90202,-95.12945
OK,Weleetka,35.34158,-96.11361
OK,Welling,35.88192,-94.86533
OK,Wellston,35.67574,-97.05969
OK,Westville,35.99123,-94.59263
OK,Wetumka,35.23955,-96.24208
OK,Wewoka,35.18289,-96.50379
OK,Wheatland,35.39778,-97.65194
OK,Whitefield,35.25114,-95.23749
OK,Whitesboro,34.68431,-94.86998
OK,Wilburton,34.9128,-95.3389
OK,Willow,35.07024,-99.54209
OK,Wilson,34.16421,-97.42487
OK,Wister,34.95559,-94.7832
OK,Woodward,36.42678,-99.40202
OK,Wright City,34.07992,-94.99289
OK,Wyandotte,36.77962,-94.70024
OK,Wynnewood,34.63847,-97.17695
OK,Wynona,36.50847,-96.36889
OK,Yale,36.11006,-96.70221
OK,Yukon,35.50667,-97.76222
OR,Adams,45.74968,-118.61758
OR,Adel,42.1487,-119.88329
OR,Adrian,43.65371,-117.06019
OR,Agness,42.57479,-124.06477
OR,Albany,44.62772,-123.09441
OR,Allegany,43.42611,-124.03111
OR,Alsea,44.36907,-123.60892
OR,Alvadore,44.12694,-123.26333
OR,Amity,45.1157,-123.1744
OR,Antelope,44.8892,-120.79138
OR,Arch Cape,45.80194,-123.96667
OR,Arlington,45.66642,-120.19715
OR,Arock,43.9709,-117.03419
OR,Ashland,42.18851,-122.69303
OR,Ashwood,44.71948,-120.71916
OR,Astoria,46.1558,-123.79798
OR,Athena,45.82889,-118.49715
OR,Aumsville,44.81782,-122.87857
OR,Aurora,45.22843,-122.80388
OR,Azalea,42.84499,-123.15502
OR,Baker City,44.7801,-117.82863
OR,Bandon,43.09681,-124.40367
OR,Banks,45.65348,-123.12098
OR,Bates,44.59306,-118.5075
OR,Bay City,45.51966,-123.87608
OR,Beatty,42.43694,-121.21996
OR,Beaver,45.27675,-123.82342
OR,Beavercreek,45.25972,-122.47512
OR,Beaverton,45.47503,-122.8054
OR,Bend,44.09279,-121.29363
OR,Blachly,44.1966,-123.53482
OR,Blodgett,44.62814,-123.60671
OR,Blue River,44.17781,-122.22295
OR,Bly,42.39778,-121.04056
OR,Boardman,45.82717,-119.72057
OR,Bonanza,42.24627,-121.33356
OR,Boring,45.4297,-122.38071
OR,Bridal Veil,45.5579,-122.17659
OR,Bridgeport,44.48583,-117.74417
OR,Brightwood,45.36522,-122.00362
OR,Broadbent,42.98505,-124.11892
OR,Brogan,44.1994,-117.59037
OR,Brookings,42.064,-124.26781
OR,Brothers,43.77888,-120.47704
OR,Brownsville,44.37697,-122.94849
OR,Burns,43.51451,-119.0504
OR,Butte Falls,42.54924,-122.5638
OR,Buxton,45.73698,-123.21456
OR,Camas Valley,43.05566,-123.66546
OR,Camp Sherman,44.455,-121.63936
OR,Canby,45.25142,-122.68322
OR,Cannon Beach,45.88194,-123.96306
OR,Canyon City,44.41,-118.95015
OR,Canyonville,42.93068,-123.27801
OR,Carlton,45.28593,-123.15235
OR,Cascade Locks,45.67145,-121.88241
OR,Cascadia,44.39224,-122.46421
OR,Cave Junction,42.13479,-123.6272
OR,Central Point,42.38991,-122.92224
OR,Chemult,43.12467,-121.8447
OR,Cheshire,44.17821,-123.37152
OR,Chiloquin,42.54629,-121.74496
OR,Christmas Valley,43.23639,-120.63583
OR,Clackamas,45.41499,-122.52005
OR,Clatskanie,46.09978,-123.2124
OR,Cloverdale,45.28582,-123.83563
OR,Colton,45.15729,-122.42475
OR,Columbia City,45.89247,-122.81217
OR,Condon,45.23059,-120.18983
OR,Coos Bay,43.36281,-124.2331
OR,Coquille,43.18841,-124.20139
OR,Corbett,45.52212,-122.24175
OR,Cornelius,45.52903,-123.04154
OR,Corvallis,44.59041,-123.27217
OR,Cottage Grove,43.78393,-123.05291
OR,Cove,45.3199,-117.81474
OR,Crabtree,44.63528,-122.89694
OR,Crane,43.42622,-118.4642
OR,Crater Lake,42.94389,-122.10556
OR,Crawfordsville,44.35722,-122.85667
OR,Crescent,43.49723,-121.66481
OR,Crescent Lake,43.50944,-121.96833
OR,Creswell,43.90583,-123.02838
OR,Culp Creek,43.68453,-122.75242
OR,Culver,44.4818,-121.23435
OR,Curtin,43.7225,-123.21083
OR,Dairy,42.25814,-121.64245
OR,Dallas,44.92253,-123.31999
OR,Damascus,45.42539,-122.43688
OR,Days Creek,42.98195,-123.14387
OR,Dayton,45.19772,-123.07533
OR,Dayville,44.46631,-119.53118
OR,Deadwood,44.14513,-123.68833
OR,Deer Island,45.93555,-122.89846
OR,Depoe Bay,44.85144,-124.03234
OR,Detroit,44.77662,-122.18447
OR,Dexter,43.92169,-122.84235
OR,Diamond,43.01222,-118.665
OR,Dillard,43.10306,-123.42667
OR,Donald,45.2225,-122.83806
OR,Dorena,43.75865,-122.8858
OR,Drain,43.68766,-123.29292
OR,Drewsey,43.86428,-118.47066
OR,Dufur,45.4291,-121.1468
OR,Dundee,45.27761,-123.01523
OR,Durkee,44.58222,-117.46361
OR,Eagle Creek,45.3582,-122.33805
OR,Eagle Point,42.49347,-122.8088
OR,Echo,45.74109,-119.1949
OR,Eddyville,44.63714,-123.7531
OR,Elgin,45.5941,-117.91119
OR,Elkton,43.63776,-123.59001
OR,Elmira,44.08726,-123.36705
OR,Enterprise,45.43704,-117.28881
OR,Estacada,45.28718,-122.32586
OR,Eugene,44.07368,-123.07876
OR,Fairview,45.53861,-122.43278
OR,Fall Creek,43.95616,-122.7859
OR,Falls City,44.8706,-123.44615
OR,Fields,42.26444,-118.67417
OR,Florence,43.9881,-124.0993
OR,Forest Grove,45.53283,-123.11515
OR,Fort Klamath,42.70472,-121.99472
OR,Fort Rock,43.44615,-121.08243
OR,Fossil,44.98529,-120.2067
OR,Foster,44.38356,-122.5449
OR,Frenchglen,42.82694,-118.91444
OR,Gales Creek,45.59575,-123.23397
OR,Gardiner,43.78574,-124.14369
OR,Garibaldi,45.56,-123.91167
OR,Gaston,45.44274,-123.16657
OR,Gates,44.75272,-122.3995
OR,Gervais,45.10865,-122.89619
OR,Gilchrist,43.30759,-121.8866
OR,Gladstone,45.38988,-122.5902
OR,Glendale,42.75175,-123.3943
OR,Gleneden Beach,44.88139,-124.03306
OR,Glide,43.27739,-122.96385
OR,Gold Beach,42.43482,-124.39607
OR,Gold Hill,42.42444,-123.08543
OR,Government Camp,45.31837,-121.78543
OR,Grand Ronde,45.07497,-123.63352
OR,Grants Pass,42.46376,-123.34573
OR,Grass Valley,45.30133,-120.74779
OR,Gresham,45.5154,-122.42026
OR,Haines,44.87762,-117.97556
OR,Halfway,44.89527,-117.11315
OR,Halsey,44.38615,-123.1251
OR,Hammond,46.19803,-123.95273
OR,Happy Valley,45.445,-122.53414
OR,Harper,43.87336,-117.52843
OR,Harrisburg,44.27166,-123.14316
OR,Hebo,45.21202,-123.87143
OR,Helix,45.86654,-118.72222
OR,Heppner,45.34858,-119.5369
OR,Hereford,44.64105,-117.98896
OR,Hermiston,45.84499,-119.28488
OR,Hillsboro,45.4984,-122.957
OR,Hines,43.56417,-119.08
OR,Hood River,45.67106,-121.5391
OR,Hubbard,45.16042,-122.75411
OR,Huntington,44.38111,-117.30969
OR,Idanha,44.70148,-122.04757
OR,Idleyld Park,43.37157,-122.90179
OR,Imbler,45.45991,-117.95438
OR,Imnaha,45.51373,-116.82574
OR,Independence,44.8481,-123.18791
OR,Ione,45.54033,-119.76903
OR,Ironside,44.30091,-117.94443
OR,Irrigon,45.88768,-119.50702
OR,Jacksonville,42.25489,-123.0281
OR,Jamieson,44.18187,-117.43727
OR,Jefferson,44.74945,-123.00596
OR,John Day,44.40998,-119.10516
OR,Jordan Valley,42.88014,-117.28098
OR,Joseph,45.34943,-117.21281
OR,Junction City,44.19879,-123.23001
OR,Juntura,43.82528,-118.09212
OR,Keizer,44.99028,-123.025
OR,Keno,42.17547,-121.97243
OR,Kent,45.08379,-120.6649
OR,Kerby,42.20934,-123.6573
OR,Kimberly,44.72263,-119.5965
OR,Klamath Falls,42.2296,-121.78697
OR,La Grande,45.33044,-118.08523
OR,La Pine,43.70913,-121.51945
OR,Lafayette,45.24664,-123.11136
OR,Lake Oswego,45.40926,-122.68472
OR,Lakeside,43.58331,-124.16236
OR,Lakeview,42.18544,-120.37753
OR,Langlois,42.91539,-124.44132
OR,Lebanon,44.53156,-122.88206
OR,Lexington,45.42636,-119.74636
OR,Lincoln City,44.96814,-123.99556
OR,Logsden,44.74751,-123.77365
OR,Long Creek,44.75542,-119.09702
OR,Lorane,43.82904,-123.24768
OR,Lostine,45.49386,-117.43591
OR,Lowell,43.92099,-122.78063
OR,Lyons,44.77679,-122.82008
OR,Madras,44.63758,-121.13492
OR,Malin,42.0195,-121.42212
OR,Manning,45.65247,-123.18611
OR,Manzanita,45.71861,-123.93389
OR,Mapleton,44.03119,-123.86574
OR,Marcola,44.20644,-122.82464
OR,Marylhurst,45.40139,-122.65
OR,Maupin,45.07425,-121.22816
OR,Mcminnville,45.20968,-123.20434
OR,Meacham,45.50667,-118.42028
OR,Medford,42.31929,-122.88701
OR,Mehama,44.79028,-122.61806
OR,Merlin,42.52965,-123.43926
OR,Merrill,42.02952,-121.59855
OR,Midland,42.13083,-121.81917
OR,Mikkalo,45.71694,-120.19972
OR,Mill City,44.75157,-122.47683
OR,Milton Freewater,45.94858,-118.39117
OR,Mitchell,44.56573,-120.14558
OR,Molalla,45.12226,-122.57557
OR,Monmouth,44.83771,-123.25123
OR,Monroe,44.32446,-123.32033
OR,Monument,44.81845,-119.43016
OR,Moro,45.48533,-120.69567
OR,Mosier,45.66167,-121.32453
OR,Mount Angel,45.07373,-122.78561
OR,Mount Hood Parkdale,45.52158,-121.58849
OR,Mount Vernon,44.4171,-119.11214
OR,Mulino,45.21297,-122.53507
OR,Murphy,42.34778,-123.33222
OR,Myrtle Creek,43.01616,-123.28505
OR,Myrtle Point,43.06669,-124.12133
OR,Nehalem,45.72159,-123.90494
OR,Neotsu,44.9988,-123.98434
OR,Neskowin,45.17816,-123.92634
OR,Netarts,45.435,-123.94472
OR,New Pine Creek,42.02776,-120.28939
OR,Newberg,45.3099,-122.9685
OR,Newport,44.64865,-124.0509
OR,North Bend,43.43267,-124.2131
OR,North Plains,45.59722,-122.99222
OR,North Powder,45.03167,-117.93367
OR,Noti,44.11951,-123.45696
OR,Nyssa,43.86039,-117.02511
OR,O Brien,42.06882,-123.7209
OR,Oakland,43.45297,-123.35577
OR,Oakridge,43.74977,-122.45771
OR,Oceanside,45.46111,-123.96667
OR,Odell,45.62324,-121.44013
OR,Ontario,44.04156,-116.97827
OR,Ophir,42.56333,-124.38167
OR,Oregon City,45.33772,-122.56999
OR,Otis,45.01376,-123.93324
OR,Otter Rock,44.74722,-124.06028
OR,Oxbow,44.975,-116.86194
OR,Pacific City,45.2025,-123.96167
OR,Paisley,42.70309,-120.55321
OR,Paulina,44.21024,-119.78277
OR,Pendleton,45.66054,-118.7831
OR,Philomath,44.54882,-123.39227
OR,Phoenix,42.27656,-122.82269
OR,Pilot Rock,45.42272,-118.84833
OR,Pleasant Hill,43.94582,-122.92849
OR,Plush,42.50349,-119.89472
OR,Port Orford,42.75719,-124.49128
OR,Portland,45.44292,-122.61509
OR,Portland,45.44334,-122.77597
OR,Portland,45.49882,-122.69026
OR,Post,44.07927,-120.29978
OR,Powell Butte,44.24151,-121.01133
OR,Powers,42.89101,-124.06644
OR,Prairie City,44.45698,-118.6952
OR,Princeton,43.24667,-118.57667
OR,Prineville,44.30445,-120.83362
OR,Prospect,42.75439,-122.50898
OR,Rainier,46.06455,-122.96707
OR,Redmond,44.27669,-121.1896
OR,Reedsport,43.6957,-124.10548
OR,Rhododendron,45.3552,-121.95369
OR,Richland,44.79701,-117.30182
OR,Rickreall,45.02003,-123.20642
OR,Riddle,42.93887,-123.36125
OR,Riley,44.93053,-116.90062
OR,Riverside,43.46742,-118.09577
OR,Rockaway Beach,45.60851,-123.90783
OR,Rogue River,42.48889,-123.15873
OR,Rose Lodge,45.01056,-123.87917
OR,Roseburg,43.22273,-123.36644
OR,Rufus,45.68515,-120.72678
OR,Saginaw,43.83278,-123.04417
OR,Saint Benedict,45.0575,-122.77667
OR,Saint Helens,45.86082,-122.82818
OR,Saint Paul,45.196,-122.96737
OR,Salem,44.92604,-122.97969
OR,Salem,44.95885,-123.07532
OR,Sandy,45.37895,-122.22305
OR,Scappoose,45.76545,-122.89277
OR,Scio,44.71679,-122.76836
OR,Scotts Mills,45.022,-122.66542
OR,Scottsburg,43.67648,-123.80406
OR,Seal Rock,44.47775,-124.06071
OR,Seaside,45.96951,-123.87884
OR,Selma,42.29636,-123.56839
OR,Seneca,44.1277,-119.0578
OR,Shady Cove,42.60757,-122.81219
OR,Shaniko,45.04723,-120.80695
OR,Shedd,44.45295,-123.10646
OR,Sheridan,45.0897,-123.40033
OR,Sherwood,45.35142,-122.85672
OR,Siletz,44.73133,-123.90624
OR,Silver Lake,43.25816,-120.78011
OR,Silverton,44.99104,-122.76272
OR,Sisters,44.30733,-121.52413
OR,Sixes,42.82498,-124.44093
OR,South Beach,44.57122,-124.05997
OR,Sprague River,42.45556,-121.50306
OR,Spray,44.82419,-119.83032
OR,Springfield,44.06106,-123.01526
OR,Stanfield,45.78599,-119.2116
OR,Stayton,44.80211,-122.76241
OR,Sublimity,44.84252,-122.80072
OR,Summer Lake,42.8313,-121.06325
OR,Summerville,45.50769,-118.02698
OR,Sumpter,44.73164,-118.1906
OR,Sutherlin,43.3904,-123.29743
OR,Sweet Home,44.39811,-122.72856
OR,Swisshome,44.0899,-123.8279
OR,Talent,42.23625,-122.78605
OR,Tangent,44.54973,-123.11082
OR,Tenmile,43.13712,-123.5301
OR,Terrebonne,44.35551,-121.16756
OR,The Dalles,45.5995,-121.19049
OR,Thurston,44.04639,-123.02083
OR,Tidewater,44.40554,-123.91486
OR,Tillamook,45.44918,-123.81885
OR,Tiller,42.9859,-122.90809
OR,Timber,45.72703,-123.31185
OR,Toledo,44.62708,-123.93012
OR,Tolovana Park,45.88617,-123.95887
OR,Trail,42.68636,-122.81603
OR,Troutdale,45.5254,-122.37387
OR,Tualatin,45.37269,-122.76313
OR,Turner,44.84761,-122.95012
OR,Tygh Valley,45.23179,-121.29652
OR,Ukiah,45.13417,-118.93139
OR,Umatilla,45.91573,-119.31372
OR,Umpqua,43.37454,-123.53577
OR,Union,45.20194,-117.85355
OR,Unity,44.44906,-118.16273
OR,Vale,44.0039,-117.26741
OR,Veneta,44.03824,-123.35159
OR,Vernonia,45.8573,-123.19666
OR,Vida,44.13004,-122.50443
OR,Waldport,44.4085,-124.03505
OR,Wallowa,45.57172,-117.53573
OR,Walterville,44.13516,-122.62906
OR,Walton,44.02819,-123.5893
OR,Warm Springs,44.74683,-121.29094
OR,Warren,45.82604,-122.86344
OR,Warrenton,46.14502,-123.92537
OR,Wasco,45.59745,-120.73036
OR,Wedderburn,42.42972,-124.41389
OR,Welches,45.33986,-121.95983
OR,West Linn,45.36687,-122.64795
OR,Westfall,43.99225,-117.68767
OR,Westfir,43.75664,-122.51409
OR,Westlake,43.91402,-124.03336
OR,Weston,45.80736,-118.37328
OR,Wheeler,45.68917,-123.87944
OR,White City,42.43192,-122.82962
OR,Wilbur,43.32111,-123.33944
OR,Wilderville,42.39248,-123.51386
OR,Willamina,45.08261,-123.50471
OR,Williams,42.22305,-123.28288
OR,Wilsonville,45.29865,-122.76989
OR,Winchester,43.28028,-123.3525
OR,Winston,43.10486,-123.43248
OR,Wolf Creek,42.65513,-123.35154
OR,Woodburn,45.14462,-122.85834
OR,Yachats,44.32556,-124.08626
OR,Yamhill,45.33505,-123.20364
OR,Yoncalla,43.60434,-123.29256
PA,Aaronsburg,40.87694,-77.38798
PA,Abbottstown,39.8881,-76.99308
PA,Abington,40.12814,-75.12892
PA,Ackermanville,40.8648,-75.2073
PA,Acme,40.10489,-79.48275
PA,Acosta,40.11028,-79.06917
PA,Adah,39.8831,-79.89083
PA,Adamsburg,40.31258,-79.65647
PA,Adamstown,40.24299,-76.05654
PA,Adamsville,41.50668,-80.37654
PA,Addison,39.7612,-79.31933
PA,Adrian,40.9049,-79.50744
PA,Airville,39.82101,-76.40118
PA,Akron,40.15709,-76.2053
PA,Alba,41.705,-76.82861
PA,Albion,41.88588,-80.37527
PA,Albrightsville,40.97479,-75.58421
PA,Alburtis,40.4862,-75.62113
PA,Aleppo,39.82465,-80.45792
PA,Alexandria,40.5499,-78.10707
PA,Aliquippa,40.60442,-80.28157
PA,Allenport,40.08984,-79.85419
PA,Allensville,40.52492,-77.8294
PA,Allentown,40.60273,-75.47096
PA,Allenwood,41.12642,-76.97236
PA,Allison,39.98257,-79.87568
PA,Allison Park,40.56997,-79.96651
PA,Allport,40.97504,-78.21038
PA,Altoona,40.52094,-78.4089
PA,Alum Bank,40.18583,-78.62059
PA,Alverda,40.63028,-78.85722
PA,Alverton,40.12787,-79.55861
PA,Amberson,40.17028,-77.6775
PA,Ambler,40.16632,-75.20723
PA,Ambridge,40.59537,-80.21978
PA,Amity,40.06179,-80.19486
PA,Analomink,41.05111,-75.22083
PA,Andreas,40.74646,-75.83425
PA,Anita,41.00181,-78.96664
PA,Annville,40.34561,-76.54468
PA,Antes Fort,41.19167,-77.22417
PA,Apollo,40.55648,-79.57716
PA,Aquashicola,40.81111,-75.59056
PA,Arcadia,40.78111,-78.85278
PA,Archbald,41.49563,-75.55523
PA,Arcola,40.1525,-75.45694
PA,Ardara,40.36299,-79.73353
PA,Ardmore,40.00197,-75.29665
PA,Arendtsville,39.92306,-77.29889
PA,Aristes,40.81833,-76.33861
PA,Armagh,40.44245,-79.01305
PA,Armbrust,40.2361,-79.55388
PA,Arnot,41.6625,-77.12333
PA,Arona,40.26799,-79.6591
PA,Artemas,39.75747,-78.40314
PA,Ashfield,40.78444,-75.71389
PA,Ashland,40.77323,-76.34297
PA,Ashville,40.55127,-78.53464
PA,Aspers,39.97653,-77.22866
PA,Aston,39.86428,-75.43321
PA,Atglen,39.94578,-75.97034
PA,Athens,41.949,-76.48886
PA,Atlantic,41.53331,-80.28625
PA,Atlasburg,40.34111,-80.38306
PA,Auburn,40.59616,-76.13439
PA,Audubon,40.1244,-75.4359
PA,Aultman,40.54008,-79.21979
PA,Austin,41.62965,-78.09081
PA,Avella,40.27339,-80.4565
PA,Avis,41.18472,-77.31417
PA,Avondale,39.8219,-75.76869
PA,Avonmore,40.52213,-79.48526
PA,Baden,40.6416,-80.19847
PA,Bainbridge,40.1086,-76.67259
PA,Bairdford,40.63111,-79.88167
PA,Bakerstown,40.64783,-79.93096
PA,Bala Cynwyd,40.01179,-75.23421
PA,Bally,40.40056,-75.58748
PA,Bangor,40.85491,-75.19564
PA,Barnesville,40.81381,-76.06109
PA,Bart,39.92333,-76.07639
PA,Barto,40.3815,-75.57489
PA,Bartonsville,41.00801,-75.29673
PA,Bath,40.75514,-75.40856
PA,Bausman,40.02417,-76.33111
PA,Beach Haven,41.06833,-76.17611
PA,Beach Lake,41.6034,-75.11649
PA,Beallsville,40.0645,-80.02506
PA,Bear Creek,41.11917,-75.71944
PA,Bear Lake,41.97006,-79.46137
PA,Beaver,40.69718,-80.33653
PA,Beaver Falls,40.76623,-80.33988
PA,Beaver Meadows,40.92267,-75.94065
PA,Beaver Springs,40.75277,-77.2318
PA,Beaverdale,40.32194,-78.69722
PA,Beavertown,40.77738,-77.16911
PA,Beccaria,40.75794,-78.50804
PA,Bechtelsville,40.37945,-75.6257
PA,Bedford,39.99084,-78.52607
PA,Bedminster,40.42583,-75.17944
PA,Beech Creek,41.08451,-77.58512
PA,Belle Vernon,40.14368,-79.83454
PA,Bellefonte,40.90938,-77.7642
PA,Belleville,40.60157,-77.73582
PA,Bellwood,40.60394,-78.33723
PA,Belsano,40.51944,-78.87139
PA,Bendersville,39.9825,-77.24972
PA,Benezett,41.32532,-78.35762
PA,Bensalem,40.11088,-74.93775
PA,Bentleyville,40.1187,-80.00699
PA,Benton,41.22314,-76.34063
PA,Berlin,39.91885,-78.96369
PA,Bernville,40.45506,-76.12473
PA,Berrysburg,40.60199,-76.81121
PA,Berwick,41.06648,-76.24427
PA,Berwyn,40.04118,-75.44746
PA,Bessemer,40.97549,-80.49369
PA,Bethel,40.48083,-76.27421
PA,Bethel Park,40.32098,-80.03979
PA,Bethlehem,40.60017,-75.38051
PA,Bethlehem,40.6335,-75.3952
PA,Beyer,40.78639,-79.20139
PA,Big Cove Tannery,39.8897,-78.01237
PA,Big Run,40.96694,-78.87861
PA,Bigler,40.98472,-78.30667
PA,Biglerville,39.92812,-77.28855
PA,Birchrunville,40.12944,-75.63806
PA,Bird In Hand,40.05611,-76.18304
PA,Birdsboro,40.2563,-75.83437
PA,Black Lick,40.4669,-79.19323
PA,Blain,40.32931,-77.51174
PA,Blairs Mills,40.2548,-77.76947
PA,Blairsville,40.44126,-79.25333
PA,Blakeslee,41.0485,-75.53431
PA,Blanchard,41.06417,-77.59806
PA,Blandburg,40.68694,-78.41111
PA,Blandon,40.44349,-75.88368
PA,Blooming Glen,40.36944,-75.24861
PA,Bloomsburg,41.01153,-76.43838
PA,Blossburg,41.66977,-77.07971
PA,Blue Ball,40.11861,-76.0475
PA,Blue Bell,40.15939,-75.27966
PA,Blue Ridge Summit,39.72695,-77.46984
PA,Boalsburg,40.77934,-77.78224
PA,Bobtown,39.76111,-79.98167
PA,Boiling Springs,40.14487,-77.11949
PA,Bolivar,40.36729,-79.16055
PA,Boswell,40.19181,-79.03618
PA,Bovard,40.31972,-79.50361
PA,Bowers,40.48722,-75.7425
PA,Bowmansdale,40.16611,-76.97833
PA,Bowmanstown,40.79972,-75.66222
PA,Bowmansville,40.19667,-76.01778
PA,Boyers,41.1083,-79.8991
PA,Boyertown,40.33391,-75.66037
PA,Boynton,39.76667,-79.06694
PA,Brackenridge,40.60822,-79.74138
PA,Brackney,41.96661,-75.93753
PA,Braddock,40.4063,-79.86435
PA,Bradenville,40.29609,-79.30968
PA,Bradford,41.95468,-78.65397
PA,Bradfordwoods,40.63417,-80.08231
PA,Branchdale,40.66433,-76.33279
PA,Branchton,41.0725,-79.98583
PA,Brandamore,40.05361,-75.82028
PA,Brandy Camp,41.32083,-78.68778
PA,Brave,39.72472,-80.26028
PA,Breezewood,39.99052,-78.24527
PA,Breinigsville,40.55262,-75.65527
PA,Bridgeport,40.10304,-75.34023
PA,Bridgeville,40.34719,-80.11529
PA,Brier Hill,39.98028,-79.82833
PA,Brisbin,40.83871,-78.35263
PA,Bristol,40.10917,-74.86072
PA,Broad Top,40.20189,-78.1406
PA,Brockport,41.28217,-78.71283
PA,Brockton,40.76316,-76.04987
PA,Brockway,41.24056,-78.81157
PA,Brodheadsville,40.93086,-75.41042
PA,Brogue,39.88304,-76.48824
PA,Brookhaven,39.86536,-75.38848
PA,Brooklyn,41.75111,-75.80722
PA,Brookville,41.15999,-79.0641
PA,Broomall,39.97467,-75.36021
PA,Brownfield,39.85694,-79.71222
PA,Brownstown,40.12361,-76.21417
PA,Brownsville,40.02671,-79.92061
PA,Bruin,41.05708,-79.72905
PA,Brush Valley,40.52857,-79.05876
PA,Bryn Athyn,40.13139,-75.06778
PA,Bryn Mawr,40.02362,-75.32949
PA,Buck Hill Falls,41.18778,-75.26611
PA,Buckingham,40.32361,-75.06028
PA,Buena Vista,40.27864,-79.79187
PA,Buffalo Mills,39.92202,-78.69962
PA,Bulger,40.40512,-80.36219
PA,Bunola,40.23722,-79.95083
PA,Burgettstown,40.39011,-80.44449
PA,Burlington,41.77972,-76.60778
PA,Burnham,40.63612,-77.56246
PA,Burnside,40.81343,-78.78649
PA,Burnt Cabins,40.07528,-77.90172
PA,Bushkill,41.12848,-75.01321
PA,Butler,40.8621,-79.90272
PA,Byrnedale,41.28646,-78.50513
PA,Cabot,40.77972,-79.77085
PA,Cadogan,40.75392,-79.57983
PA,Cairnbrook,40.11447,-78.81008
PA,California,40.06253,-79.89532
PA,Callensburg,41.13238,-79.55695
PA,Callery,40.74056,-80.03667
PA,Calumet,40.21083,-79.48556
PA,Calvin,40.29867,-78.0237
PA,Cambra,41.19806,-76.30611
PA,Cambridge Springs,41.79461,-80.028
PA,Cammal,41.3809,-77.46202
PA,Camp Hill,40.2397,-76.9202
PA,Campbelltown,40.2775,-76.58556
PA,Camptown,41.73111,-76.235
PA,Canadensis,41.23379,-75.25729
PA,Canonsburg,40.27074,-80.15315
PA,Canton,41.65378,-76.85819
PA,Carbondale,41.58348,-75.50736
PA,Cardale,39.95667,-79.86639
PA,Carlisle,40.20388,-77.19953
PA,Carlton,41.48154,-80.0203
PA,Carmichaels,39.88255,-79.97101
PA,Carnegie,40.40294,-80.09153
PA,Carrolltown,40.58905,-78.70368
PA,Carversville,40.39079,-75.06313
PA,Cashtown,39.88444,-77.35972
PA,Cassandra,40.40861,-78.64083
PA,Cassville,40.29398,-78.02718
PA,Castanea,41.12472,-77.43
PA,Catasauqua,40.6557,-75.46927
PA,Catawissa,40.91803,-76.44159
PA,Cecil,40.32281,-80.20437
PA,Cedar Run,41.49897,-77.48891
PA,Cedars,40.2125,-75.36889
PA,Center Valley,40.53959,-75.42421
PA,Centerport,40.48611,-76.00778
PA,Centerville,41.72432,-79.79004
PA,Central City,40.09126,-78.84475
PA,Centre Hall,40.82543,-77.67423
PA,Chadds Ford,39.86477,-75.58852
PA,Chalfont,40.28918,-75.21494
PA,Chalk Hill,39.83028,-79.6025
PA,Chambersburg,39.93132,-77.65793
PA,Chambersville,40.70528,-79.15806
PA,Champion,40.04398,-79.32472
PA,Chandlers Valley,41.93417,-79.30389
PA,Charleroi,40.1404,-79.92002
PA,Chatham,39.85333,-75.82194
PA,Cheltenham,40.06033,-75.10477
PA,Cherry Tree,40.75539,-78.84736
PA,Cherryville,40.73848,-75.55213
PA,Chest Springs,40.58,-78.60722
PA,Chester,39.84982,-75.37469
PA,Chester Heights,39.89,-75.47583
PA,Chester Springs,40.09778,-75.63977
PA,Chestnut Ridge,39.98028,-79.80667
PA,Cheswick,40.56812,-79.841
PA,Cheyney,39.9175,-75.54874
PA,Chicora,40.94577,-79.74624
PA,Chinchilla,41.475,-75.6775
PA,Christiana,39.93563,-76.02598
PA,Clairton,40.29892,-79.9101
PA,Clarence,41.05848,-77.93121
PA,Clarendon,41.73022,-79.17195
PA,Claridge,40.36556,-79.6225
PA,Clarington,41.32327,-79.14656
PA,Clarion,41.21227,-79.37727
PA,Clark,41.28611,-80.42778
PA,Clarks Mills,41.38514,-80.17522
PA,Clarks Summit,41.48779,-75.70571
PA,Clarksburg,40.50393,-79.36768
PA,Clarksville,39.99406,-80.01239
PA,Claysburg,40.32924,-78.47966
PA,Claysville,40.13756,-80.3859
PA,Clearfield,41.02103,-78.44349
PA,Clearville,39.85328,-78.43918
PA,Clifford,41.64889,-75.59917
PA,Clifton Heights,39.92358,-75.29959
PA,Clinton,40.51315,-80.34228
PA,Clintonville,41.20022,-79.87338
PA,Clune,40.55361,-79.30667
PA,Clymer,40.66881,-79.01186
PA,Coal Center,40.09727,-79.8839
PA,Coal Township,40.80304,-76.49824
PA,Coaldale,40.82194,-75.91039
PA,Coalport,40.75032,-78.53524
PA,Coatesville,39.98431,-75.8253
PA,Coburn,40.86782,-77.49217
PA,Cochranton,41.52049,-80.05727
PA,Cochranville,39.87569,-75.92138
PA,Cocolamus,40.65671,-77.10675
PA,Codorus,39.81722,-76.84139
PA,Cogan Station,41.31517,-77.069
PA,Cokeburg,40.1008,-80.06515
PA,Collegeville,40.18928,-75.44876
PA,Colmar,40.27181,-75.26686
PA,Columbia,40.03908,-76.48622
PA,Columbia Cross Roads,41.84628,-76.79324
PA,Columbus,41.93815,-79.57307
PA,Colver,40.54109,-78.77843
PA,Commodore,40.70159,-78.91337
PA,Concord,40.24584,-77.70313
PA,Concordville,39.885,-75.5205
PA,Conestoga,39.9403,-76.35747
PA,Confluence,39.82125,-79.3513
PA,Conneaut Lake,41.6189,-80.30857
PA,Conneautville,41.74545,-80.34452
PA,Connellsville,40.02504,-79.58784
PA,Connoquenessing,40.81778,-80.01444
PA,Conshohocken,40.07985,-75.30133
PA,Conway,40.66492,-80.2349
PA,Conyngham,40.99194,-76.05694
PA,Cooksburg,41.33837,-79.19708
PA,Coolspring,40.95182,-78.92202
PA,Coopersburg,40.50755,-75.38878
PA,Cooperstown,41.498,-79.87568
PA,Coplay,40.68487,-75.51883
PA,Coral,40.49917,-79.17417
PA,Coraopolis,40.51324,-80.18969
PA,Cornwall,40.27361,-76.40639
PA,Corry,41.92259,-79.65674
PA,Corsica,41.18298,-79.17557
PA,Coudersport,41.78153,-78.00386
PA,Coulters,40.30306,-79.79444
PA,Coupon,40.53667,-78.51528
PA,Covington,41.7393,-77.1088
PA,Cowanesque,41.93306,-77.4975
PA,Cowansville,40.92298,-79.59461
PA,Crabtree,40.36222,-79.47083
PA,Craley,39.9475,-76.51083
PA,Cranberry,41.33718,-79.71912
PA,Cranberry Twp,40.69222,-80.12333
PA,Cranesville,41.91622,-80.30853
PA,Creamery,40.22,-75.41667
PA,Creekside,40.71989,-79.2014
PA,Creighton,40.58205,-79.78177
PA,Crescent,40.5575,-80.23028
PA,Cresco,41.1606,-75.26823
PA,Cresson,40.46078,-78.58607
PA,Cressona,40.62836,-76.19503
PA,Crosby,41.71336,-78.37464
PA,Cross Fork,41.47367,-77.80953
PA,Crown,41.38972,-79.27111
PA,Croydon,40.09332,-74.89908
PA,Crucible,39.94833,-79.965
PA,Crum Lynne,39.86846,-75.3374
PA,Crystal Spring,39.91997,-78.22584
PA,Cuddy,40.36007,-80.16443
PA,Cumbola,40.71167,-76.13806
PA,Curllsville,41.09861,-79.44694
PA,Curryville,40.27583,-78.33861
PA,Curtisville,40.64222,-79.85111
PA,Curwensville,40.96597,-78.52725
PA,Custer City,41.90583,-78.65194
PA,Cyclone,41.82633,-78.56674
PA,Dagus Mines,41.35389,-78.60583
PA,Daisytown,40.07435,-79.96704
PA,Dallas,41.36376,-75.95891
PA,Dallastown,39.90013,-76.64479
PA,Dalmatia,40.64831,-76.87971
PA,Dalton,41.5395,-75.70374
PA,Damascus,41.73662,-75.13115
PA,Danboro,40.35444,-75.13306
PA,Danielsville,40.78664,-75.5186
PA,Danville,40.97989,-76.6229
PA,Darby,39.91673,-75.26623
PA,Darlington,40.79684,-80.45561
PA,Darragh,40.26038,-79.67804
PA,Dauphin,40.38458,-76.9283
PA,Davidsville,40.22445,-78.93633
PA,Dawson,40.06377,-79.66022
PA,Dayton,40.8741,-79.26855
PA,De Lancey,40.98139,-78.97944
PA,De Young,41.57472,-78.91194
PA,Defiance,40.16111,-78.23
PA,Delano,40.84105,-76.06946
PA,Delaware Water Gap,40.98286,-75.14999
PA,Delmont,40.4139,-79.57638
PA,Delta,39.75175,-76.3441
PA,Denbo,40.01222,-79.93194
PA,Denver,40.22967,-76.11569
PA,Derrick City,41.97258,-78.56256
PA,Derry,40.33493,-79.33258
PA,Devault,40.07444,-75.53556
PA,Devon,40.04518,-75.42269
PA,Dewart,41.10917,-76.87694
PA,Dickerson Run,40.04556,-79.66667
PA,Dickson City,41.46231,-75.62434
PA,Dilliner,39.75554,-79.97714
PA,Dillsburg,40.09637,-77.03387
PA,Dilltown,40.46639,-79.00278
PA,Dimock,41.74639,-75.89861
PA,Dingmans Ferry,41.23997,-74.93802
PA,Distant,40.96944,-79.35694
PA,Dixonville,40.71639,-79.00722
PA,Donegal,40.09961,-79.38104
PA,Donora,40.17682,-79.86186
PA,Dornsife,40.75709,-76.7626
PA,Douglassville,40.27088,-75.73967
PA,Dover,40.00616,-76.85549
PA,Downingtown,40.01608,-75.71826
PA,Doylesburg,40.21719,-77.6862
PA,Doylestown,40.32039,-75.12999
PA,Dravosburg,40.35268,-79.88946
PA,Dresher,40.14314,-75.16238
PA,Drexel Hill,39.9492,-75.30348
PA,Drifting,41.02417,-78.10861
PA,Drifton,40.99972,-75.90583
PA,Driftwood,41.3764,-78.16319
PA,Drumore,39.8384,-76.24568
PA,Drums,41.02553,-75.97676
PA,Dry Run,40.17474,-77.76457
PA,Du Bois,41.12604,-78.7527
PA,Dublin,40.372,-75.20445
PA,Dudley,40.21945,-78.18382
PA,Duke Center,41.95402,-78.49227
PA,Dunbar,39.97217,-79.64305
PA,Duncannon,40.40868,-77.04725
PA,Duncansville,40.42623,-78.43833
PA,Dunlevy,40.11508,-79.8627
PA,Dunlo,40.29444,-78.72139
PA,Duquesne,40.37045,-79.85224
PA,Durham,40.57556,-75.22361
PA,Duryea,41.34856,-75.7611
PA,Dushore,41.52321,-76.40215
PA,Dysart,40.60885,-78.52707
PA,Eagles Mere,41.41083,-76.58222
PA,Eagleville,40.1567,-75.4045
PA,Earlington,40.32083,-75.37278
PA,Earlville,40.31667,-75.73722
PA,East Berlin,39.96455,-77.00725
PA,East Brady,40.97437,-79.63019
PA,East Butler,40.87778,-79.84667
PA,East Earl,40.13947,-76.02763
PA,East Freedom,40.3282,-78.44752
PA,East Greenville,40.41188,-75.50562
PA,East Hickory,41.5691,-79.38548
PA,East Mc Keesport,40.38394,-79.80788
PA,East Millsboro,39.98221,-79.96644
PA,East Petersburg,40.10078,-76.35117
PA,East Pittsburgh,40.40358,-79.83889
PA,East Prospect,39.97194,-76.52028
PA,East Smethport,41.80861,-78.41972
PA,East Smithfield,41.86312,-76.61721
PA,East Springfield,41.97936,-80.43034
PA,East Stroudsburg,41.03671,-75.17346
PA,East Texas,40.5475,-75.56167
PA,East Vandergrift,40.59806,-79.56139
PA,East Waterford,40.35419,-77.65279
PA,Easton,40.75333,-75.25167
PA,Eau Claire,41.13478,-79.79809
PA,Ebensburg,40.48011,-78.72629
PA,Ebervale,40.98611,-75.94167
PA,Edgemont,39.97472,-75.45083
PA,Edinboro,41.87563,-80.1356
PA,Edinburg,41.02761,-80.46318
PA,Effort,40.96695,-75.45229
PA,Eighty Four,40.18682,-80.0627
PA,Elco,40.07967,-79.87584
PA,Elderton,40.695,-79.34167
PA,Eldred,41.94893,-78.38844
PA,Elgin,41.90306,-79.74389
PA,Elizabeth,40.26557,-79.85684
PA,Elizabethtown,40.15533,-76.60255
PA,Elizabethville,40.55497,-76.83548
PA,Elkins Park,40.07306,-75.125
PA,Elkland,41.98817,-77.31339
PA,Elliottsburg,40.36243,-77.27035
PA,Ellsworth,40.10732,-80.02036
PA,Ellwood City,40.85902,-80.27461
PA,Elm,40.20389,-76.34917
PA,Elmhurst,41.37778,-75.545
PA,Elmora,40.5925,-78.74056
PA,Elrama,40.25194,-79.92528
PA,Elton,40.27972,-78.8025
PA,Elverson,40.15678,-75.78656
PA,Elysburg,40.86387,-76.55692
PA,Emeigh,40.69472,-78.78722
PA,Emigsville,40.02167,-76.72833
PA,Emlenton,41.20277,-79.747
PA,Emmaus,40.52929,-75.50099
PA,Emporium,41.51769,-78.25361
PA,Endeavor,41.58944,-79.38528
PA,Enola,40.29218,-76.94321
PA,Enon Valley,40.8721,-80.46118
PA,Entriken,40.33389,-78.19917
PA,Ephrata,40.17564,-76.18209
PA,Equinunk,41.81171,-75.18908
PA,Erie,42.12596,-80.08601
PA,Ernest,40.70426,-79.09694
PA,Erwinna,40.50869,-75.08037
PA,Essington,39.86686,-75.29352
PA,Etters,40.15451,-76.80186
PA,Evans City,40.78079,-80.0592
PA,Everett,40.00981,-78.37131
PA,Everson,40.09114,-79.58728
PA,Export,40.42518,-79.61102
PA,Exton,40.04682,-75.6432
PA,Factoryville,41.57617,-75.76518
PA,Fairbank,39.94333,-79.84972
PA,Fairchance,39.82288,-79.75505
PA,Fairfield,39.76269,-77.37682
PA,Fairhope,39.90905,-78.82752
PA,Fairless Hills,40.17482,-74.85192
PA,Fairmount City,41.04286,-79.27841
PA,Fairview,42.04074,-80.23951
PA,Fairview Village,40.1577,-75.3875
PA,Fallentimber,40.67192,-78.46591
PA,Falls,41.46668,-75.856
PA,Falls Creek,41.1455,-78.81279
PA,Fannettsburg,40.07169,-77.82101
PA,Farmington,39.807,-79.58319
PA,Farrell,41.21099,-80.49444
PA,Fawn Grove,39.75102,-76.43924
PA,Fayette City,40.0988,-79.83658
PA,Fayetteville,39.90654,-77.53096
PA,Feasterville Trevose,40.15119,-74.98376
PA,Felton,39.83601,-76.59372
PA,Fenelton,40.85546,-79.73715
PA,Ferndale,40.53361,-75.17917
PA,Finleyville,40.2593,-79.97531
PA,Fisher,41.26674,-79.24703
PA,Fishertown,40.12167,-78.58583
PA,Fleetville,41.59806,-75.715
PA,Fleetwood,40.44677,-75.8144
PA,Fleming,40.9125,-77.92861
PA,Flicksville,40.8648,-75.2073
PA,Flinton,40.70161,-78.48149
PA,Flourtown,40.10677,-75.21148
PA,Fogelsville,40.59304,-75.65679
PA,Folcroft,39.89051,-75.28212
PA,Folsom,39.89013,-75.32957
PA,Fombell,40.81253,-80.20731
PA,Forbes Road,40.35389,-79.52194
PA,Force,41.25778,-78.50139
PA,Ford City,40.73841,-79.51222
PA,Ford Cliff,40.76028,-79.53389
PA,Forest City,41.65459,-75.48725
PA,Forest Grove,40.29222,-75.05944
PA,Forestville,41.10583,-80.00611
PA,Forksville,41.52692,-76.60079
PA,Fort Hill,39.87728,-79.23535
PA,Fort Littleton,40.05437,-77.97568
PA,Fort Loudon,39.95469,-77.89836
PA,Fort Washington,40.13859,-75.20217
PA,Fort Washington,40.1744,-74.923
PA,Fountainville,40.33682,-75.15363
PA,Foxburg,41.16024,-79.65344
PA,Frackville,40.78254,-76.23114
PA,Franconia,40.30778,-75.35806
PA,Franklin,41.40478,-79.83089
PA,Franklintown,40.07667,-77.02861
PA,Frederick,40.29992,-75.53198
PA,Fredericksburg,40.45239,-76.42674
PA,Fredericktown,40.02375,-80.03094
PA,Fredonia,41.32414,-80.26987
PA,Freeburg,40.7675,-76.94296
PA,Freedom,40.68302,-80.21466
PA,Freeland,41.01956,-75.888
PA,Freeport,40.70328,-79.66299
PA,Frenchville,41.10379,-78.23447
PA,Friedens,40.011,-78.9033
PA,Friedensburg,40.6025,-76.24111
PA,Friendsville,41.91645,-76.02569
PA,Frostburg,40.96444,-79.03361
PA,Fryburg,41.37174,-79.4134
PA,Furlong,40.29452,-75.06495
PA,Gaines,41.74713,-77.568
PA,Galeton,41.72301,-77.65476
PA,Gallitzin,40.48772,-78.55544
PA,Gans,39.74278,-79.82444
PA,Gap,40.00202,-75.9978
PA,Garards Fort,39.81583,-80.02667
PA,Gardenville,40.3725,-75.10806
PA,Gardners,40.04276,-77.18773
PA,Garland,41.81611,-79.44417
PA,Garrett,39.86458,-79.06156
PA,Gastonville,40.25722,-79.99611
PA,Geigertown,40.2025,-75.83667
PA,Genesee,41.93531,-77.87359
PA,Georgetown,40.57428,-80.49002
PA,Germansville,40.71183,-75.71469
PA,Gettysburg,39.83204,-77.22231
PA,Gibbon Glade,39.73636,-79.5736
PA,Gibson,41.80333,-75.64444
PA,Gibsonia,40.62523,-79.94431
PA,Gifford,41.86071,-78.5846
PA,Gilbert,40.90887,-75.43137
PA,Gilberton,40.79944,-76.21278
PA,Gilbertsville,40.30594,-75.5953
PA,Gillett,41.95683,-76.77133
PA,Gipsy,40.80722,-78.87667
PA,Girard,41.98957,-80.31776
PA,Girardville,40.79216,-76.28581
PA,Gladwyne,40.04512,-75.28208
PA,Glasgow,40.7075,-78.44611
PA,Glassport,40.32595,-79.88832
PA,Glen Campbell,40.85077,-78.85554
PA,Glen Hope,40.79841,-78.49987
PA,Glen Lyon,41.17464,-76.07458
PA,Glen Mills,39.90152,-75.50487
PA,Glen Richey,40.93821,-78.47522
PA,Glen Riddle Lima,39.91722,-75.44083
PA,Glen Rock,39.78133,-76.74771
PA,Glenmoore,40.0846,-75.7711
PA,Glenolden,39.90485,-75.29456
PA,Glenshaw,40.53749,-79.96435
PA,Glenside,40.10959,-75.15496
PA,Glenville,39.75991,-76.86205
PA,Goodville,40.12556,-76.00361
PA,Gordon,40.75167,-76.33639
PA,Gordonville,40.0353,-76.11063
PA,Gouldsboro,41.2448,-75.50365
PA,Gradyville,39.94306,-75.46972
PA,Grampian,40.98177,-78.59491
PA,Grand Valley,41.77315,-79.54694
PA,Grantham,40.15639,-76.98917
PA,Grantville,40.36063,-76.67133
PA,Granville,40.54787,-77.61336
PA,Granville Summit,41.6973,-76.72183
PA,Grapeville,40.3038,-79.60319
PA,Grassflat,40.99588,-78.12835
PA,Gratz,40.61042,-76.71885
PA,Gray,40.13583,-79.09306
PA,Graysville,39.90917,-80.39522
PA,Great Bend,41.97751,-75.73274
PA,Greeley,41.43724,-75.01249
PA,Green Lane,40.35338,-75.43515
PA,Greencastle,39.78183,-77.74696
PA,Greenock,40.31222,-79.80694
PA,Greensboro,39.80448,-79.93992
PA,Greensburg,40.30736,-79.54244
PA,Greentown,41.33214,-75.28191
PA,Greenville,41.3994,-80.38034
PA,Grindstone,40.00841,-79.84045
PA,Grove City,41.1607,-80.08414
PA,Grover,41.61444,-76.8675
PA,Guys Mills,41.63327,-79.97144
PA,Gwynedd,40.20209,-75.25075
PA,Gwynedd Valley,40.18417,-75.25667
PA,Hadley,41.43302,-80.15354
PA,Halifax,40.47603,-76.89404
PA,Hallstead,41.9598,-75.7826
PA,Hamburg,40.5488,-75.98736
PA,Hamilton,40.92143,-79.09399
PA,Hamlin,41.40148,-75.35423
PA,Hannastown,40.35361,-79.49694
PA,Hanover,39.79429,-76.9812
PA,Harborcreek,42.17672,-79.94165
PA,Harford,41.77989,-75.67863
PA,Harleigh,40.98056,-75.97167
PA,Harleysville,40.26592,-75.38833
PA,Harmonsburg,41.66083,-80.31806
PA,Harmony,40.84965,-80.13812
PA,Harrisburg,40.26177,-76.88308
PA,Harrison City,40.37246,-79.67975
PA,Harrison Valley,41.94982,-77.68766
PA,Harrisonville,39.97614,-78.08408
PA,Harrisville,41.16309,-79.97964
PA,Hartleton,40.90056,-77.15639
PA,Hartstown,41.55087,-80.38132
PA,Harveys Lake,41.35918,-76.04506
PA,Harwick,40.55743,-79.80512
PA,Hastings,40.66587,-78.70292
PA,Hatboro,40.17855,-75.10718
PA,Hatfield,40.27783,-75.29751
PA,Haverford,40.00974,-75.31212
PA,Havertown,39.97736,-75.31061
PA,Hawk Run,40.94121,-78.21379
PA,Hawley,41.47868,-75.19782
PA,Hawthorn,41.02,-79.27472
PA,Hazel Hurst,41.70583,-78.58278
PA,Hazleton,40.96211,-75.97819
PA,Hegins,40.6669,-76.47317
PA,Heilwood,40.62083,-78.91528
PA,Hellertown,40.58172,-75.32551
PA,Hendersonville,40.29917,-80.1525
PA,Henryville,41.08891,-75.27975
PA,Hereford,40.44866,-75.57998
PA,Herman,40.83,-79.81139
PA,Herminie,40.24549,-79.71716
PA,Hermitage,41.2326,-80.45303
PA,Herndon,40.69179,-76.80076
PA,Herrick Center,41.76434,-75.50439
PA,Hershey,40.26377,-76.65452
PA,Hesston,40.41214,-78.12811
PA,Hibbs,39.93167,-79.88278
PA,Hickory,40.29251,-80.30251
PA,Hidden Valley,40.045,-79.11833
PA,Highspire,40.20835,-76.7853
PA,Hiller,40.0045,-79.89994
PA,Hilliards,41.10089,-79.82146
PA,Hillsdale,40.75167,-78.88528
PA,Hillsgrove,41.44816,-76.69791
PA,Hillsville,41.00778,-80.49694
PA,Hilltown,40.34762,-75.27118
PA,Holbrook,39.84888,-80.33845
PA,Holicong,40.33556,-75.04778
PA,Hollidaysburg,40.43873,-78.36863
PA,Hollsopple,40.2343,-78.95147
PA,Holmes,39.90028,-75.30867
PA,Holtwood,39.86315,-76.30082
PA,Home,40.78344,-79.16408
PA,Homer City,40.53838,-79.18394
PA,Homestead,40.39417,-79.9042
PA,Honesdale,41.57923,-75.25279
PA,Honey Brook,40.08323,-75.88432
PA,Honey Grove,40.4309,-77.57607
PA,Hookstown,40.54293,-80.43627
PA,Hooversville,40.14878,-78.91407
PA,Hop Bottom,41.6932,-75.78966
PA,Hopeland,40.23361,-76.2625
PA,Hopewell,40.11923,-78.3129
PA,Hopwood,39.86887,-79.70594
PA,Horsham,40.18206,-75.14793
PA,Hostetter,40.26611,-79.39861
PA,Houston,40.24249,-80.22094
PA,Houtzdale,40.83054,-78.3618
PA,Howard,41.02031,-77.67018
PA,Hughesville,41.25595,-76.71411
PA,Hummels Wharf,40.83167,-76.83611
PA,Hummelstown,40.2782,-76.70937
PA,Hunker,40.21495,-79.58236
PA,Hunlock Creek,41.24592,-76.08791
PA,Huntingdon,40.50227,-78.00503
PA,Huntingdon Valley,40.12969,-75.05898
PA,Huntington Mills,41.2009,-76.19734
PA,Hustontown,40.04411,-78.01484
PA,Hutchinson,40.22611,-79.73194
PA,Hyde,41.0025,-78.46278
PA,Hyde Park,40.6311,-79.58988
PA,Hydetown,41.6525,-79.72722
PA,Hyndman,39.80486,-78.73351
PA,Hyner,41.33167,-77.64444
PA,Ickesburg,40.43415,-77.34291
PA,Idaville,40.01472,-77.20306
PA,Imler,40.23186,-78.51672
PA,Immaculata,40.04389,-75.52694
PA,Imperial,40.45838,-80.26486
PA,Indian Head,40.0202,-79.39339
PA,Indiana,40.61963,-79.1596
PA,Indianola,40.57661,-79.88177
PA,Industry,40.6671,-80.41509
PA,Ingomar,40.58083,-80.06111
PA,Intercourse,40.0375,-76.10528
PA,Irvine,41.84328,-79.2863
PA,Irvona,40.80174,-78.56024
PA,Irwin,40.31923,-79.72386
PA,Isabella,39.94389,-79.93639
PA,Jackson,41.86488,-75.60914
PA,Jackson Center,41.28013,-80.10373
PA,Jacobs Creek,40.13306,-79.74194
PA,James City,41.59312,-78.85052
PA,James Creek,40.35667,-78.18868
PA,Jamestown,41.50603,-80.45646
PA,Jamison,40.2566,-75.09609
PA,Jeannette,40.32947,-79.61441
PA,Jefferson,39.93339,-80.05029
PA,Jenkintown,40.10048,-75.11727
PA,Jenners,40.14732,-79.05457
PA,Jennerstown,40.15972,-79.06667
PA,Jermyn,41.53272,-75.54295
PA,Jerome,40.20889,-78.98389
PA,Jersey Mills,41.35722,-77.40694
PA,Jersey Shore,41.20073,-77.2427
PA,Jessup,41.47244,-75.56889
PA,Jim Thorpe,40.87,-75.73967
PA,Joffre,40.38103,-80.39154
PA,Johnsonburg,41.49282,-78.67826
PA,Johnstown,40.32596,-78.91408
PA,Jones Mills,40.07977,-79.33993
PA,Jonestown,40.43607,-76.50384
PA,Josephine,40.47722,-79.18167
PA,Julian,40.89171,-77.93324
PA,Junedale,40.92333,-75.94194
PA,Kane,41.66186,-78.79778
PA,Kantner,40.10167,-78.93722
PA,Karns City,41.00219,-79.71602
PA,Karthaus,41.11364,-78.08751
PA,Keisterville,39.96139,-79.78278
PA,Kelayres,40.90083,-76.00389
PA,Kelton,39.7955,-75.87583
PA,Kemblesville,39.74889,-75.82444
PA,Kempton,40.63279,-75.85127
PA,Kennerdell,41.28476,-79.73931
PA,Kennett Square,39.85503,-75.70002
PA,Kent,40.53556,-79.28861
PA,Kersey,41.35627,-78.60152
PA,Kimberton,40.13056,-75.5725
PA,King Of Prussia,40.09558,-75.37371
PA,King Of Prussia,40.1024,-75.4785
PA,Kingsley,41.76586,-75.7831
PA,Kingston,41.27422,-75.89034
PA,Kintnersville,40.53101,-75.21171
PA,Kinzers,40.00533,-76.04933
PA,Kirkwood,39.82571,-76.09332
PA,Kittanning,40.81552,-79.51068
PA,Kleinfeltersville,40.30083,-76.24944
PA,Klingerstown,40.66757,-76.65071
PA,Knox,41.22452,-79.5194
PA,Knox Dale,41.08611,-79.02667
PA,Knoxville,41.95956,-77.43568
PA,Koppel,40.83417,-80.3225
PA,Kossuth,41.29022,-79.58825
PA,Kreamer,40.80306,-76.96417
PA,Kresgeville,40.89816,-75.50744
PA,Kulpmont,40.79328,-76.47438
PA,Kulpsville,40.24278,-75.33694
PA,Kunkletown,40.89989,-75.47597
PA,Kutztown,40.52135,-75.77739
PA,Kylertown,40.99333,-78.1675
PA,La Belle,39.97383,-79.93702
PA,La Jose,40.83012,-78.62337
PA,La Plume,41.55667,-75.75417
PA,Laceyville,41.66621,-76.14257
PA,Lackawaxen,41.50427,-75.07486
PA,Lafayette Hill,40.0896,-75.26005
PA,Lahaska,40.34639,-75.03194
PA,Lairdsville,41.23355,-76.58893
PA,Lake Ariel,41.43948,-75.43126
PA,Lake City,42.02036,-80.33883
PA,Lake Como,41.86655,-75.32308
PA,Lake Harmony,41.05424,-75.63313
PA,Lake Lynn,39.75006,-79.86184
PA,Lake Winola,41.51944,-75.84444
PA,Lakeville,41.42228,-75.26072
PA,Lakewood,41.81714,-75.38382
PA,Lamar,41.01611,-77.53139
PA,Lamartine,41.2225,-79.63417
PA,Lampeter,39.99,-76.24
PA,Lancaster,40.07538,-76.31989
PA,Landenberg,39.76956,-75.78071
PA,Landingville,40.62611,-76.12389
PA,Landisburg,40.33264,-77.31915
PA,Landisville,40.08825,-76.41497
PA,Lanesboro,41.95694,-75.58528
PA,Langeloth,40.365,-80.41417
PA,Langhorne,40.17506,-74.9151
PA,Lansdale,40.23778,-75.29551
PA,Lansdowne,39.93779,-75.26487
PA,Lanse,40.975,-78.12972
PA,Lansford,40.83144,-75.88283
PA,Laporte,41.42389,-76.49444
PA,Larimer,40.35184,-79.73663
PA,Latrobe,40.29263,-79.41028
PA,Lattimer Mines,40.95528,-76.0
PA,Laughlintown,40.20802,-79.18058
PA,Laurelton,40.91268,-77.20521
PA,Laurys Station,40.72306,-76.53056
PA,Lavelle,40.76333,-76.38306
PA,Lawn,40.22,-76.53944
PA,Lawrence,40.31162,-80.14403
PA,Lawrenceville,41.97827,-77.11355
PA,Lawton,41.75729,-76.09121
PA,Le Raysville,41.84342,-76.1796
PA,Lebanon,40.33591,-76.42589
PA,Leck Kill,40.71014,-76.62711
PA,Leckrone,39.86139,-79.87028
PA,Lecontes Mills,41.08306,-78.28361
PA,Lederach,40.26167,-75.40639
PA,Leechburg,40.6344,-79.6201
PA,Leeper,41.36707,-79.30218
PA,Leesport,40.41522,-75.99442
PA,Leetsdale,40.56616,-80.20987
PA,Lehigh Valley,40.5897,-75.4647
PA,Lehighton,40.83002,-75.70609
PA,Lehman,41.31694,-76.02278
PA,Leisenring,39.99833,-79.64306
PA,Lemasters,39.86111,-77.85972
PA,Lemont,40.81056,-77.81861
PA,Lemont Furnace,39.93106,-79.64768
PA,Lemoyne,40.24716,-76.89757
PA,Lenhartsville,40.57528,-75.85
PA,Lenni,39.89389,-75.44806
PA,Lenoxville,41.66771,-75.63193
PA,Leola,40.09645,-76.19211
PA,Levittown,40.16814,-74.82314
PA,Lewis Run,41.82112,-78.6805
PA,Lewisberry,40.1463,-76.87
PA,Lewisburg,40.9702,-76.90988
PA,Lewistown,40.59944,-77.57558
PA,Lewisville,39.7225,-75.87528
PA,Liberty,41.56557,-77.11951
PA,Lickingville,41.3789,-79.37152
PA,Lightstreet,41.03611,-76.42389
PA,Ligonier,40.24513,-79.23667
PA,Lilly,40.42384,-78.62306
PA,Limekiln,40.35194,-75.78917
PA,Limeport,40.50889,-75.4475
PA,Limestone,41.1334,-79.29929
PA,Lincoln University,39.7809,-75.88178
PA,Linden,41.24722,-77.15265
PA,Line Lexington,40.28878,-75.25553
PA,Linesville,41.66354,-80.42691
PA,Lionville,40.02889,-75.62111
PA,Listie,40.02806,-79.01361
PA,Lititz,40.16257,-76.29926
PA,Little Meadows,41.97659,-76.11847
PA,Littlestown,39.74955,-77.10033
PA,Liverpool,40.57527,-77.00833
PA,Llewellyn,40.67278,-76.27944
PA,Lock Haven,41.1425,-77.44359
PA,Locust Gap,40.77167,-76.44167
PA,Locustdale,40.77861,-76.37667
PA,Loganton,41.02832,-77.3204
PA,Loganville,39.85556,-76.70778
PA,Long Pond,41.06773,-75.44825
PA,Lopez,41.418,-76.30021
PA,Loretto,40.51048,-78.62936
PA,Lost Creek,40.80639,-76.24722
PA,Lowber,40.24583,-79.77111
PA,Loyalhanna,40.30199,-79.34416
PA,Loysburg,40.17458,-78.38644
PA,Loysville,40.36576,-77.41382
PA,Lucernemines,40.54531,-79.15735
PA,Lucinda,41.31238,-79.37537
PA,Ludlow,41.72841,-78.92435
PA,Lumberville,40.4071,-75.05517
PA,Lurgan,40.12742,-77.63506
PA,Luthersburg,41.05321,-78.74276
PA,Luxor,40.33417,-79.47833
PA,Luzerne,41.28426,-75.89347
PA,Lykens,40.59092,-76.70736
PA,Lyndell,40.05944,-75.745
PA,Lyndora,40.85507,-79.9214
PA,Lyon Station,40.48056,-75.75889
PA,Mackeyville,41.05444,-77.46167
PA,Macungie,40.52854,-75.56662
PA,Madera,40.82709,-78.42748
PA,Madison,40.24667,-79.67598
PA,Madisonburg,40.93341,-77.49496
PA,Mahanoy City,40.8123,-76.1396
PA,Mahanoy Plane,40.79444,-76.24222
PA,Mainesburg,41.79003,-76.96816
PA,Mainland,40.25583,-75.36056
PA,Malvern,40.03712,-75.53302
PA,Mammoth,40.20083,-79.46333
PA,Manchester,40.06946,-76.73324
PA,Manheim,40.17023,-76.41679
PA,Manns Choice,39.98079,-78.64226
PA,Manor,40.33822,-79.67122
PA,Manorville,40.78626,-79.52133
PA,Mansfield,41.81229,-77.07163
PA,Mapleton Depot,40.38641,-77.96044
PA,Mar Lin,40.67833,-76.24556
PA,Marble,41.32608,-79.44593
PA,Marchand,40.87541,-79.04515
PA,Marcus Hook,39.83393,-75.44831
PA,Marianna,40.03307,-80.11451
PA,Marienville,41.46224,-79.13058
PA,Marietta,40.06644,-76.56453
PA,Marion,39.85722,-77.69556
PA,Marion Center,40.78135,-79.02524
PA,Marion Heights,40.80458,-76.46514
PA,Markleton,39.8691,-79.28785
PA,Markleysburg,39.75972,-79.46003
PA,Mars,40.70051,-80.03577
PA,Marshalls Creek,41.04306,-75.12778
PA,Marsteller,40.65004,-78.81336
PA,Martin,39.80639,-79.91
PA,Martindale,40.15306,-76.08889
PA,Martins Creek,40.78333,-75.18667
PA,Martinsburg,40.29508,-78.32437
PA,Mary D,40.76,-76.05639
PA,Marysville,40.33506,-76.9722
PA,Masontown,39.83495,-79.89381
PA,Matamoras,41.36744,-74.71536
PA,Mather,39.94523,-80.08535
PA,Mattawana,40.49611,-77.72972
PA,Maxatawny,40.5425,-75.68917
PA,Mayport,40.99059,-79.2617
PA,Maytown,40.07528,-76.5825
PA,Mc Alisterville,40.64692,-77.2602
PA,Mc Clellandtown,39.89019,-79.85902
PA,Mc Clure,40.69908,-77.37579
PA,Mc Connellsburg,39.94425,-77.99012
PA,Mc Connellstown,40.46222,-78.05944
PA,Mc Donald,40.36966,-80.2562
PA,Mc Elhattan,41.16167,-77.355
PA,Mc Ewensville,41.07278,-76.81806
PA,Mc Grann,40.76929,-79.53086
PA,Mc Intyre,40.56722,-79.29583
PA,Mc Kean,41.99903,-80.14734
PA,Mc Kees Rocks,40.47174,-80.08757
PA,Mc Knightstown,39.87056,-77.32583
PA,Mc Sherrystown,39.80483,-77.01496
PA,Mc Veytown,40.50459,-77.71863
PA,Mcadoo,40.89791,-75.99712
PA,Mcgees Mills,40.88925,-78.72039
PA,Mckeesport,40.34115,-79.81052
PA,Meadow Lands,40.21917,-80.22083
PA,Meadville,41.63385,-80.14879
PA,Mechanicsburg,40.21417,-77.00889
PA,Mechanicsville,40.34382,-75.06296
PA,Media,39.91556,-75.40723
PA,Mehoopany,41.5587,-76.10346
PA,Melcroft,40.06479,-79.3587
PA,Mendenhall,39.85389,-75.64167
PA,Mentcle,40.63722,-78.8825
PA,Mercer,41.23254,-80.23402
PA,Mercersburg,39.81952,-77.90726
PA,Merion Station,40.00304,-75.2503
PA,Merrittstown,39.96485,-79.87445
PA,Mertztown,40.49918,-75.6872
PA,Meshoppen,41.63916,-76.01546
PA,Mexico,40.5375,-77.35361
PA,Meyersdale,39.79049,-79.02614
PA,Middleburg,40.79766,-77.0468
PA,Middlebury Center,41.89171,-77.31476
PA,Middleport,40.72944,-76.08583
PA,Middletown,40.20409,-76.73313
PA,Midland,40.65896,-80.46895
PA,Midway,40.36797,-80.29209
PA,Mifflin,40.57084,-77.41314
PA,Mifflinburg,40.92183,-77.05052
PA,Mifflintown,40.57267,-77.37612
PA,Mifflinville,41.02347,-76.2924
PA,Milan,41.89655,-76.53278
PA,Milanville,41.64921,-75.08818
PA,Mildred,41.47924,-76.38313
PA,Milesburg,40.94167,-77.78528
PA,Milford,41.32282,-74.88236
PA,Milford Square,40.43694,-75.39917
PA,Mill Creek,40.4471,-77.91769
PA,Mill Hall,41.08669,-77.48361
PA,Mill Run,39.96798,-79.46222
PA,Mill Village,41.87639,-79.97167
PA,Millersburg,40.55874,-76.93048
PA,Millerstown,40.55055,-77.12978
PA,Millersville,39.99821,-76.35657
PA,Millerton,41.96247,-76.97477
PA,Millheim,40.89631,-77.45053
PA,Millmont,40.88032,-77.19414
PA,Millrift,41.35827,-74.77388
PA,Mills,41.90248,-77.76205
PA,Millsboro,39.98667,-79.99389
PA,Millville,41.12605,-76.52077
PA,Milnesville,40.99028,-75.98306
PA,Milroy,40.72033,-77.55674
PA,Milton,41.01681,-76.83982
PA,Mineral Point,40.37925,-78.8352
PA,Mineral Springs,40.99806,-78.36389
PA,Minersville,40.69064,-76.26153
PA,Mingoville,40.93222,-77.64833
PA,Minisink Hills,40.99833,-75.1375
PA,Modena,39.96667,-75.8
PA,Mohnton,40.25844,-75.98332
PA,Mohrsville,40.47831,-76.01249
PA,Monaca,40.67185,-80.29174
PA,Monessen,40.15238,-79.88353
PA,Monocacy Station,40.26167,-75.76694
PA,Monongahela,40.19373,-79.92413
PA,Monroeton,41.69939,-76.501
PA,Monroeville,40.42903,-79.76228
PA,Mont Alto,39.84169,-77.55368
PA,Mont Clare,40.13642,-75.49993
PA,Montandon,40.97594,-76.85102
PA,Montgomery,41.17878,-76.88393
PA,Montgomeryville,40.25135,-75.23464
PA,Montoursville,41.26625,-76.90304
PA,Montrose,41.83958,-75.88205
PA,Moosic,41.36149,-75.71709
PA,Morann,40.78639,-78.36722
PA,Morgan,40.36043,-80.15406
PA,Morgantown,40.15525,-75.8998
PA,Morris,41.54752,-77.29197
PA,Morris Run,41.67294,-77.02777
PA,Morrisdale,41.00013,-78.23572
PA,Morrisville,40.21206,-74.82215
PA,Morton,39.90629,-75.32379
PA,Moscow,41.34319,-75.53014
PA,Moshannon,41.03419,-78.00947
PA,Mount Aetna,40.41917,-76.29556
PA,Mount Bethel,40.90084,-75.11155
PA,Mount Braddock,39.94278,-79.64472
PA,Mount Carmel,40.79554,-76.41947
PA,Mount Gretna,40.2475,-76.46972
PA,Mount Holly Springs,40.11836,-77.19081
PA,Mount Jewett,41.72474,-78.64461
PA,Mount Joy,40.10683,-76.50755
PA,Mount Morris,39.74429,-80.09676
PA,Mount Pleasant,40.17418,-79.51338
PA,Mount Pleasant Mills,40.70018,-77.00524
PA,Mount Pocono,41.12156,-75.35287
PA,Mount Union,40.39011,-77.8637
PA,Mount Wolf,40.07113,-76.69658
PA,Mountain Top,41.13497,-75.93764
PA,Mountainhome,41.2175,-75.21889
PA,Mountville,40.04274,-76.42769
PA,Muir,40.61361,-76.4682
PA,Muncy,41.21372,-76.76326
PA,Muncy Valley,41.38121,-76.54152
PA,Munson,40.9667,-78.18621
PA,Murrysville,40.44667,-79.68415
PA,Muse,40.29278,-80.20056
PA,Myerstown,40.37895,-76.31433
PA,Nanticoke,41.19634,-76.00442
PA,Nanty Glo,40.47044,-78.8375
PA,Narberth,40.01768,-75.2594
PA,Narvon,40.12517,-75.97558
PA,Natrona Heights,40.62886,-79.72562
PA,Nazareth,40.74496,-75.31993
PA,Needmore,39.87128,-78.14393
PA,Neelyton,40.13705,-77.85801
PA,Neffs,40.69444,-75.61
PA,Nelson,41.97872,-77.24191
PA,Nemacolin,39.87833,-79.925
PA,Nescopeck,41.04689,-76.19809
PA,Nesquehoning,40.86261,-75.82389
PA,New Albany,41.59867,-76.43983
PA,New Alexandria,40.39811,-79.39659
PA,New Baltimore,39.98583,-78.77306
PA,New Bedford,41.09722,-80.505
PA,New Berlin,40.88021,-76.98612
PA,New Berlinville,40.34528,-75.63333
PA,New Bethlehem,40.9999,-79.35265
PA,New Bloomfield,40.41933,-77.19384
PA,New Brighton,40.73933,-80.29722
PA,New Buffalo,40.45417,-76.97
PA,New Castle,40.99222,-80.32845
PA,New Columbia,41.05411,-76.90185
PA,New Cumberland,40.21511,-76.86891
PA,New Derry,40.33333,-79.30086
PA,New Eagle,40.20657,-79.95341
PA,New Enterprise,40.20001,-78.42592
PA,New Florence,40.38227,-79.0968
PA,New Freedom,39.74227,-76.68406
PA,New Freeport,39.75073,-80.45423
PA,New Galilee,40.85689,-80.3939
PA,New Geneva,39.78833,-79.90944
PA,New Germantown,40.30575,-77.5797
PA,New Holland,40.10051,-76.08014
PA,New Hope,40.35561,-74.98389
PA,New Kensington,40.57118,-79.74155
PA,New Kingstown,40.23306,-77.08
PA,New London,39.7825,-75.87583
PA,New Milford,41.86641,-75.71711
PA,New Millport,40.8853,-78.49454
PA,New Oxford,39.87746,-77.06433
PA,New Paris,40.11888,-78.58857
PA,New Park,39.76003,-76.50417
PA,New Philadelphia,40.72273,-76.11348
PA,New Providence,39.90978,-76.22432
PA,New Ringgold,40.71485,-75.94841
PA,New Salem,39.94075,-79.80407
PA,New Stanton,40.22335,-79.61819
PA,New Tripoli,40.65454,-75.74174
PA,New Wilmington,41.13815,-80.32454
PA,Newburg,40.13333,-77.56691
PA,Newell,40.07556,-79.89833
PA,Newfoundland,41.30412,-75.3384
PA,Newmanstown,40.31794,-76.2426
PA,Newport,40.48266,-77.16587
PA,Newry,40.39361,-78.43583
PA,Newton Hamilton,40.39167,-77.83722
PA,Newtown,40.24582,-74.94313
PA,Newtown Square,39.98629,-75.407
PA,Newville,40.18547,-77.4114
PA,Nicholson,41.6412,-75.76407
PA,Nicktown,40.60162,-78.81139
PA,Nineveh,39.97433,-80.31281
PA,Normalville,40.04179,-79.41506
PA,Norristown,40.0959,-75.3733
PA,Norristown,40.12446,-75.33045
PA,North Apollo,40.59611,-79.55583
PA,North Bend,41.35,-77.7025
PA,North East,42.20079,-79.83318
PA,North Springfield,41.99444,-80.42528
PA,North Versailles,40.37625,-79.81243
PA,North Wales,40.21659,-75.25648
PA,North Washington,41.04778,-79.81361
PA,Northampton,40.69976,-75.48742
PA,Northern Cambria,40.67331,-78.77706
PA,Northpoint,40.9037,-79.12566
PA,Northumberland,40.90436,-76.79079
PA,Norvelt,40.20806,-79.49778
PA,Norwood,39.88703,-75.29725
PA,Nottingham,39.74411,-76.03555
PA,Noxen,41.41813,-76.04595
PA,Nu Mine,40.79611,-79.28333
PA,Numidia,40.88056,-76.4025
PA,Nuremberg,40.93806,-76.17
PA,Oak Ridge,41.0075,-79.29611
PA,Oakdale,40.42873,-80.20261
PA,Oakland Mills,40.61475,-77.31924
PA,Oakmont,40.51965,-79.83687
PA,Oaks,40.13167,-75.46
PA,Ohiopyle,39.8732,-79.48846
PA,Oil City,41.43194,-79.69165
PA,Olanta,40.90562,-78.50008
PA,Old Forge,41.37008,-75.73907
PA,Old Zionsville,40.48639,-75.52056
PA,Oley,40.38331,-75.77057
PA,Oliveburg,40.99638,-79.0382
PA,Oliver,39.91166,-79.7156
PA,Olyphant,41.46771,-75.6015
PA,Oneida,40.9075,-76.12583
PA,Ono,40.40278,-76.535
PA,Orangeville,41.10156,-76.38097
PA,Orbisonia,40.23887,-77.90692
PA,Orefield,40.62483,-75.5974
PA,Oreland,40.1132,-75.18685
PA,Orrstown,40.07305,-77.63976
PA,Orrtanna,39.88103,-77.38059
PA,Orson,41.81361,-75.44833
PA,Orviston,41.07539,-77.62031
PA,Orwigsburg,40.64307,-76.084
PA,Osceola,41.98477,-77.35398
PA,Osceola Mills,40.87221,-78.27571
PA,Ottsville,40.45924,-75.15701
PA,Oxford,39.7827,-75.98152
PA,Palm,40.43167,-75.53312
PA,Palmerton,40.81698,-75.60112
PA,Palmyra,40.30105,-76.58861
PA,Paoli,40.04259,-75.4827
PA,Paradise,39.98525,-76.10807
PA,Parker,41.10089,-79.68889
PA,Parker Ford,40.19944,-75.58417
PA,Parkesburg,39.96539,-75.92604
PA,Parkhill,40.35939,-78.86943
PA,Parryville,40.81806,-75.67306
PA,Patton,40.62304,-78.63503
PA,Paupack,41.3812,-75.23032
PA,Paxinos,40.84481,-76.63504
PA,Paxtonville,40.77028,-77.08389
PA,Peach Bottom,39.77051,-76.17908
PA,Peach Glen,40.02306,-77.23028
PA,Peckville,41.48212,-75.58988
PA,Pen Argyl,40.85182,-75.27012
PA,Penfield,41.20852,-78.57911
PA,Penn,40.33008,-79.64134
PA,Penn Run,40.62682,-78.9716
PA,Penns Creek,40.85972,-77.05556
PA,Penns Park,40.26583,-74.99833
PA,Pennsburg,40.39114,-75.48661
PA,Pennsylvania Furnace,40.72819,-77.95407
PA,Penryn,40.205,-76.36861
PA,Pequea,39.90577,-76.32087
PA,Perkasie,40.37653,-75.2648
PA,Perkiomenville,40.31566,-75.50218
PA,Perryopolis,40.08572,-79.75438
PA,Petersburg,40.60297,-77.9984
PA,Petrolia,41.04421,-79.77107
PA,Philadelphia,39.865,-75.2752
PA,Philadelphia,40.1162,-75.0141
PA,Philipsburg,40.88625,-78.21901
PA,Phoenixville,40.1267,-75.52719
PA,Picture Rocks,41.27972,-76.71333
PA,Pillow,40.64083,-76.80278
PA,Pine Forge,40.28278,-75.69111
PA,Pine Grove,40.56709,-76.32691
PA,Pine Grove Mills,40.73361,-77.88583
PA,Pineville,40.29611,-75.00611
PA,Pipersville,40.4262,-75.1074
PA,Pitcairn,40.40479,-79.77695
PA,Pitman,40.70487,-76.5233
PA,Pittsburgh,40.47454,-79.95252
PA,Pittsfield,41.83663,-79.41962
PA,Pittston,41.3175,-75.78849
PA,Plainfield,40.20306,-77.29028
PA,Pleasant Hall,40.04135,-77.70315
PA,Pleasant Mount,41.7322,-75.39894
PA,Pleasant Unity,40.23944,-79.45111
PA,Pleasantville,41.5867,-79.5685
PA,Plumsteadville,40.38722,-75.14694
PA,Plumville,40.79306,-79.18083
PA,Plymouth,41.2458,-75.94806
PA,Plymouth Meeting,40.10773,-75.27956
PA,Pocono Lake,41.11866,-75.55586
PA,Pocono Lake Preserve,41.10528,-75.47639
PA,Pocono Manor,41.1,-75.35917
PA,Pocono Pines,41.10539,-75.47604
PA,Pocono Summit,41.10399,-75.41355
PA,Pocopson,39.90028,-75.62611
PA,Point Marion,39.73512,-79.89899
PA,Point Pleasant,40.4225,-75.06667
PA,Polk,41.35831,-79.93461
PA,Pomeroy,39.96417,-75.88694
PA,Port Allegany,41.81692,-78.27991
PA,Port Carbon,40.69773,-76.16605
PA,Port Clinton,40.58179,-76.02665
PA,Port Matilda,40.80182,-78.07879
PA,Port Royal,40.51068,-77.43096
PA,Port Trevorton,40.69959,-76.90821
PA,Portage,40.3842,-78.67175
PA,Porters Sideling,39.82528,-76.895
PA,Portersville,40.94865,-80.17297
PA,Portland,40.92306,-75.09694
PA,Pottersdale,41.1868,-78.03406
PA,Potts Grove,40.99361,-76.78944
PA,Pottstown,40.24299,-75.63926
PA,Pottstown,40.24528,-75.65
PA,Pottsville,40.68398,-76.21232
PA,Poyntelle,41.82056,-75.42028
PA,Presto,40.38466,-80.12092
PA,Preston Park,41.86726,-75.38315
PA,Pricedale,40.13139,-79.84444
PA,Prompton,41.58203,-75.32075
PA,Prospect,40.90494,-80.0679
PA,Prospect Park,39.88574,-75.30817
PA,Prosperity,40.0224,-80.26126
PA,Pulaski,41.09421,-80.46851
PA,Punxsutawney,40.94794,-78.96806
PA,Quakake,40.84934,-75.98248
PA,Quakertown,40.4411,-75.35067
PA,Quarryville,39.89493,-76.14646
PA,Quecreek,40.08972,-79.07944
PA,Queen,40.25917,-78.50778
PA,Quentin,40.27944,-76.43861
PA,Quincy,39.80333,-77.57472
PA,Railroad,39.76056,-76.69861
PA,Ralston,41.50382,-76.95835
PA,Ramey,40.80151,-78.39982
PA,Ransom,41.39417,-75.82222
PA,Ravine,40.57444,-76.40417
PA,Reading,40.34662,-75.93513
PA,Reamstown,40.21139,-76.12361
PA,Rebersburg,40.95491,-77.40532
PA,Rebuck,40.71254,-76.74061
PA,Rector,40.18644,-79.24733
PA,Red Hill,40.37581,-75.48461
PA,Red Lion,39.90257,-76.60807
PA,Reeders,40.98953,-75.27811
PA,Reedsville,40.67219,-77.61159
PA,Refton,39.94722,-76.23306
PA,Rehrersburg,40.4575,-76.24472
PA,Reinholds,40.26876,-76.10133
PA,Renfrew,40.81,-79.977
PA,Reno,41.40972,-79.7525
PA,Renovo,41.33338,-77.74479
PA,Republic,39.96143,-79.90291
PA,Revere,40.51528,-75.16139
PA,Revloc,40.49222,-78.76444
PA,Rew,41.91222,-78.53541
PA,Rexmont,40.27722,-76.38278
PA,Reynoldsville,41.06294,-78.89615
PA,Rheems,40.13,-76.57083
PA,Rices Landing,39.94399,-79.9857
PA,Riceville,41.7775,-79.80306
PA,Richboro,40.21667,-75.00294
PA,Richeyville,40.05333,-80.00222
PA,Richfield,40.68842,-77.1223
PA,Richland,40.38059,-76.26545
PA,Richlandtown,40.47217,-75.32193
PA,Riddlesburg,40.16194,-78.25472
PA,Ridgway,41.43157,-78.72971
PA,Ridley Park,39.87841,-75.32152
PA,Riegelsville,40.57824,-75.21906
PA,Rillton,40.28245,-79.72821
PA,Rimersburg,41.03943,-79.51068
PA,Ringgold,40.99973,-79.17658
PA,Ringtown,40.85585,-76.23493
PA,Riverside,40.95127,-76.63746
PA,Rixford,41.93461,-78.45865
PA,Roaring Branch,41.56923,-76.94205
PA,Roaring Spring,40.32775,-78.39284
PA,Robertsdale,40.17867,-78.1117
PA,Robesonia,40.35528,-76.13659
PA,Robinson,40.40765,-79.13793
PA,Rochester,40.71574,-80.26032
PA,Rochester Mills,40.81948,-78.99798
PA,Rock Glen,40.96463,-76.16376
PA,Rockhill Furnace,40.24278,-77.90028
PA,Rockton,41.08057,-78.65766
PA,Rockwood,39.9373,-79.18655
PA,Rogersville,39.90051,-80.28366
PA,Rome,41.8634,-76.3015
PA,Ronco,39.86972,-79.92056
PA,Ronks,40.02075,-76.16613
PA,Roscoe,40.07869,-79.86562
PA,Rossiter,40.88455,-78.94135
PA,Rossville,40.07222,-76.9275
PA,Roulette,41.77379,-78.15384
PA,Rouseville,41.46889,-79.69111
PA,Rouzerville,39.73667,-77.53528
PA,Rowland,41.47111,-75.0425
PA,Roxbury,40.11028,-77.66222
PA,Royersford,40.19286,-75.53055
PA,Ruffs Dale,40.15846,-79.62774
PA,Rural Ridge,40.58556,-79.82889
PA,Rural Valley,40.78849,-79.2991
PA,Rushland,40.2575,-75.03111
PA,Russell,41.94611,-79.12708
PA,Russellton,40.61434,-79.8371
PA,Sabinsville,41.85641,-77.53782
PA,Sacramento,40.63524,-76.61283
PA,Sadsburyville,39.98167,-75.89167
PA,Saegertown,41.72675,-80.14786
PA,Sagamore,40.78,-79.22806
PA,Saint Benedict,40.61185,-78.73833
PA,Saint Boniface,40.66667,-78.68111
PA,Saint Clair,40.71927,-76.19238
PA,Saint Johns,41.02806,-76.00639
PA,Saint Marys,41.42895,-78.55053
PA,Saint Michael,40.33625,-78.783
PA,Saint Peters,40.18,-75.73111
PA,Saint Petersburg,41.16167,-79.65306
PA,Saint Thomas,39.92405,-77.7908
PA,Salford,40.29583,-75.45472
PA,Salfordville,40.29333,-75.43333
PA,Salina,40.52167,-79.49833
PA,Salisbury,39.75305,-79.08352
PA,Salix,40.30063,-78.7437
PA,Salona,41.08417,-77.46333
PA,Saltillo,40.21056,-78.00694
PA,Saltsburg,40.47924,-79.44284
PA,Sandy Lake,41.33834,-80.04974
PA,Sandy Ridge,40.81472,-78.23583
PA,Sarver,40.71428,-79.74243
PA,Sassamansville,40.34194,-75.5725
PA,Saxonburg,40.7361,-79.83522
PA,Saxton,40.2233,-78.24714
PA,Saylorsburg,40.91718,-75.37476
PA,Sayre,41.98422,-76.52176
PA,Scenery Hill,40.09938,-80.09141
PA,Schaefferstown,40.29833,-76.29472
PA,Schellsburg,40.04869,-78.64819
PA,Schenley,40.68444,-79.66194
PA,Schnecksville,40.68195,-75.62392
PA,Schuylkill Haven,40.63057,-76.16997
PA,Schwenksville,40.24709,-75.46016
PA,Sciota,40.92828,-75.29378
PA,Scotland,39.96861,-77.5875
PA,Scotrun,41.07515,-75.32646
PA,Scottdale,40.10295,-79.59302
PA,Scranton,41.3731,-75.6841
PA,Seanor,40.23119,-78.8909
PA,Selinsgrove,40.82237,-76.86825
PA,Sellersville,40.36202,-75.31895
PA,Seltzer,40.69528,-76.23417
PA,Seminole,40.95472,-79.34306
PA,Seneca,41.37444,-79.6759
PA,Seven Valleys,39.85561,-76.73834
PA,Seward,40.40991,-79.02322
PA,Sewickley,40.55703,-80.15785
PA,Shade Gap,40.17298,-77.86804
PA,Shady Grove,39.77778,-77.66889
PA,Shamokin,40.79034,-76.56112
PA,Shamokin Dam,40.84861,-76.82
PA,Shanksville,40.01778,-78.9075
PA,Sharon,41.23155,-80.49934
PA,Sharon Hill,39.90351,-75.26952
PA,Sharpsville,41.26765,-80.46564
PA,Shartlesville,40.51278,-76.10472
PA,Shavertown,41.2998,-75.97108
PA,Shawanese,41.35139,-76.03444
PA,Shawnee On Delaware,41.01222,-75.11111
PA,Shawville,41.06917,-78.35833
PA,Sheakleyville,41.44278,-80.20806
PA,Sheffield,41.70053,-79.03481
PA,Shelocta,40.63879,-79.31907
PA,Shenandoah,40.81674,-76.2035
PA,Sheppton,40.88807,-76.13795
PA,Shermans Dale,40.3299,-77.18086
PA,Shickshinny,41.17667,-76.1671
PA,Shinglehouse,41.95718,-78.19062
PA,Shippensburg,40.05136,-77.51948
PA,Shippenville,41.24749,-79.4332
PA,Shippingport,40.62601,-80.41987
PA,Shirleysburg,40.31677,-77.87006
PA,Shoemakersville,40.49549,-75.96031
PA,Shohola,41.41819,-74.91796
PA,Shrewsbury,39.76013,-76.67483
PA,Shunk,41.55357,-76.74552
PA,Sidman,40.32987,-78.74597
PA,Sigel,41.30992,-79.05396
PA,Silver Spring,40.06417,-76.4375
PA,Silverdale,40.3475,-75.27139
PA,Sinnamahoning,41.3762,-78.06607
PA,Sipesville,40.09917,-79.09139
PA,Six Mile Run,40.15758,-78.21081
PA,Skippack,40.22278,-75.39917
PA,Skytop,41.22778,-75.23861
PA,Slate Run,41.47278,-77.50194
PA,Slatedale,40.74444,-75.65694
PA,Slatington,40.7407,-75.62161
PA,Slickville,40.46535,-79.50665
PA,Sligo,41.11394,-79.48049
PA,Slippery Rock,41.04541,-80.04685
PA,Slovan,40.36309,-80.39924
PA,Smethport,41.80206,-78.47023
PA,Smicksburg,40.83719,-79.16143
PA,Smithfield,39.79231,-79.81268
PA,Smithmill,40.76781,-78.39944
PA,Smithton,40.14427,-79.73128
PA,Smock,39.9961,-79.76783
PA,Smokerun,40.79472,-78.42778
PA,Smoketown,40.04065,-76.22007
PA,Snow Shoe,41.03758,-77.95228
PA,Snydersburg,41.33278,-79.35583
PA,Snydertown,40.8741,-76.67494
PA,Solebury,40.38056,-75.00861
PA,Somerset,40.02481,-79.08081
PA,Souderton,40.3128,-75.32134
PA,South Canaan,41.50528,-75.4125
PA,South Fork,40.36288,-78.78867
PA,South Gibson,41.75437,-75.60672
PA,South Heights,40.57361,-80.23583
PA,South Montrose,41.79722,-75.89167
PA,South Mountain,39.84639,-77.48806
PA,South Park,40.2922,-80.00114
PA,South Sterling,41.27122,-75.38144
PA,Southampton,40.19021,-75.00599
PA,Southeastern,40.0631,-75.4047
PA,Southview,40.32778,-80.25917
PA,Southwest,40.19889,-79.52111
PA,Spangler,40.64808,-78.76906
PA,Spartansburg,41.79365,-79.68492
PA,Spinnerstown,40.43889,-75.4375
PA,Spraggs,39.76104,-80.26219
PA,Sprankle Mills,41.01846,-79.07781
PA,Spring Church,40.61533,-79.45449
PA,Spring City,40.17648,-75.56969
PA,Spring Creek,41.84683,-79.56554
PA,Spring Glen,40.63345,-76.63502
PA,Spring Grove,39.85721,-76.87736
PA,Spring House,40.18695,-75.2375
PA,Spring Mills,40.85775,-77.57403
PA,Spring Mount,40.27556,-75.45694
PA,Spring Run,40.14663,-77.74053
PA,Springboro,41.81135,-80.37528
PA,Springdale,40.544,-79.78445
PA,Springfield,39.9296,-75.33379
PA,Springs,39.74889,-79.08895
PA,Springtown,40.55639,-75.28972
PA,Springville,41.71468,-75.90247
PA,Sproul,40.2725,-78.46083
PA,Spruce Creek,40.62177,-78.13608
PA,St Clairsville,40.15858,-78.50993
PA,Stahlstown,40.13859,-79.34447
PA,Star Junction,40.0832,-79.75546
PA,Starford,40.70097,-78.98032
PA,Starlight,41.92509,-75.32124
PA,Starrucca,41.89074,-75.449
PA,State College,40.79252,-77.85228
PA,State Line,39.72472,-77.72472
PA,Sterling,41.34191,-75.39447
PA,Stevens,40.2194,-76.1626
PA,Stevensville,41.77178,-76.1717
PA,Stewartstown,39.77196,-76.59704
PA,Stillwater,41.15152,-76.36962
PA,Stockdale,40.08257,-79.8501
PA,Stockertown,40.75389,-75.2625
PA,Stoneboro,41.34385,-80.09761
PA,Stoystown,40.10989,-78.95598
PA,Strabane,40.21691,-80.14616
PA,Strasburg,39.97008,-76.18482
PA,Strattanville,41.1955,-79.30819
PA,Strausstown,40.49222,-76.18333
PA,Strongstown,40.56279,-78.91296
PA,Stroudsburg,40.9877,-75.24852
PA,Stump Creek,41.0125,-78.8375
PA,Sturgeon,40.38472,-80.21111
PA,Sugar Grove,41.94754,-79.31861
PA,Sugar Run,41.60406,-76.25978
PA,Sugarloaf,40.99713,-76.07166
PA,Summerdale,40.30889,-76.92778
PA,Summerhill,40.38896,-78.75598
PA,Summerville,41.10582,-79.17258
PA,Summit Hill,40.82552,-75.86928
PA,Summit Station,40.56389,-76.20472
PA,Sumneytown,40.32889,-75.45139
PA,Sunbury,40.85512,-76.77761
PA,Suplee,40.09944,-75.87944
PA,Susquehanna,41.94867,-75.58625
PA,Sutersville,40.23821,-79.79222
PA,Swarthmore,39.89672,-75.34743
PA,Sweet Valley,41.30663,-76.13391
PA,Swengel,40.89222,-77.12694
PA,Swiftwater,41.08794,-75.34828
PA,Sybertsville,41.00139,-76.07667
PA,Sycamore,39.95273,-80.2282
PA,Sykesville,41.05137,-78.81951
PA,Sylvania,41.805,-76.85722
PA,Tafton,41.36944,-75.1016
PA,Talmage,40.0,-76.21361
PA,Tamaqua,40.79832,-75.97353
PA,Tamiment,41.16811,-74.95261
PA,Tannersville,41.0482,-75.30998
PA,Tarentum,40.61865,-79.7852
PA,Tarrs,40.16192,-79.5661
PA,Tatamy,40.74083,-75.2575
PA,Taylor,41.39044,-75.71585
PA,Taylorstown,40.15972,-80.37833
PA,Telford,40.32048,-75.352
PA,Temple,40.4025,-75.90458
PA,Templeton,40.94188,-79.44988
PA,Terre Hill,40.15854,-76.05108
PA,Thomasville,39.93462,-76.88216
PA,Thompson,41.83395,-75.53422
PA,Thompsontown,40.59078,-77.20755
PA,Thorndale,40.00013,-75.76286
PA,Thornton,39.90413,-75.53134
PA,Three Springs,40.18344,-77.99412
PA,Tidioute,41.70301,-79.37522
PA,Timblin,40.96839,-79.20135
PA,Tioga,41.91245,-77.13929
PA,Tiona,41.74694,-79.0675
PA,Tionesta,41.51162,-79.36633
PA,Tipton,40.63583,-78.29611
PA,Tire Hill,40.26861,-78.91611
PA,Titusville,41.63816,-79.68549
PA,Tobyhanna,41.18364,-75.39178
PA,Todd,40.25775,-78.10035
PA,Topton,40.50294,-75.70153
PA,Torrance,40.41722,-79.22306
PA,Toughkenamon,39.82512,-75.78253
PA,Towanda,41.76376,-76.46453
PA,Tower City,40.58447,-76.55002
PA,Townville,41.68558,-79.87668
PA,Trafford,40.38515,-79.75516
PA,Transfer,41.3244,-80.41974
PA,Treichlers,40.73417,-75.54417
PA,Tremont,40.62684,-76.3988
PA,Tresckow,40.91333,-75.96694
PA,Trevorton,40.78187,-76.67023
PA,Trexlertown,40.55442,-75.60229
PA,Trout Run,41.41248,-77.00978
PA,Troutville,41.02556,-78.78556
PA,Troxelville,40.80306,-77.20556
PA,Troy,41.77815,-76.77114
PA,Trumbauersville,40.41056,-75.37861
PA,Tunkhannock,41.55069,-75.94104
PA,Turbotville,41.11187,-76.74249
PA,Turkey City,41.18528,-79.61361
PA,Turtle Creek,40.41135,-79.82205
PA,Turtlepoint,41.88466,-78.33079
PA,Tuscarora,40.77,-76.03778
PA,Twin Rocks,40.51825,-78.86049
PA,Tyler Hill,41.67087,-75.15425
PA,Tylersburg,41.38472,-79.3225
PA,Tylersport,40.34944,-75.38139
PA,Tylersville,40.99056,-77.42528
PA,Tyrone,40.6619,-78.24191
PA,Uledi,39.89611,-79.79056
PA,Ulster,41.84081,-76.48757
PA,Ulysses,41.8459,-77.71256
PA,Union City,41.89385,-79.84546
PA,Union Dale,41.70794,-75.54648
PA,Uniontown,39.88973,-79.72822
PA,Unionville,39.89528,-75.73472
PA,United,40.21833,-79.48806
PA,Unity House,41.14528,-75.00806
PA,Unityville,41.24355,-76.51832
PA,University Park,40.80194,-77.85667
PA,Upper Black Eddy,40.54109,-75.12586
PA,Upper Darby,39.95785,-75.26813
PA,Upperstrasburg,40.05799,-77.73679
PA,Ursina,39.8175,-79.32806
PA,Utica,41.47985,-79.94029
PA,Uwchland,40.05972,-75.65361
PA,Valencia,40.70183,-79.92353
PA,Valier,40.92285,-79.08326
PA,Valley Forge,40.08,-75.4159
PA,Valley Forge,40.0969,-75.47
PA,Valley View,40.64447,-76.54484
PA,Van Voorhis,40.15611,-79.97444
PA,Vanderbilt,40.02458,-79.69552
PA,Vandergrift,40.60588,-79.56553
PA,Venango,41.79197,-80.12535
PA,Venetia,40.27545,-80.05985
PA,Venus,41.37611,-79.50477
PA,Verona,40.49273,-79.83454
PA,Vestaburg,40.01611,-79.99
PA,Vicksburg,40.93861,-76.98833
PA,Villa Maria,41.07361,-80.5075
PA,Villanova,40.03988,-75.34587
PA,Vintondale,40.49395,-78.94267
PA,Virginville,40.52389,-75.87333
PA,Volant,41.09377,-80.24413
PA,Vowinckel,41.37864,-79.27455
PA,Wagontown,40.01056,-75.84306
PA,Wallaceton,40.95972,-78.28917
PA,Wallingford,39.88705,-75.37213
PA,Walnut Bottom,40.08604,-77.40898
PA,Walnutport,40.76147,-75.56575
PA,Walston,40.965,-78.995
PA,Waltersburg,39.99047,-79.78034
PA,Wampum,40.88188,-80.33918
PA,Wapwallopen,41.06797,-76.08573
PA,Warfordsburg,39.76976,-78.19863
PA,Warminster,40.20668,-75.09051
PA,Warren,41.84526,-79.14286
PA,Warren Center,41.93939,-76.19644
PA,Warrendale,40.66415,-80.0807
PA,Warrington,40.24644,-75.13539
PA,Warriors Mark,40.74141,-78.07748
PA,Washington,40.17169,-80.25596
PA,Washington Boro,39.98812,-76.4402
PA,Washington Crossing,40.29191,-74.88286
PA,Washingtonville,41.05167,-76.675
PA,Waterfall,40.07387,-78.04771
PA,Waterford,41.96027,-79.99963
PA,Waterville,41.31136,-77.36037
PA,Watsontown,41.10201,-76.85319
PA,Wattsburg,42.03911,-79.83628
PA,Waverly,41.52639,-75.70583
PA,Waymart,41.57028,-75.40648
PA,Wayne,40.0435,-75.388
PA,Waynesboro,39.7635,-77.56736
PA,Waynesburg,39.89169,-80.17952
PA,Weatherly,40.94109,-75.83064
PA,Webster,40.185,-79.84889
PA,Weedville,41.2685,-78.49517
PA,Weikert,40.85833,-77.29556
PA,Wellersburg,39.73278,-78.85056
PA,Wells Tannery,40.101,-78.14027
PA,Wellsboro,41.73734,-77.30802
PA,Wellsville,40.05572,-76.94432
PA,Wendel,40.29556,-79.68667
PA,Wernersville,40.32929,-76.09014
PA,West Alexander,40.10651,-80.49777
PA,West Chester,39.98446,-75.59623
PA,West Decatur,40.94931,-78.31294
PA,West Elizabeth,40.27083,-79.89944
PA,West Finley,39.9914,-80.44081
PA,West Grove,39.82531,-75.83737
PA,West Hickory,41.56861,-79.40833
PA,West Lebanon,40.6025,-79.35389
PA,West Leisenring,39.95917,-79.6975
PA,West Middlesex,41.17405,-80.45276
PA,West Middletown,40.24278,-80.4275
PA,West Mifflin,40.36653,-79.89429
PA,West Milton,40.96444,-76.88472
PA,West Newton,40.20755,-79.75798
PA,West Pittsburg,40.93278,-80.36361
PA,West Point,40.20667,-75.29972
PA,West Salisbury,39.75417,-79.09528
PA,West Springfield,41.94646,-80.46501
PA,West Sunbury,41.0026,-79.87513
PA,West Willow,39.97278,-76.28833
PA,Westfield,41.91906,-77.53097
PA,Westland,40.27722,-80.27333
PA,Westmoreland City,40.2768,-79.5477
PA,Weston,40.94139,-76.1425
PA,Westover,40.76152,-78.73548
PA,Westport,41.27445,-77.9315
PA,Westtown,39.93083,-75.55222
PA,Wexford,40.61204,-80.06488
PA,Wheatland,41.20083,-80.49806
PA,White,40.0726,-79.42512
PA,White Deer,41.07583,-76.875
PA,White Haven,41.07905,-75.77149
PA,White Mills,41.52611,-75.20389
PA,Whitehall,40.64748,-75.49538
PA,Whitney,40.25333,-79.41056
PA,Wickhaven,40.12306,-79.77306
PA,Wiconisco,40.56751,-76.70908
PA,Widnoon,40.96111,-79.4675
PA,Wilburton,40.81209,-76.39292
PA,Wilcox,41.57347,-78.68229
PA,Wildwood,40.59417,-79.97028
PA,Wilkes Barre,41.24489,-75.88406
PA,Williamsburg,40.43736,-78.22555
PA,Williamson,39.85306,-77.79778
PA,Williamsport,41.24722,-77.02057
PA,Williamstown,40.58076,-76.62226
PA,Willow Grove,40.14673,-75.1213
PA,Willow Hill,40.11369,-77.79695
PA,Willow Street,39.967,-76.27524
PA,Wilmerding,40.39342,-79.80303
PA,Wilmore,40.38861,-78.71889
PA,Winburne,40.96778,-78.15623
PA,Wind Gap,40.81692,-75.32638
PA,Wind Ridge,39.89711,-80.46466
PA,Windber,40.2287,-78.83029
PA,Windsor,39.92327,-76.55913
PA,Winfield,40.89081,-76.87183
PA,Witmer,40.04806,-76.21167
PA,Womelsdorf,40.37433,-76.19851
PA,Wood,40.16833,-78.13667
PA,Woodbury,40.21847,-78.36657
PA,Woodland,41.00983,-78.32144
PA,Woodlyn,39.87599,-75.34631
PA,Woodward,40.91157,-77.34827
PA,Woolrich,41.18873,-77.33131
PA,Worcester,40.20111,-75.34694
PA,Worthington,40.83444,-79.63853
PA,Worthville,41.02377,-79.13868
PA,Woxall,40.31056,-75.44917
PA,Wrightsville,39.99656,-76.52697
PA,Wyalusing,41.7015,-76.27543
PA,Wyano,40.19722,-79.6975
PA,Wycombe,40.28222,-75.01917
PA,Wyncote,40.08667,-75.15242
PA,Wynnewood,40.0,-75.27598
PA,Wyoming,41.31971,-75.85407
PA,Wysox,41.78262,-76.3834
PA,Yatesboro,40.8,-79.33444
PA,Yeagertown,40.64356,-77.56882
PA,York,39.96354,-76.72689
PA,York Haven,40.12215,-76.77372
PA,York New Salem,39.90306,-76.78917
PA,York Springs,40.00839,-77.10614
PA,Youngstown,40.27972,-79.36583
PA,Youngsville,41.85365,-79.31871
PA,Youngwood,40.23948,-79.58229
PA,Yukon,40.21553,-79.68494
PA,Zelienople,40.73136,-80.12856
PA,Zieglerville,40.28167,-75.48546
PA,Zion Grove,40.93715,-76.23103
PA,Zionhill,40.48417,-75.39417
PA,Zionsville,40.47342,-75.52615
PA,Zullinger,39.77,-77.63
PR,Adjuntas,18.1788,-66.7516
PR,Aguada,18.38139,-67.18861
PR,Aguadilla,18.4554,-67.1308
PR,Aguas Buenas,18.25833,-66.105
PR,Aguirre,18.25,-66.10306
PR,Aibonito,18.14167,-66.265
PR,Anasco,18.28472,-67.14
PR,Angeles,18.28694,-66.79972
PR,Arecibo,18.4389,-66.6924
PR,Arroyo,17.96333,-66.06333
PR,Bajadero,18.42861,-66.68361
PR,Barceloneta,18.4525,-66.53889
PR,Barranquitas,18.18833,-66.30833
PR,Bayamon,18.3406,-66.1663
PR,Boqueron,18.02889,-67.16944
PR,Cabo Rojo,18.08361,-67.14889
PR,Caguas,18.2297,-66.0458
PR,Camuy,18.48583,-66.84528
PR,Canovanas,18.37972,-65.90667
PR,Carolina,18.4353,-66.0143
PR,Castaner,18.2165,-66.8681
PR,Catano,18.4375,-66.141
PR,Cayey,18.1134,-66.1521
PR,Ceiba,18.2531,-65.656
PR,Ciales,18.33806,-66.46917
PR,Cidra,18.17667,-66.16167
PR,Coamo,18.08194,-66.35833
PR,Comerio,18.21833,-66.225
PR,Corozal,18.34306,-66.31722
PR,Coto Laurel,18.0545,-66.5625
PR,Culebra,18.305,-65.30139
PR,Dorado,18.46444,-66.27028
PR,Ensenada,17.96833,-66.93333
PR,Fajardo,18.33028,-65.65722
PR,Florida,18.36444,-66.56167
PR,Fort Buchanan,18.46,-66.11
PR,Garrochales,18.45972,-66.61139
PR,Guanica,17.97361,-66.90833
PR,Guayama,17.9856,-66.1307
PR,Guayanilla,18.02,-66.79
PR,Guaynabo,18.4326,-66.1173
PR,Gurabo,18.255,-65.9775
PR,Hatillo,18.48833,-66.82583
PR,Hormigueros,18.14,-67.12833
PR,Humacao,18.1415,-65.8216
PR,Isabela,18.49667,-67.02639
PR,Jayuya,18.22056,-66.59194
PR,Juana Diaz,18.05444,-66.50694
PR,Juncos,18.22944,-65.92139
PR,La Plata,18.15639,-66.23333
PR,Lajas,18.05,-67.06167
PR,Lares,18.29667,-66.8775
PR,Las Marias,18.29528,-67.14667
PR,Las Piedras,18.18333,-65.86333
PR,Loiza,18.43333,-65.88056
PR,Luquillo,18.37444,-65.71694
PR,Manati,18.42583,-66.47167
PR,Maricao,18.18278,-66.98028
PR,Maunabo,18.00917,-65.89972
PR,Mayaguez,18.2011,-67.1172
PR,Mercedita,18.0052,-66.5602
PR,Moca,18.395,-67.16333
PR,Morovis,18.32778,-66.40694
PR,Naguabo,18.21333,-65.73667
PR,Naranjito,18.30167,-66.24667
PR,Orocovis,18.22889,-66.39139
PR,Palmer,18.3725,-65.77444
PR,Patillas,18.00833,-66.01333
PR,Penuelas,18.05833,-66.72194
PR,Ponce,18.01556,-66.58
PR,Puerto Real,18.07917,-67.18556
PR,Punta Santiago,18.16833,-65.74861
PR,Quebradillas,18.47583,-66.93889
PR,Rincon,18.34,-67.25
PR,Rio Blanco,18.22028,-65.78889
PR,Rio Grande,18.37944,-65.83889
PR,Roosevelt Roads,18.2674,-65.6483
PR,Rosario,18.16333,-67.08167
PR,Sabana Grande,18.07972,-66.96083
PR,Sabana Hoyos,18.43583,-66.61417
PR,Sabana Seca,18.42889,-66.185
PR,Saint Just,18.37,-66.01222
PR,Salinas,17.97944,-66.29833
PR,San Antonio,18.4475,-66.29806
PR,San German,18.08361,-67.04528
PR,San Juan,18.4652,-66.1071
PR,San Lorenzo,18.19139,-65.96139
PR,San Sebastian,18.33861,-66.99056
PR,Santa Isabel,17.96806,-66.40528
PR,Toa Alta,18.3664,-66.2333
PR,Toa Baja,18.45194,-66.18194
PR,Trujillo Alto,18.344,-66.0053
PR,Utuado,18.2675,-66.70083
PR,Vega Alta,18.41417,-66.33167
PR,Vega Baja,18.4385,-66.3983
PR,Vieques,18.42639,-65.83556
PR,Villalba,18.12917,-66.4925
PR,Yabucoa,18.0525,-65.87972
PR,Yauco,18.03694,-66.85028
RI,Adamsville,41.55444,-71.13167
RI,Albion,41.95111,-71.455
RI,Ashaway,41.42305,-71.78374
RI,Barrington,41.74433,-71.3175
RI,Block Island,41.17155,-71.57483
RI,Bradford,41.41145,-71.74645
RI,Bristol,41.68247,-71.26756
RI,Carolina,41.46941,-71.65028
RI,Central Falls,41.88826,-71.39453
RI,Charlestown,41.40075,-71.66146
RI,Chepachet,41.91549,-71.67948
RI,Clayville,41.77776,-71.67059
RI,Coventry,41.69143,-71.57679
RI,Cranston,41.77657,-71.43833
RI,Cumberland,41.94835,-71.41542
RI,East Greenwich,41.64978,-71.47401
RI,East Providence,41.81378,-71.36879
RI,Exeter,41.57403,-71.60763
RI,Fiskeville,41.73417,-71.54861
RI,Forestdale,41.94583,-71.70028
RI,Foster,41.78146,-71.71875
RI,Glendale,41.97611,-71.63306
RI,Greene,41.70615,-71.73561
RI,Greenville,41.87341,-71.55692
RI,Harmony,41.88778,-71.59722
RI,Harrisville,41.97638,-71.65341
RI,Hope,41.7516,-71.56122
RI,Hope Valley,41.50697,-71.73486
RI,Hopkinton,41.46111,-71.77806
RI,Jamestown,41.5164,-71.37611
RI,Johnston,41.82643,-71.49765
RI,Kenyon,41.47769,-71.68399
RI,Kingston,41.48029,-71.52924
RI,Lincoln,41.90891,-71.43478
RI,Little Compton,41.52204,-71.16121
RI,Manville,41.96888,-71.47411
RI,Mapleville,41.94806,-71.64917
RI,Middletown,41.54556,-71.29194
RI,Narragansett,41.43531,-71.46164
RI,Newport,41.5045,-71.30348
RI,North Kingstown,41.58943,-71.46249
RI,North Providence,41.85341,-71.47406
RI,North Scituate,41.8439,-71.62419
RI,North Smithfield,41.96667,-71.55
RI,Oakland,41.96364,-71.64293
RI,Pascoag,41.96273,-71.70987
RI,Pawtucket,41.87287,-71.39071
RI,Peace Dale,41.45157,-71.50006
RI,Portsmouth,41.5944,-71.25202
RI,Providence,41.8255,-71.4114
RI,Prudence Island,41.61361,-71.31183
RI,Riverside,41.77231,-71.35424
RI,Rockville,41.51972,-71.76167
RI,Rumford,41.84247,-71.35594
RI,Saunderstown,41.51053,-71.44269
RI,Shannock,41.44833,-71.63722
RI,Slatersville,42.00148,-71.5682
RI,Slocum,41.52124,-71.53717
RI,Smithfield,41.89638,-71.52067
RI,Tiverton,41.63384,-71.18082
RI,Wakefield,41.43019,-71.52514
RI,Warren,41.72562,-71.27017
RI,Warwick,41.7026,-71.44759
RI,West Greenwich,41.63998,-71.64355
RI,West Kingston,41.50672,-71.59908
RI,West Warwick,41.70043,-71.51835
RI,Westerly,41.36913,-71.81264
RI,Wood River Junction,41.45377,-71.70951
RI,Woonsocket,41.99948,-71.51368
RI,Wyoming,41.52336,-71.68397
SC,Abbeville,34.18186,-82.37845
SC,Adams Run,32.74932,-80.3682
SC,Aiken,33.55302,-81.71943
SC,Alcolu,33.7684,-80.17878
SC,Allendale,33.00768,-81.32025
SC,Anderson,34.52605,-82.63044
SC,Andrews,33.45253,-79.56044
SC,Arcadia,34.95806,-81.99083
SC,Awendaw,32.95148,-79.68608
SC,Aynor,33.98227,-79.17773
SC,Ballentine,34.12417,-81.2375
SC,Bamberg,33.27792,-81.01774
SC,Barnwell,33.23349,-81.35231
SC,Batesburg,33.93859,-81.54899
SC,Bath,33.50444,-81.86917
SC,Beaufort,32.4335,-80.6728
SC,Beech Island,33.42722,-81.89111
SC,Belton,34.50872,-82.51011
SC,Bennettsville,34.6255,-79.68983
SC,Bethera,33.20139,-79.78833
SC,Bethune,34.42012,-80.36621
SC,Bishopville,34.2241,-80.27499
SC,Blacksburg,35.11505,-81.508
SC,Blackstock,34.57788,-81.12486
SC,Blackville,33.36448,-81.27184
SC,Blair,34.49667,-81.34595
SC,Blenheim,34.50203,-79.65942
SC,Bluffton,32.25127,-80.87208
SC,Blythewood,34.19111,-80.97576
SC,Boiling Springs,35.0342,-81.9775
SC,Bonneau,33.29733,-79.92164
SC,Bowling Green,35.14972,-81.2125
SC,Bowman,33.34747,-80.67087
SC,Bradley,34.03259,-82.20272
SC,Branchville,33.2628,-80.80593
SC,Brunson,32.9413,-81.18072
SC,Buffalo,34.7247,-81.68258
SC,Cades,33.81202,-79.81757
SC,Calhoun Falls,34.09991,-82.58054
SC,Camden,34.26964,-80.591
SC,Cameron,33.55779,-80.6466
SC,Campobello,35.108,-82.14034
SC,Canadys,33.05667,-80.62
SC,Carlisle,34.61433,-81.50911
SC,Cassatt,34.34241,-80.49999
SC,Catawba,34.85071,-80.93415
SC,Cayce,33.96257,-81.06708
SC,Centenary,34.03083,-79.35583
SC,Central,34.74007,-82.79473
SC,Chapin,34.13116,-81.33182
SC,Chappells,34.23583,-81.83525
SC,Charleston,32.77951,-79.93707
SC,Charleston,32.96222,-79.86533
SC,Charleston Afb,32.89582,-80.06769
SC,Cheraw,34.68628,-79.91741
SC,Chesnee,35.1154,-81.86783
SC,Chester,34.7149,-81.21856
SC,Chesterfield,34.72783,-80.09577
SC,Clarks Hill,33.65052,-82.14875
SC,Clearwater,33.49667,-81.89222
SC,Clemson,34.68306,-82.825
SC,Cleveland,35.06537,-82.60926
SC,Clifton,34.97944,-81.81806
SC,Clinton,34.47069,-81.87717
SC,Clio,34.58052,-79.54525
SC,Clover,35.11073,-81.18636
SC,Columbia,34.0004,-81.03342
SC,Columbia,34.07261,-81.17962
SC,Conestee,34.76806,-82.35
SC,Converse,34.99194,-81.835
SC,Conway,33.87307,-79.05571
SC,Coosawhatchie,32.48306,-80.98306
SC,Cope,33.37255,-80.96311
SC,Cordesville,33.16213,-79.92049
SC,Cordova,33.42753,-80.88572
SC,Cottageville,32.96117,-80.47941
SC,Coward,33.99051,-79.75152
SC,Cowpens,35.03898,-81.82202
SC,Crocketville,32.91639,-81.0775
SC,Cross,33.33637,-80.1859
SC,Cross Anchor,34.64278,-81.85806
SC,Cross Hill,34.26927,-81.98428
SC,Dale,32.55639,-80.69
SC,Dalzell,34.01441,-80.46653
SC,Darlington,34.30029,-79.87322
SC,Daufuskie Island,32.10417,-80.88556
SC,Davis Station,33.6025,-80.26472
SC,Denmark,33.32093,-81.14072
SC,Dillon,34.41455,-79.37702
SC,Donalds,34.39977,-82.36662
SC,Dorchester,33.12469,-80.4034
SC,Drayton,34.96778,-81.90667
SC,Due West,34.33443,-82.40016
SC,Duncan,34.91765,-82.12582
SC,Early Branch,32.62889,-81.03001
SC,Easley,34.82903,-82.57955
SC,Eastover,33.91527,-80.69965
SC,Edgefield,33.80555,-81.96602
SC,Edgemoor,34.79701,-80.9891
SC,Edisto Island,32.54857,-80.30701
SC,Effingham,34.09457,-79.79182
SC,Ehrhardt,33.10444,-81.02214
SC,Elgin,34.16196,-80.81129
SC,Elko,33.38028,-81.37972
SC,Elliott,34.11715,-80.17544
SC,Elloree,33.49061,-80.56784
SC,Enoree,34.67095,-81.92373
SC,Estill,32.73751,-81.21777
SC,Eutawville,33.39219,-80.31998
SC,Fair Play,34.57755,-82.99987
SC,Fairfax,32.95146,-81.25864
SC,Fairforest,34.95639,-82.01028
SC,Fingerville,35.13389,-82.00667
SC,Florence,34.18375,-79.77279
SC,Folly Beach,32.655,-79.94056
SC,Fork,34.28733,-79.25006
SC,Fort Lawn,34.70064,-80.90918
SC,Fort Mill,35.00737,-80.94508
SC,Fort Mill,35.02417,-81.02806
SC,Fountain Inn,34.65333,-82.26459
SC,Furman,32.68139,-81.18833
SC,Gable,33.84099,-80.08138
SC,Gadsden,33.84546,-80.7532
SC,Gaffney,35.06151,-81.64906
SC,Galivants Ferry,34.1238,-79.10591
SC,Garnett,32.60067,-81.23963
SC,Gaston,33.83371,-81.1174
SC,Georgetown,33.43078,-79.32346
SC,Gifford,32.85944,-81.23917
SC,Gilbert,33.95805,-81.39136
SC,Glendale,34.94472,-81.83778
SC,Gloverville,33.52583,-81.83028
SC,Goose Creek,32.9887,-80.01995
SC,Gramling,35.07667,-82.13278
SC,Graniteville,33.56302,-81.81469
SC,Gray Court,34.58098,-82.15703
SC,Great Falls,34.57053,-80.91326
SC,Greeleyville,33.59664,-79.98022
SC,Green Pond,32.66283,-80.52804
SC,Green Sea,34.20511,-79.05161
SC,Greenville,34.84716,-82.40605
SC,Greenville,34.9137,-82.0978
SC,Greenwood,34.1758,-82.15621
SC,Greer,34.8968,-82.26744
SC,Gresham,33.90694,-79.35643
SC,Grover,33.105,-80.595
SC,Hamer,34.48456,-79.37787
SC,Hampton,32.87288,-81.09733
SC,Hardeeville,32.26351,-81.06687
SC,Harleyville,33.22051,-80.45009
SC,Hartsville,34.37562,-80.08424
SC,Heath Springs,34.60242,-80.71031
SC,Hemingway,33.74189,-79.44889
SC,Hickory Grove,34.97083,-81.4306
SC,Hilda,33.27333,-81.24722
SC,Hilton Head Island,32.1632,-80.7533
SC,Hodges,34.28817,-82.21422
SC,Holly Hill,33.32759,-80.40239
SC,Hollywood,32.72231,-80.25957
SC,Honea Path,34.44172,-82.42547
SC,Hopkins,33.93487,-80.84491
SC,Horatio,34.02111,-80.56611
SC,Huger,33.01844,-79.80725
SC,Inman,35.0528,-82.05401
SC,Irmo,34.11025,-81.19655
SC,Islandton,32.95032,-80.89159
SC,Isle Of Palms,32.79425,-79.77295
SC,Iva,34.31985,-82.65744
SC,Jackson,33.33889,-81.79763
SC,Jacksonboro,32.77,-80.45472
SC,Jamestown,33.2288,-79.71555
SC,Jefferson,34.65458,-80.36393
SC,Jenkinsville,34.27169,-81.27115
SC,Joanna,34.4068,-81.81907
SC,Johns Island,32.7097,-80.09429
SC,Johnsonville,33.82987,-79.47826
SC,Johnston,33.82308,-81.79724
SC,Jonesville,34.83737,-81.68422
SC,Kershaw,34.55781,-80.55463
SC,Kinards,34.35522,-81.71975
SC,Kingstree,33.68784,-79.78322
SC,La France,34.61194,-82.76528
SC,Ladson,32.99302,-80.1257
SC,Ladys Island,32.4446,-80.6412
SC,Lake City,33.86547,-79.74179
SC,Lake View,34.34449,-79.19287
SC,Lamar,34.18904,-80.03013
SC,Lancaster,34.74901,-80.76158
SC,Lando,34.77611,-81.01028
SC,Landrum,35.15649,-82.21147
SC,Lane,33.50827,-79.87154
SC,Langley,33.51778,-81.84417
SC,Latta,34.33983,-79.4417
SC,Laurens,34.50071,-82.02677
SC,Leesville,33.91317,-81.45975
SC,Lexington,33.98139,-81.23639
SC,Liberty,34.78719,-82.69743
SC,Liberty Hill,34.47806,-80.80194
SC,Little Mountain,34.16757,-81.41837
SC,Little River,33.87681,-78.65083
SC,Little Rock,34.4048,-79.32695
SC,Lobeco,32.5525,-80.74361
SC,Lockhart,34.78639,-81.46222
SC,Lodge,32.98226,-80.93464
SC,Long Creek,34.75495,-83.18473
SC,Longs,33.90641,-78.79336
SC,Loris,34.05576,-78.9161
SC,Lowndesville,34.26624,-82.57102
SC,Lugoff,34.22961,-80.71471
SC,Luray,32.86177,-81.22351
SC,Lydia,34.28889,-80.1125
SC,Lyman,34.96844,-82.14348
SC,Lynchburg,34.0526,-80.09882
SC,Manning,33.66772,-80.22208
SC,Marietta,35.02964,-82.51362
SC,Marion,34.15619,-79.38982
SC,Martin,33.10929,-81.5003
SC,Mauldin,34.78068,-82.30351
SC,Mayesville,34.04646,-80.23493
SC,Mayo,35.08389,-81.86
SC,Mc Bee,34.46056,-80.25443
SC,Mc Clellanville,33.10472,-79.47998
SC,Mc Coll,34.67041,-79.55974
SC,Mc Connells,34.86767,-81.2368
SC,Mc Cormick,33.91465,-82.27186
SC,Miley,32.94778,-81.03194
SC,Minturn,34.51694,-79.4725
SC,Modoc,33.72489,-82.20347
SC,Moncks Corner,33.16307,-80.03658
SC,Monetta,33.77473,-81.5363
SC,Montmorenci,33.52778,-81.63667
SC,Moore,34.88345,-82.01789
SC,Mount Carmel,33.97032,-82.43607
SC,Mount Croghan,34.7439,-80.24279
SC,Mount Pleasant,32.81621,-79.85203
SC,Mountain Rest,34.85412,-83.1134
SC,Mountville,34.34079,-81.95843
SC,Mullins,34.20444,-79.25415
SC,Murrells Inlet,33.55072,-79.05275
SC,Myrtle Beach,33.7587,-78.80445
SC,Neeses,33.53428,-81.08343
SC,Nesmith,33.59165,-79.5513
SC,New Ellenton,33.41724,-81.68738
SC,New Zion,33.79574,-80.01475
SC,Newberry,34.28466,-81.61574
SC,Newry,34.725,-82.91
SC,Nichols,34.24263,-79.16249
SC,Ninety Six,34.1652,-82.02918
SC,Norris,34.76547,-82.75549
SC,North,33.62112,-81.0601
SC,North Augusta,33.51777,-81.93479
SC,North Charleston,32.85121,-79.97644
SC,North Charleston,32.9331,-80.08646
SC,North Charleston,33.0562,-80.0759
SC,North Myrtle Beach,33.8228,-78.67792
SC,Norway,33.4534,-81.10974
SC,Okatie,32.32778,-80.84778
SC,Olanta,33.92854,-79.91535
SC,Olar,33.18364,-81.16404
SC,Orangeburg,33.50254,-80.85928
SC,Pacolet,34.90171,-81.7587
SC,Pacolet Mills,34.9225,-81.74278
SC,Pageland,34.77219,-80.39661
SC,Pamplico,33.99217,-79.59292
SC,Parksville,33.78611,-82.21972
SC,Patrick,34.55982,-80.06498
SC,Pauline,34.77481,-81.85785
SC,Pawleys Island,33.45083,-79.13413
SC,Peak,34.24056,-81.32361
SC,Pelion,33.77663,-81.25016
SC,Pelzer,34.64606,-82.46733
SC,Pendleton,34.63694,-82.74062
SC,Pickens,34.9024,-82.70578
SC,Piedmont,34.72443,-82.47022
SC,Pineland,32.60207,-81.17612
SC,Pineville,33.41993,-80.09318
SC,Pinewood,33.76422,-80.49776
SC,Pinopolis,33.22413,-80.03976
SC,Plum Branch,33.83289,-82.24804
SC,Pomaria,34.30628,-81.44997
SC,Port Royal,32.38421,-80.69278
SC,Prosperity,34.18324,-81.53235
SC,Rains,34.0975,-79.31583
SC,Ravenel,32.78809,-80.22235
SC,Reevesville,33.18721,-80.66725
SC,Reidville,34.86278,-82.11444
SC,Rembert,34.10847,-80.49454
SC,Richburg,34.68218,-80.98906
SC,Richland,34.67778,-83.02556
SC,Ridge Spring,33.8714,-81.65595
SC,Ridgeland,32.49194,-80.94943
SC,Ridgeville,33.10802,-80.30861
SC,Ridgeway,34.31665,-80.92881
SC,Rion,34.30694,-81.12528
SC,Rock Hill,34.91507,-81.0129
SC,Roebuck,34.8688,-81.95255
SC,Round O,32.94052,-80.57388
SC,Rowesville,33.37026,-80.83312
SC,Ruby,34.73793,-80.19097
SC,Ruffin,33.01032,-80.81365
SC,Russellville,33.39694,-79.97194
SC,Saint George,33.18453,-80.57325
SC,Saint Helena Island,32.38021,-80.53386
SC,Saint Matthews,33.69421,-80.85629
SC,Saint Stephen,33.40595,-79.93764
SC,Salem,34.87284,-82.96069
SC,Salley,33.59723,-81.31842
SC,Salters,33.56114,-79.83002
SC,Saluda,34.01745,-81.7754
SC,Sandy Springs,34.59528,-82.75
SC,Santee,33.48353,-80.4805
SC,Sardinia,33.83417,-80.08306
SC,Scotia,32.68083,-81.24361
SC,Scranton,33.92813,-79.7731
SC,Seabrook,32.52688,-80.74079
SC,Sellers,34.26952,-79.43695
SC,Seneca,34.7347,-82.9482
SC,Sharon,34.9084,-81.37291
SC,Shaw A F B,33.98026,-80.48109
SC,Sheldon,32.60139,-80.79333
SC,Silverstreet,34.23555,-81.70368
SC,Simpsonville,34.73694,-82.25444
SC,Six Mile,34.82829,-82.82779
SC,Slater,35.03167,-82.49528
SC,Smoaks,33.09632,-80.81302
SC,Smyrna,35.03078,-81.38961
SC,Society Hill,34.45116,-79.88649
SC,Spartanburg,34.93521,-81.96538
SC,Springfield,33.53426,-81.24986
SC,Starr,34.3962,-82.68971
SC,Startex,34.92833,-82.09917
SC,State Park,34.09056,-80.96639
SC,Sullivans Island,32.76365,-79.83991
SC,Summerton,33.59458,-80.36057
SC,Summerville,33.02804,-80.17385
SC,Sumter,33.9282,-80.32101
SC,Sunset,34.97062,-82.80764
SC,Swansea,33.73392,-81.09331
SC,Sycamore,33.03556,-81.22222
SC,Tamassee,34.89823,-82.98614
SC,Tatum,34.64389,-79.58667
SC,Taylors,34.92452,-82.31968
SC,Tigerville,35.09444,-82.35824
SC,Tillman,32.49272,-81.07757
SC,Timmonsville,34.10124,-79.93784
SC,Townville,34.52264,-82.89633
SC,Travelers Rest,35.00393,-82.42718
SC,Trenton,33.69376,-81.85339
SC,Troy,33.95565,-82.29408
SC,Turbeville,33.87857,-79.98517
SC,Ulmer,33.0576,-81.22129
SC,Una,34.96889,-81.97056
SC,Union,34.72686,-81.62023
SC,Van Wyck,34.85833,-80.84611
SC,Vance,33.41388,-80.46172
SC,Varnville,32.83489,-81.02884
SC,Vaucluse,33.6125,-81.81
SC,Wadmalaw Island,32.65285,-80.18287
SC,Wagener,33.64942,-81.39952
SC,Walhalla,34.7689,-83.03878
SC,Wallace,34.7307,-79.80114
SC,Walterboro,32.89737,-80.67923
SC,Ward,33.88486,-81.72834
SC,Ware Shoals,34.40249,-82.26779
SC,Warrenville,33.51992,-81.8294
SC,Waterloo,34.33673,-82.08797
SC,Wedgefield,33.943,-80.49872
SC,Wellford,34.95139,-82.09271
SC,West Columbia,33.99502,-81.08884
SC,West Union,34.75157,-83.03989
SC,Westminster,34.65886,-83.11078
SC,Westville,34.44918,-80.57955
SC,White Rock,34.145,-81.27583
SC,White Stone,34.90278,-81.81722
SC,Whitmire,34.49549,-81.60598
SC,Williams,33.03444,-80.84278
SC,Williamston,34.62057,-82.51101
SC,Williston,33.39261,-81.41615
SC,Windsor,33.46745,-81.51363
SC,Winnsboro,34.38101,-81.10899
SC,Woodruff,34.75786,-82.04466
SC,Yemassee,32.64298,-80.81293
SC,York,34.99467,-81.22446
SD,Aberdeen,45.46611,-98.48564
SD,Agar,44.83935,-100.07124
SD,Akaska,45.33245,-100.11861
SD,Alcester,43.00473,-96.63324
SD,Alexandria,43.62385,-97.78209
SD,Allen,43.29082,-101.93286
SD,Alpena,44.17091,-98.39619
SD,Amherst,45.70743,-97.93008
SD,Andover,45.42217,-97.9175
SD,Arlington,44.36677,-97.06873
SD,Armour,43.31605,-98.34137
SD,Artesian,44.03536,-97.95396
SD,Ashton,45.01283,-98.44255
SD,Astoria,44.57352,-96.54163
SD,Aurora,44.28379,-96.70427
SD,Avon,43.03972,-98.02826
SD,Badger,44.4918,-97.21837
SD,Baltic,43.73091,-96.75627
SD,Barnard,45.72047,-98.55338
SD,Batesland,43.07896,-102.17378
SD,Bath,45.45635,-98.35521
SD,Belle Fourche,44.67228,-103.8396
SD,Belvidere,43.88603,-101.23869
SD,Beresford,43.08741,-96.78126
SD,Big Stone City,45.28504,-96.56143
SD,Bison,45.51613,-102.48271
SD,Black Hawk,44.15117,-103.34863
SD,Blunt,44.50257,-99.94628
SD,Bonesteel,43.06954,-98.98796
SD,Bowdle,45.43288,-99.63598
SD,Box Elder,44.11986,-103.06824
SD,Bradley,45.0751,-97.63871
SD,Brandon,43.59641,-96.5782
SD,Brandt,44.67383,-96.64355
SD,Brentford,45.15306,-98.31928
SD,Bridgewater,43.55431,-97.49591
SD,Bristol,45.30898,-97.74657
SD,Britton,45.8023,-97.74183
SD,Brookings,44.30562,-96.79141
SD,Bruce,44.46745,-96.91098
SD,Bryant,44.59867,-97.45366
SD,Buffalo,45.574,-103.58261
SD,Buffalo Gap,43.49576,-103.31575
SD,Bullhead,45.76667,-101.08333
SD,Burbank,42.7638,-96.84657
SD,Burke,43.2106,-99.26896
SD,Camp Crook,45.59529,-103.96323
SD,Canistota,43.58564,-97.2889
SD,Canova,43.88552,-97.53416
SD,Canton,43.30382,-96.5938
SD,Caputa,43.98012,-103.02341
SD,Carpenter,44.66477,-97.91683
SD,Carthage,44.1496,-97.71163
SD,Castlewood,44.73134,-97.02043
SD,Cavour,44.36495,-98.0208
SD,Centerville,43.11763,-96.96364
SD,Chamberlain,43.7953,-99.31182
SD,Chancellor,43.40796,-96.9827
SD,Cherry Creek,44.62102,-101.65178
SD,Chester,43.89808,-96.97588
SD,Claire City,45.87552,-97.10727
SD,Claremont,45.66615,-98.04037
SD,Clark,44.878,-97.72654
SD,Clear Lake,44.7637,-96.70054
SD,Colman,43.95576,-96.81888
SD,Colome,43.22733,-99.69327
SD,Colton,43.7951,-96.9572
SD,Columbia,45.67172,-98.29515
SD,Conde,45.15512,-98.03432
SD,Corona,45.35948,-96.6649
SD,Corsica,43.42132,-98.35636
SD,Cresbard,45.16913,-98.94112
SD,Crooks,43.64509,-96.81826
SD,Custer,43.74089,-103.61847
SD,Dallas,43.23508,-99.51399
SD,Dante,42.99666,-98.17464
SD,Davis,43.28637,-96.97921
SD,De Smet,44.38517,-97.56343
SD,Deadwood,44.35663,-103.69994
SD,Dell Rapids,43.82276,-96.72231
SD,Delmont,43.25726,-98.15961
SD,Dimock,43.47048,-97.9988
SD,Doland,44.81587,-98.09471
SD,Draper,43.92603,-100.50851
SD,Dupree,45.00785,-101.63368
SD,Eagle Butte,45.02389,-101.10417
SD,Eden,45.62107,-97.37409
SD,Edgemont,43.28736,-103.81102
SD,Egan,43.98659,-96.64925
SD,Elk Point,42.73822,-96.68695
SD,Elkton,44.23498,-96.5011
SD,Ellsworth Afb,44.14466,-103.07591
SD,Emery,43.56565,-97.64749
SD,Enning,44.53888,-102.6208
SD,Erwin,44.49148,-97.41029
SD,Estelline,44.577,-96.92368
SD,Ethan,43.54265,-98.05907
SD,Eureka,45.76977,-99.61593
SD,Fairburn,43.66228,-103.21334
SD,Fairfax,43.0351,-98.83076
SD,Fairview,43.20896,-96.57426
SD,Faith,44.99261,-102.05414
SD,Faulkton,45.06845,-99.13405
SD,Fedora,43.98412,-97.789
SD,Ferney,45.33056,-98.0975
SD,Flandreau,44.06578,-96.62218
SD,Florence,45.05539,-97.28664
SD,Fort Meade,44.4091,-103.47233
SD,Fort Pierre,44.34259,-100.40432
SD,Fort Thompson,44.0517,-99.39731
SD,Frankfort,44.80842,-98.2935
SD,Frederick,45.84933,-98.51756
SD,Freeman,43.3605,-97.46007
SD,Fulton,43.75877,-97.87122
SD,Gann Valley,44.0693,-99.05433
SD,Garden City,44.94741,-97.56803
SD,Garretson,43.71617,-96.51963
SD,Gary,44.82702,-96.50436
SD,Gayville,42.88352,-97.18295
SD,Geddes,43.25968,-98.69256
SD,Gettysburg,45.02588,-99.97663
SD,Glencross,45.45055,-100.89442
SD,Glenham,45.53351,-100.27156
SD,Goodwin,44.88623,-96.81137
SD,Gregory,43.22691,-99.43021
SD,Grenville,45.48967,-97.41546
SD,Groton,45.45034,-98.10581
SD,Hamill,43.64394,-99.69175
SD,Harrisburg,43.44602,-96.68639
SD,Harrison,43.45492,-98.52334
SD,Harrold,44.52148,-99.73817
SD,Hartford,43.61547,-96.95005
SD,Hayes,44.4219,-100.73594
SD,Hayti,44.66474,-97.23051
SD,Hazel,44.75717,-97.30829
SD,Hecla,45.87251,-98.19177
SD,Henry,44.88576,-97.44422
SD,Hermosa,43.81885,-103.20596
SD,Herreid,45.84516,-100.04898
SD,Herrick,43.10119,-99.21727
SD,Highmore,44.5326,-99.45435
SD,Hill City,43.93768,-103.57816
SD,Hitchcock,44.58344,-98.45091
SD,Holabird,44.51733,-99.5943
SD,Hosmer,45.56899,-99.48574
SD,Hot Springs,43.42231,-103.47656
SD,Houghton,45.79675,-98.09519
SD,Hoven,45.2278,-99.77629
SD,Howard,44.0293,-97.51601
SD,Howes,44.53495,-102.21576
SD,Hudson,43.12836,-96.53063
SD,Humboldt,43.61203,-97.06971
SD,Hurley,43.28926,-97.19036
SD,Huron,44.35902,-98.21629
SD,Ideal,43.55961,-99.92795
SD,Interior,43.73189,-101.96424
SD,Ipswich,45.44891,-99.01481
SD,Irene,43.10268,-97.2558
SD,Iroquois,44.34552,-97.85417
SD,Isabel,45.06402,-101.27364
SD,Java,45.41354,-99.83515
SD,Jefferson,42.60134,-96.57839
SD,Kadoka,43.84457,-101.55227
SD,Kaylor,43.20239,-97.82009
SD,Keldron,45.90222,-101.93946
SD,Kennebec,43.89214,-99.85019
SD,Keystone,43.9696,-103.33523
SD,Kimball,43.71288,-98.9343
SD,Kranzburg,44.87926,-96.94701
SD,Kyle,43.43944,-102.21242
SD,Labolt,45.04146,-96.68921
SD,Lake Andes,43.13029,-98.49635
SD,Lake City,45.68991,-97.34813
SD,Lake Norden,44.58435,-97.20087
SD,Lake Preston,44.3673,-97.35628
SD,Lane,44.06738,-98.4065
SD,Langford,45.61738,-97.79255
SD,Lantry,40.01667,-101.43333
SD,Lead,44.34901,-103.76984
SD,Lebanon,45.01232,-99.73658
SD,Lemmon,45.91589,-102.19277
SD,Lennox,43.34507,-96.88206
SD,Leola,45.73226,-98.90154
SD,Lesterville,43.05498,-97.54828
SD,Letcher,43.89232,-98.17428
SD,Little Eagle,45.67333,-100.80833
SD,Lodgepole,45.82319,-102.75992
SD,Long Valley,43.56978,-101.38214
SD,Longlake,45.79681,-99.25068
SD,Lower Brule,44.09369,-99.6139
SD,Ludlow,45.87465,-103.31115
SD,Lyons,43.72306,-96.8675
SD,Madison,44.00543,-97.11486
SD,Manderson,43.30984,-102.37449
SD,Mansfield,45.22673,-98.60657
SD,Marion,43.41878,-97.27707
SD,Martin,43.17854,-101.74081
SD,Marty,42.97639,-98.42243
SD,Marvin,45.27265,-96.90996
SD,Mc Intosh,45.81244,-101.50039
SD,Mc Laughlin,45.74888,-100.8776
SD,Meadow,45.35377,-102.28442
SD,Mellette,45.16312,-98.48237
SD,Menno,43.23397,-97.56499
SD,Midland,44.23744,-101.29244
SD,Milbank,45.20613,-96.62548
SD,Milesville,44.42826,-101.75228
SD,Miller,44.49664,-98.9894
SD,Mission,43.28502,-100.59536
SD,Mission Hill,42.98361,-97.33488
SD,Mitchell,43.71092,-98.02703
SD,Mobridge,45.54072,-100.43149
SD,Monroe,43.47788,-97.21817
SD,Montrose,43.70626,-97.18849
SD,Morristown,45.90064,-101.69984
SD,Mound City,45.67865,-100.04786
SD,Mount Vernon,43.7204,-98.26329
SD,Mud Butte,45.03105,-102.80313
SD,Murdo,43.89612,-100.71211
SD,Nemo,44.20972,-103.54486
SD,New Effington,45.86587,-96.91499
SD,New Holland,43.43104,-98.6287
SD,New Underwood,44.08735,-102.81364
SD,Newell,44.74098,-103.39136
SD,Nisland,44.66654,-103.54018
SD,Norris,43.46618,-101.15166
SD,North Sioux City,42.53271,-96.50761
SD,Northville,45.16111,-98.65885
SD,Nunda,44.15246,-96.99421
SD,Oacoma,43.795,-99.39667
SD,Oelrichs,43.15506,-103.21618
SD,Oglala,43.18861,-102.73917
SD,Okaton,43.93416,-100.93505
SD,Okreek,43.36167,-100.38667
SD,Oldham,44.24572,-97.26958
SD,Olivet,43.29281,-97.71836
SD,Onaka,45.19653,-99.45505
SD,Onida,44.71254,-100.09567
SD,Oral,43.38759,-103.18322
SD,Orient,44.83435,-99.10579
SD,Ortley,45.34063,-97.17699
SD,Owanka,44.06308,-102.56278
SD,Parker,43.40204,-97.1333
SD,Parkston,43.3978,-97.96782
SD,Parmelee,43.31172,-101.00809
SD,Peever,45.52065,-97.0012
SD,Philip,44.05501,-101.68761
SD,Pickstown,43.065,-98.53167
SD,Piedmont,44.22874,-103.36882
SD,Pierpont,45.49598,-97.81284
SD,Pierre,44.36951,-100.32106
SD,Pine Ridge,43.1124,-102.59835
SD,Plankinton,43.73729,-98.4694
SD,Platte,43.40242,-98.88966
SD,Pollock,45.88904,-100.28752
SD,Porcupine,43.29398,-102.22345
SD,Prairie City,45.58134,-102.80847
SD,Presho,43.89954,-100.07465
SD,Pringle,43.60833,-103.59167
SD,Pukwana,43.77833,-99.17788
SD,Quinn,44.07721,-102.06971
SD,Ralph,45.85536,-103.03555
SD,Ramona,44.12289,-97.23489
SD,Rapid City,44.07704,-103.20026
SD,Raymond,44.86365,-97.91678
SD,Redfield,44.87185,-98.51123
SD,Redig,45.27111,-103.54778
SD,Ree Heights,44.56027,-99.22864
SD,Reliance,43.83024,-99.48567
SD,Renner,43.63663,-96.71192
SD,Reva,45.52765,-103.06916
SD,Revillo,45.02214,-96.56237
SD,Ridgeview,45.14333,-100.65167
SD,Rockham,44.97158,-98.76868
SD,Roscoe,45.42712,-99.33263
SD,Rosebud,43.23,-100.855
SD,Rosholt,45.87532,-96.71741
SD,Roslyn,45.50056,-97.5401
SD,Rowena,43.52028,-96.55556
SD,Rutland,44.06828,-96.95186
SD,Saint Charles,43.10889,-99.09097
SD,Saint Francis,43.19102,-100.88502
SD,Saint Lawrence,44.52152,-98.87543
SD,Saint Onge,44.55222,-103.73443
SD,Salem,43.73558,-97.37969
SD,Scenic,43.79937,-102.53531
SD,Scotland,43.12121,-97.7296
SD,Selby,45.47859,-100.05407
SD,Seneca,45.02619,-99.46099
SD,Sinai,44.23974,-97.05433
SD,Sioux Falls,43.488,-96.7343
SD,Sioux Falls,43.6017,-96.7051
SD,Sisseton,45.66441,-97.02322
SD,Smithwick,43.26837,-103.19883
SD,South Shore,45.10492,-96.98588
SD,Spearfish,44.49462,-103.86496
SD,Spencer,43.75568,-97.59361
SD,Springfield,42.86869,-97.92883
SD,Stephan,44.24806,-99.45278
SD,Stickney,43.58422,-98.50884
SD,Stockholm,45.10309,-96.81059
SD,Strandburg,45.03887,-96.79013
SD,Stratford,45.28659,-98.27915
SD,Sturgis,44.41308,-103.47716
SD,Summit,45.35213,-97.04265
SD,Tabor,42.93826,-97.69228
SD,Tea,43.47111,-96.81773
SD,Timber Lake,45.39274,-101.03508
SD,Tolstoy,45.1702,-99.61755
SD,Toronto,44.57862,-96.70774
SD,Trail City,45.44008,-100.6829
SD,Trent,43.89416,-96.63257
SD,Tripp,43.24038,-97.97128
SD,Tulare,44.73049,-98.55393
SD,Turton,45.03794,-98.09964
SD,Tuthill,43.11962,-101.47012
SD,Twin Brooks,45.21152,-96.9956
SD,Tyndall,42.99004,-97.86329
SD,Union Center,44.638,-102.79796
SD,Utica,42.93663,-97.4551
SD,Vale,44.62224,-103.3795
SD,Valley Springs,43.57731,-96.49564
SD,Veblen,45.85351,-97.31219
SD,Vermillion,42.79511,-96.92578
SD,Viborg,43.1815,-97.11405
SD,Vienna,44.69002,-97.54556
SD,Virgil,44.32558,-98.39215
SD,Vivian,43.95352,-100.28599
SD,Volga,44.32235,-96.92515
SD,Volin,42.96962,-97.22823
SD,Wagner,43.08193,-98.28188
SD,Wakonda,42.996,-97.06937
SD,Wakpala,45.70062,-100.53318
SD,Walker,45.91028,-101.09
SD,Wall,43.98123,-102.22455
SD,Wallace,45.08154,-97.44575
SD,Wanblee,43.55893,-101.72186
SD,Warner,45.34863,-98.4757
SD,Wasta,44.09371,-102.34708
SD,Watauga,45.92759,-101.51294
SD,Watertown,44.90429,-97.12398
SD,Waubay,45.37837,-97.29499
SD,Webster,45.32257,-97.51532
SD,Wentworth,43.98524,-96.96146
SD,Wessington,44.41285,-98.69198
SD,Wessington Springs,44.06994,-98.61163
SD,Westport,45.62503,-98.58562
SD,White,44.41324,-96.61496
SD,White Lake,43.75644,-98.70761
SD,White Owl,44.61825,-102.44519
SD,White River,43.56662,-100.74487
SD,Whitehorse,45.27,-100.88833
SD,Whitewood,44.45885,-103.63704
SD,Willow Lake,44.62723,-97.67475
SD,Wilmot,45.41249,-96.85601
SD,Winfred,43.95951,-97.30927
SD,Winner,43.3555,-99.86191
SD,Witten,43.44982,-100.07829
SD,Wolsey,44.39907,-98.47425
SD,Wood,43.5366,-100.43793
SD,Woonsocket,44.05719,-98.24302
SD,Worthing,43.29253,-96.75293
SD,Wounded Knee,43.18519,-102.40216
SD,Yale,44.49559,-97.99325
SD,Yankton,42.88209,-97.39862
TN,Adams,36.55817,-87.12263
TN,Adamsville,35.25561,-88.41337
TN,Afton,36.20417,-82.74667
TN,Alamo,35.8017,-89.17646
TN,Alcoa,35.78522,-83.9809
TN,Alexandria,36.07115,-86.03717
TN,Allardt,36.37489,-84.85078
TN,Allons,36.497,-85.31974
TN,Allred,36.36684,-85.17608
TN,Alpine,36.38032,-85.15215
TN,Altamont,35.42578,-85.76351
TN,Andersonville,36.19151,-84.0544
TN,Antioch,36.06,-86.67222
TN,Apison,35.01493,-85.0164
TN,Ardmore,35.05745,-86.87955
TN,Arlington,35.27517,-89.7295
TN,Arnold A F B,35.34333,-86.23944
TN,Arrington,35.90488,-86.56452
TN,Arthur,36.54806,-83.67083
TN,Ashland City,36.27313,-87.04472
TN,Athens,35.45739,-84.60426
TN,Atoka,35.42134,-89.8216
TN,Atwood,35.96634,-88.62466
TN,Auburntown,35.97439,-86.10753
TN,Bakewell,35.38222,-85.10889
TN,Bath Springs,35.45211,-88.12863
TN,Baxter,36.12492,-85.63777
TN,Bean Station,36.32493,-83.31425
TN,Beech Bluff,35.59216,-88.63963
TN,Beechgrove,35.64473,-86.20464
TN,Beersheba Springs,35.47037,-85.68213
TN,Belfast,35.40691,-86.70948
TN,Bell Buckle,35.63811,-86.39491
TN,Bells,35.71976,-89.07286
TN,Belvidere,35.1415,-86.17283
TN,Benton,35.17295,-84.65443
TN,Bethel Springs,35.22889,-88.64397
TN,Bethpage,36.51857,-86.31457
TN,Big Rock,36.57161,-87.73784
TN,Big Sandy,36.22852,-88.06273
TN,Birchwood,35.35197,-84.96183
TN,Blaine,36.15832,-83.67827
TN,Bloomington Springs,36.21945,-85.64786
TN,Blountville,36.53562,-82.36556
TN,Bluff City,36.47739,-82.23618
TN,Bogota,36.16389,-89.43833
TN,Bolivar,35.24608,-89.00072
TN,Bon Aqua,35.94707,-87.29956
TN,Braden,35.37944,-89.56806
TN,Bradford,36.06447,-88.80459
TN,Bradyville,35.70528,-86.09119
TN,Brentwood,36.03306,-86.78278
TN,Briceville,36.18543,-84.21597
TN,Brighton,35.47033,-89.75248
TN,Bristol,36.56864,-82.18186
TN,Brownsville,35.60996,-89.26235
TN,Bruceton,36.02679,-88.2518
TN,Brunswick,35.26722,-89.76861
TN,Brush Creek,36.11067,-86.02034
TN,Buchanan,36.41462,-88.15146
TN,Buena Vista,35.94312,-88.29258
TN,Buffalo Valley,36.18331,-85.75888
TN,Bulls Gap,36.32571,-83.03149
TN,Bumpus Mills,36.62262,-87.86143
TN,Burlison,35.53995,-89.81773
TN,Burns,36.04707,-87.30606
TN,Butler,36.32816,-81.98561
TN,Bybee,36.07396,-83.16307
TN,Byrdstown,36.57087,-85.14565
TN,Calhoun,35.37461,-84.73811
TN,Camden,36.05558,-88.11185
TN,Campaign,35.77083,-85.62861
TN,Carthage,36.25562,-85.96969
TN,Caryville,36.28542,-84.18979
TN,Castalian Springs,36.38211,-86.31555
TN,Cedar Grove,35.86126,-88.5517
TN,Cedar Hill,36.50616,-87.02752
TN,Celina,36.54749,-85.49655
TN,Centerville,35.77969,-87.47747
TN,Chapel Hill,35.63542,-86.68358
TN,Chapmansboro,36.37808,-87.11129
TN,Charleston,35.25564,-84.76664
TN,Charlotte,36.23261,-87.28155
TN,Chattanooga,35.0455,-85.3081
TN,Chestnut Mound,36.19288,-85.8374
TN,Chewalla,35.01333,-88.64639
TN,Christiana,35.74088,-86.40793
TN,Chuckey,36.22114,-82.66745
TN,Church Hill,36.53993,-82.72518
TN,Clairfield,36.56503,-83.93969
TN,Clarkrange,36.21119,-84.97774
TN,Clarksburg,35.87167,-88.39306
TN,Clarksville,36.52201,-87.349
TN,Cleveland,35.13126,-84.87501
TN,Clifton,35.38195,-87.94997
TN,Clinton,36.08688,-84.18973
TN,Coalfield,36.02889,-84.42083
TN,Coalmont,35.3862,-85.6551
TN,Cokercreek,35.26556,-84.28583
TN,College Grove,35.78317,-86.74952
TN,Collegedale,35.05306,-85.05028
TN,Collierville,35.05508,-89.67672
TN,Collinwood,35.16352,-87.71849
TN,Columbia,35.61558,-87.03803
TN,Como,36.29306,-88.51222
TN,Conasauga,35.00444,-84.72944
TN,Cookeville,36.17426,-85.49531
TN,Copperhill,35.02499,-84.38396
TN,Cordova,35.1776,-89.7738
TN,Cornersville,35.34088,-86.82862
TN,Corryton,36.12001,-83.813
TN,Cosby,35.83469,-83.21874
TN,Cottage Grove,36.34789,-88.46142
TN,Cottontown,36.49123,-86.60334
TN,Counce,35.03941,-88.29357
TN,Covington,35.55984,-89.65014
TN,Cowan,35.17012,-86.01901
TN,Crab Orchard,35.88976,-84.85858
TN,Crawford,36.23611,-85.16876
TN,Crockett Mills,35.8675,-89.16917
TN,Cross Plains,36.55307,-86.67609
TN,Crossville,35.94404,-85.01717
TN,Crump,35.22164,-88.33564
TN,Culleoka,35.47491,-87.0005
TN,Cumberland City,36.36692,-87.63494
TN,Cumberland Furnace,36.31615,-87.40659
TN,Cumberland Gap,36.55038,-83.68105
TN,Cunningham,36.37893,-87.42455
TN,Cypress Inn,35.05794,-87.78833
TN,Dandridge,36.0018,-83.40444
TN,Darden,35.66296,-88.21769
TN,Dayton,35.50019,-85.01345
TN,Decatur,35.50717,-84.80805
TN,Decaturville,35.55846,-88.13341
TN,Decherd,35.2326,-86.05886
TN,Deer Lodge,36.21758,-84.81907
TN,Del Rio,35.88297,-83.01501
TN,Delano,35.26123,-84.60237
TN,Dellrose,35.00365,-86.91002
TN,Denmark,35.55706,-88.97589
TN,Dickson,36.07601,-87.39953
TN,Dixon Springs,36.44554,-86.05335
TN,Dover,36.50752,-87.83833
TN,Dowelltown,35.97248,-85.90553
TN,Doyle,35.87221,-85.499
TN,Dresden,36.29504,-88.69629
TN,Drummonds,35.4452,-89.92365
TN,Duck River,35.7386,-87.34234
TN,Ducktown,35.03583,-84.38278
TN,Duff,36.41103,-84.01247
TN,Dukedom,36.47964,-88.69255
TN,Dunlap,35.38417,-85.39251
TN,Dyer,36.07158,-89.01923
TN,Dyersburg,36.04445,-89.38364
TN,Eads,35.15512,-89.676
TN,Eagan,36.55194,-83.97694
TN,Eagleville,35.74924,-86.63265
TN,Eaton,35.96889,-89.13194
TN,Eidson,36.49952,-83.08272
TN,Elgin,36.3322,-84.6063
TN,Elizabethton,36.34455,-82.20148
TN,Elkton,35.05222,-86.88861
TN,Ellendale,35.23056,-89.82583
TN,Elmwood,36.23547,-85.88084
TN,Elora,35.0295,-86.34811
TN,Englewood,35.42724,-84.48327
TN,Enville,35.43932,-88.42061
TN,Erin,36.30668,-87.67896
TN,Erwin,36.13419,-82.41631
TN,Estill Springs,35.27051,-86.13956
TN,Ethridge,35.33265,-87.30391
TN,Etowah,35.33144,-84.52831
TN,Eva,36.07881,-88.02804
TN,Evensville,35.61535,-85.02277
TN,Fairview,35.97553,-87.13206
TN,Fall Branch,36.41584,-82.6256
TN,Farner,35.14489,-84.3209
TN,Fayetteville,35.15268,-86.56645
TN,Finger,35.32521,-88.60671
TN,Finley,36.01694,-89.5134
TN,Five Points,35.03105,-87.29613
TN,Flag Pond,36.00851,-82.5623
TN,Flintville,35.04278,-86.49797
TN,Fosterville,35.655,-86.40306
TN,Frankewing,35.17785,-86.78182
TN,Franklin,35.93278,-86.87883
TN,Friendship,35.89764,-89.20414
TN,Friendsville,35.7523,-84.10607
TN,Fruitvale,35.74667,-89.03056
TN,Gadsden,35.77987,-88.99295
TN,Gainesboro,36.34377,-85.63551
TN,Gallatin,36.38344,-86.45116
TN,Gallaway,35.32583,-89.61611
TN,Gates,35.84394,-89.45918
TN,Gatlinburg,35.72898,-83.48741
TN,Georgetown,35.29324,-84.91268
TN,Germantown,35.08834,-89.80526
TN,Gibson,35.87528,-88.84667
TN,Gladeville,36.1125,-86.41639
TN,Gleason,36.21174,-88.61844
TN,Goodlettsville,36.32306,-86.71333
TN,Goodspring,35.11671,-87.12779
TN,Gordonsville,36.18432,-86.00082
TN,Grand Junction,35.06589,-89.15341
TN,Grandview,35.76084,-84.86146
TN,Granville,36.27685,-85.74753
TN,Graysville,35.44842,-85.17904
TN,Greenback,35.65674,-84.17096
TN,Greenbrier,36.42291,-86.79136
TN,Greeneville,36.16081,-82.83314
TN,Greenfield,36.1485,-88.74532
TN,Grimsley,36.24335,-85.01549
TN,Gruetli Laager,35.36346,-85.66977
TN,Guild,35.01783,-85.51157
TN,Guys,35.01421,-88.52076
TN,Halls,35.88623,-89.41467
TN,Hampshire,35.59148,-87.32514
TN,Hampton,36.25774,-82.18914
TN,Harriman,35.93478,-84.51553
TN,Harrison,35.1679,-85.09453
TN,Harrogate,36.57672,-83.60726
TN,Hartford,35.8256,-83.09964
TN,Hartsville,36.39473,-86.17041
TN,Heiskell,36.11503,-84.04383
TN,Helenwood,36.43294,-84.53809
TN,Henderson,35.42693,-88.63977
TN,Hendersonville,36.30542,-86.60716
TN,Henning,35.68287,-89.63754
TN,Henry,36.20134,-88.45361
TN,Hermitage,36.18481,-86.60016
TN,Hickman,36.11965,-85.9023
TN,Hickory Valley,35.15796,-89.1309
TN,Hilham,36.39149,-85.43692
TN,Hillsboro,35.36993,-85.97242
TN,Hixson,35.15911,-85.21822
TN,Hohenwald,35.54084,-87.55461
TN,Holladay,35.89514,-88.09118
TN,Hollow Rock,36.05652,-88.29014
TN,Hornbeak,36.35959,-89.30562
TN,Hornsby,35.21971,-88.82631
TN,Humboldt,35.83699,-88.90565
TN,Huntingdon,36.00623,-88.42021
TN,Huntland,35.0512,-86.26944
TN,Huntsville,36.39833,-84.42883
TN,Huron,35.61438,-88.51955
TN,Hurricane Mills,35.97486,-87.76713
TN,Idlewild,36.02972,-88.80806
TN,Indian Mound,36.49459,-87.68037
TN,Iron City,35.05628,-87.64732
TN,Jacks Creek,35.47821,-88.50186
TN,Jacksboro,36.32661,-84.19284
TN,Jackson,35.61022,-88.81401
TN,Jamestown,36.42447,-84.93572
TN,Jasper,35.0666,-85.61474
TN,Jefferson City,36.11633,-83.48098
TN,Jellico,36.55441,-84.11807
TN,Joelton,36.32897,-86.91631
TN,Johnson City,36.33387,-82.34077
TN,Jonesborough,36.29543,-82.49022
TN,Kelso,35.10236,-86.46834
TN,Kenton,36.19058,-89.02288
TN,Kingsport,36.55277,-82.55403
TN,Kingston,35.85281,-84.49705
TN,Kingston Springs,36.09532,-87.11565
TN,Knoxville,35.9609,-83.9189
TN,Kodak,35.97221,-83.61711
TN,Kyles Ford,36.57207,-83.05071
TN,La Follette,36.36897,-84.11157
TN,La Grange,35.04528,-89.24361
TN,La Vergne,36.01271,-86.55997
TN,Laconia,35.28222,-89.25194
TN,Lafayette,36.53896,-86.02422
TN,Lake City,36.20322,-84.13857
TN,Lancaster,36.09542,-85.8551
TN,Lancing,36.14564,-84.71352
TN,Lascassas,35.94953,-86.31119
TN,Laurel Bloomery,36.57495,-81.72554
TN,Lavinia,35.85834,-88.63244
TN,Lawrenceburg,35.25067,-87.35258
TN,Lebanon,36.20979,-86.30237
TN,Lenoir City,35.81039,-84.2665
TN,Lenox,36.08917,-89.49833
TN,Leoma,35.13818,-87.31677
TN,Lewisburg,35.45961,-86.7812
TN,Lexington,35.6512,-88.39274
TN,Liberty,35.97459,-85.98545
TN,Limestone,36.23697,-82.61709
TN,Linden,35.59978,-87.86558
TN,Livingston,36.38901,-85.32052
TN,Lobelville,35.74666,-87.82511
TN,Lone Mountain,36.39056,-83.585
TN,Lookout Mountain,34.99482,-85.35056
TN,Loretto,35.0728,-87.42698
TN,Loudon,35.72921,-84.34362
TN,Louisville,35.83747,-84.00889
TN,Lowland,36.16402,-83.24459
TN,Lupton City,35.10556,-85.26417
TN,Luray,35.59885,-88.57842
TN,Luttrell,36.20014,-83.75998
TN,Lutts,35.11384,-87.89229
TN,Lyles,35.89222,-87.3172
TN,Lynchburg,35.27064,-86.37202
TN,Lynnville,35.37924,-87.06288
TN,Macon,35.15306,-89.48972
TN,Madison,36.26039,-86.70456
TN,Madisonville,35.50092,-84.3519
TN,Manchester,35.48167,-86.08861
TN,Mansfield,36.18474,-88.28593
TN,Martin,36.34247,-88.8554
TN,Maryville,35.78245,-83.91454
TN,Mascot,36.08442,-83.7411
TN,Mason,35.43801,-89.55181
TN,Maury City,35.81472,-89.22556
TN,Maynardville,36.23427,-83.84026
TN,Mc Donald,35.0869,-84.9892
TN,Mc Ewen,36.11848,-87.64221
TN,Mc Kenzie,36.1272,-88.51342
TN,Mc Lemoresville,35.98778,-88.57667
TN,Mc Minnville,35.69736,-85.79161
TN,Medina,35.80809,-88.76265
TN,Medon,35.4718,-88.87166
TN,Memphis,35.0337,-89.9343
TN,Mercer,35.48183,-89.03728
TN,Michie,35.06031,-88.44046
TN,Middleton,35.0818,-88.90462
TN,Midway,36.151,-83.02814
TN,Milan,35.92509,-88.76884
TN,Milledgeville,35.34517,-88.39912
TN,Milligan College,36.3,-82.29417
TN,Millington,35.31846,-89.90542
TN,Milton,35.92209,-86.18238
TN,Minor Hill,35.05003,-87.15219
TN,Mitchellville,36.63194,-86.54083
TN,Mohawk,36.18692,-83.09019
TN,Monroe,36.4642,-85.21639
TN,Monteagle,35.24017,-85.82279
TN,Monterey,36.15086,-85.2542
TN,Mooresburg,36.36208,-83.2095
TN,Morris Chapel,35.30256,-88.3176
TN,Morrison,35.60002,-85.88989
TN,Morristown,36.19567,-83.27552
TN,Moscow,35.0588,-89.35951
TN,Mosheim,36.18388,-82.9674
TN,Moss,36.59662,-85.67723
TN,Mount Carmel,36.56291,-82.65322
TN,Mount Juliet,36.2,-86.51861
TN,Mount Pleasant,35.53008,-87.20368
TN,Mountain City,36.46572,-81.814
TN,Mountain Home,36.31056,-82.37333
TN,Mulberry,35.19413,-86.42168
TN,Munford,35.44917,-89.815
TN,Murfreesboro,35.7913,-86.357
TN,Nashville,36.16703,-86.77844
TN,New Johnsonville,36.00877,-87.95469
TN,New Market,36.08104,-83.56725
TN,New Tazewell,36.4425,-83.59972
TN,Newbern,36.10088,-89.25136
TN,Newcomb,36.54277,-84.17985
TN,Newport,35.95443,-83.20275
TN,Niota,35.58192,-84.57215
TN,Nolensville,35.93072,-86.68287
TN,Norene,36.05667,-86.2425
TN,Normandy,35.42963,-86.25571
TN,Norris,36.19556,-84.06806
TN,Nunnelly,35.87627,-87.50666
TN,Oak Ridge,36.01588,-84.2623
TN,Oakdale,36.00996,-84.57529
TN,Oakfield,35.75476,-88.80214
TN,Oakland,35.22293,-89.55176
TN,Obion,36.26568,-89.28052
TN,Ocoee,35.10247,-84.71357
TN,Old Hickory,36.24156,-86.6117
TN,Oldfort,35.03654,-84.72188
TN,Olivehill,35.26671,-88.03904
TN,Oliver Springs,36.03662,-84.34863
TN,Oneida,36.50526,-84.52932
TN,Only,35.86789,-87.66545
TN,Ooltewah,35.0781,-85.0635
TN,Orlinda,36.61104,-86.699
TN,Pall Mall,36.57807,-85.03839
TN,Palmer,35.37406,-85.56427
TN,Palmersville,36.39477,-88.61418
TN,Palmyra,36.41757,-87.49136
TN,Paris,36.30052,-88.30933
TN,Parrottsville,35.9983,-83.07363
TN,Parsons,35.66635,-88.11953
TN,Pegram,36.11291,-87.03161
TN,Pelham,35.31405,-85.84408
TN,Petersburg,35.29242,-86.64473
TN,Petros,36.0559,-84.43991
TN,Philadelphia,35.66421,-84.45022
TN,Pickwick Dam,35.05194,-88.24167
TN,Pigeon Forge,35.79222,-83.56382
TN,Pikeville,35.64077,-85.20765
TN,Piney Flats,36.44612,-82.33396
TN,Pinson,35.47806,-88.7304
TN,Pioneer,36.46946,-84.29067
TN,Pleasant Hill,36.01121,-85.16694
TN,Pleasant Shade,36.34892,-85.90806
TN,Pleasant View,36.37828,-87.03948
TN,Pocahontas,35.03148,-88.81156
TN,Portland,36.56731,-86.50592
TN,Powder Springs,36.2549,-83.67292
TN,Powell,36.04345,-84.03999
TN,Primm Springs,35.81036,-87.25304
TN,Prospect,35.06663,-87.01738
TN,Pruden,36.58611,-83.90111
TN,Pulaski,35.20927,-87.03926
TN,Puryear,36.44563,-88.34719
TN,Quebeck,35.82538,-85.53819
TN,Ramer,35.06418,-88.60173
TN,Readyville,35.79888,-86.24148
TN,Reagan,35.50957,-88.35078
TN,Red Boiling Springs,36.53128,-85.84633
TN,Reliance,35.18066,-84.54103
TN,Riceville,35.34461,-84.64625
TN,Rickman,36.30193,-85.38057
TN,Riddleton,36.35058,-86.03348
TN,Ridgely,36.26385,-89.48577
TN,Ridgetop,36.395,-86.77944
TN,Ripley,35.75265,-89.53498
TN,Rives,36.26367,-89.03763
TN,Roan Mountain,36.17733,-82.08104
TN,Robbins,36.35269,-84.59042
TN,Rock Island,35.74381,-85.63516
TN,Rockford,35.83052,-83.9412
TN,Rockvale,35.74503,-86.5352
TN,Rockwood,35.85868,-84.68419
TN,Rogersville,36.4162,-83.01079
TN,Rossville,35.07676,-89.56785
TN,Rugby,36.2734,-84.7032
TN,Russellville,36.25668,-83.19138
TN,Rutherford,36.13003,-88.98486
TN,Rutledge,36.25008,-83.51247
TN,Saint Joseph,35.03756,-87.50181
TN,Sale Creek,35.38581,-85.10232
TN,Saltillo,35.38147,-88.24723
TN,Samburg,36.38083,-89.35472
TN,Santa Fe,35.75877,-87.15154
TN,Sardis,35.4386,-88.3058
TN,Saulsbury,35.04979,-89.07687
TN,Savannah,35.20227,-88.20054
TN,Scotts Hill,35.50499,-88.24048
TN,Selmer,35.16912,-88.59583
TN,Sequatchie,35.1634,-85.63708
TN,Sevierville,35.84519,-83.53862
TN,Sewanee,35.2011,-85.91259
TN,Seymour,35.86998,-83.74951
TN,Shady Valley,36.52722,-81.9068
TN,Sharon,36.23945,-88.84766
TN,Sharps Chapel,36.3685,-83.81268
TN,Shawanee,36.58056,-83.63889
TN,Shelbyville,35.48831,-86.46343
TN,Sherwood,35.09916,-85.92384
TN,Shiloh,35.11955,-88.35072
TN,Signal Mountain,35.14942,-85.33624
TN,Silerton,35.34028,-88.80611
TN,Silver Point,36.10056,-85.7338
TN,Slayden,36.29472,-87.47028
TN,Smartt,35.64028,-85.83667
TN,Smithville,35.92991,-85.80456
TN,Smyrna,35.96561,-86.50482
TN,Sneedville,36.52752,-83.25289
TN,Soddy Daisy,35.25269,-85.16301
TN,Somerville,35.27722,-89.39181
TN,South Fulton,36.48139,-88.88078
TN,South Pittsburg,35.02805,-85.7225
TN,Southside,36.36259,-87.30609
TN,Sparta,35.95466,-85.47858
TN,Speedwell,36.47972,-83.8135
TN,Spencer,35.72787,-85.42866
TN,Spring City,35.68207,-84.84197
TN,Spring Creek,35.76667,-88.67722
TN,Spring Hill,35.71729,-86.90481
TN,Springfield,36.50182,-86.8769
TN,Springville,36.26503,-88.14594
TN,Stanton,35.44817,-89.33263
TN,Stantonville,35.18095,-88.43643
TN,Stewart,36.32406,-87.8725
TN,Strawberry Plains,36.04146,-83.67772
TN,Sugar Tree,35.79199,-88.03225
TN,Summertown,35.43067,-87.31983
TN,Summitville,35.55944,-85.9925
TN,Sunbright,36.26223,-84.69842
TN,Surgoinsville,36.47407,-82.8306
TN,Sweetwater,35.5957,-84.43042
TN,Taft,35.05173,-86.64467
TN,Talbott,36.15996,-83.41286
TN,Tallassee,35.58366,-84.00334
TN,Tazewell,36.47101,-83.55522
TN,Telford,36.24505,-82.53693
TN,Tellico Plains,35.35624,-84.30679
TN,Ten Mile,35.68617,-84.65485
TN,Tennessee Ridge,36.32971,-87.78076
TN,Thompsons Station,35.83101,-87.00487
TN,Thorn Hill,36.39169,-83.36597
TN,Tigrett,35.95139,-89.24
TN,Tipton,35.41361,-89.81972
TN,Tiptonville,36.38458,-89.46492
TN,Toone,35.35742,-88.93529
TN,Townsend,35.67838,-83.75716
TN,Tracy City,35.27208,-85.73619
TN,Trade,36.36833,-81.75723
TN,Trenton,35.97125,-88.95065
TN,Trezevant,36.01721,-88.61004
TN,Trimble,36.20111,-89.18627
TN,Troy,36.34164,-89.16106
TN,Tullahoma,35.35841,-86.22069
TN,Turtletown,35.10809,-84.35438
TN,Unicoi,36.20658,-82.32196
TN,Union City,36.42631,-89.06666
TN,Unionville,35.62242,-86.56385
TN,Vanleer,36.22374,-87.45653
TN,Viola,35.53833,-85.85917
TN,Vonore,35.53536,-84.17783
TN,Walland,35.75331,-83.82431
TN,Walling,35.86954,-85.61851
TN,Wartburg,36.10161,-84.56519
TN,Wartrace,35.5123,-86.32774
TN,Washburn,36.31065,-83.59368
TN,Watauga,36.37016,-82.26826
TN,Watertown,36.09527,-86.14341
TN,Waverly,36.09966,-87.79911
TN,Waynesboro,35.32202,-87.7395
TN,Westmoreland,36.57555,-86.2353
TN,Westpoint,35.1393,-87.53803
TN,Westport,35.91692,-88.33636
TN,White Bluff,36.12531,-87.21901
TN,White House,36.46005,-86.67052
TN,White Pine,36.0903,-83.28792
TN,Whites Creek,36.27438,-86.82922
TN,Whitesburg,36.26212,-83.14584
TN,Whiteside,35.06629,-85.3985
TN,Whiteville,35.3191,-89.13369
TN,Whitleyville,36.51584,-85.68987
TN,Whitwell,35.19723,-85.50111
TN,Wilder,36.23053,-85.07472
TN,Wildersville,35.76977,-88.43879
TN,Williamsport,35.64937,-87.22569
TN,Williston,35.1666,-89.39058
TN,Winchester,35.1864,-86.11304
TN,Winfield,36.55982,-84.43403
TN,Woodbury,35.81425,-86.05004
TN,Woodland Mills,36.48833,-89.115
TN,Woodlawn,36.5147,-87.53933
TN,Wynnburg,36.32861,-89.47333
TN,Yorkville,36.09944,-89.11889
TN,Yuma,35.86796,-88.38188
TX,Abbott,31.89164,-97.06715
TX,Abernathy,33.84996,-101.86111
TX,Abilene,32.46816,-99.71821
TX,Ace,30.53611,-94.82417
TX,Ackerly,32.60909,-101.79513
TX,Addison,32.96167,-96.82889
TX,Adkins,29.38054,-98.26504
TX,Adrian,35.27581,-102.69699
TX,Afton,33.77184,-100.80213
TX,Agua Dulce,27.78139,-97.90833
TX,Aiken,34.14222,-101.52528
TX,Alamo,26.19058,-98.11644
TX,Alanreed,35.2125,-100.73389
TX,Alba,32.76523,-95.5971
TX,Albany,32.71901,-99.31958
TX,Aledo,32.70035,-97.60389
TX,Alice,27.74317,-98.08362
TX,Alief,29.71083,-95.59611
TX,Allen,33.09338,-96.64543
TX,Alleyton,29.74529,-96.46312
TX,Allison,35.60583,-100.10028
TX,Alpine,30.26311,-103.65409
TX,Altair,29.57111,-96.45389
TX,Alto,31.64782,-95.07979
TX,Alvarado,32.4395,-97.21297
TX,Alvin,29.41195,-95.25154
TX,Alvord,33.36982,-97.68849
TX,Amarillo,35.16633,-101.88676
TX,Amarillo,35.20324,-101.84205
TX,Amherst,33.99761,-102.44161
TX,Anahuac,29.78099,-94.55482
TX,Anderson,30.54429,-96.00182
TX,Andrews,32.32012,-102.54093
TX,Angleton,29.18105,-95.44666
TX,Anna,33.34452,-96.56386
TX,Annona,33.55352,-94.89923
TX,Anson,32.74889,-99.8953
TX,Anthony,31.99072,-106.59762
TX,Anton,33.80428,-102.16517
TX,Apple Springs,31.22692,-94.98115
TX,Aquilla,31.85888,-97.22577
TX,Aransas Pass,27.90917,-97.14972
TX,Archer City,33.59556,-98.62528
TX,Argyle,33.10624,-97.15998
TX,Arlington,32.6336,-97.1469
TX,Armstrong,26.73871,-97.70929
TX,Arp,32.24176,-95.06391
TX,Art,30.77542,-99.09373
TX,Artesia Wells,28.27972,-99.28417
TX,Arthur City,33.84003,-95.49404
TX,Asherton,28.43642,-99.74861
TX,Aspermont,33.13006,-100.23437
TX,Atascosa,29.2705,-98.74212
TX,Athens,32.1935,-95.84318
TX,Atlanta,33.10898,-94.16462
TX,Aubrey,33.292,-96.98787
TX,Austin,30.21069,-97.94275
TX,Austin,30.2303,-97.7144
TX,Austin,30.50597,-97.74719
TX,Austwell,28.39,-96.84194
TX,Avalon,32.20528,-96.78972
TX,Avery,33.53393,-94.78671
TX,Avinger,32.84851,-94.57953
TX,Avoca,32.88323,-99.69642
TX,Axtell,31.66097,-96.98818
TX,Azle,32.8925,-97.53667
TX,Azle,32.90345,-97.54115
TX,Bacliff,29.50551,-94.98929
TX,Bagwell,33.83609,-95.14869
TX,Bailey,33.43194,-96.16556
TX,Baird,32.39156,-99.37766
TX,Ballinger,31.74684,-99.95893
TX,Balmorhea,31.01236,-103.69332
TX,Bandera,29.72755,-99.04528
TX,Bangs,31.76839,-99.10766
TX,Banquete,27.80583,-97.79583
TX,Bardwell,32.26889,-96.69583
TX,Barker,29.78417,-95.68472
TX,Barksdale,29.70849,-100.07098
TX,Barnhart,31.15965,-101.19175
TX,Barry,32.10136,-96.62514
TX,Barstow,31.46391,-103.39709
TX,Bartlett,30.79906,-97.4263
TX,Bastrop,30.13883,-97.2921
TX,Batesville,28.92865,-99.61146
TX,Batson,30.22502,-94.60959
TX,Bay City,28.9825,-95.96917
TX,Bayside,28.09676,-97.21064
TX,Baytown,29.74606,-94.96527
TX,Beasley,29.47904,-95.96815
TX,Beaumont,30.06881,-94.1039
TX,Beckville,32.24517,-94.45545
TX,Bedford,32.85358,-97.1358
TX,Bedias,30.76406,-95.93357
TX,Beeville,28.42225,-97.76157
TX,Bellaire,29.70231,-95.46111
TX,Bellevue,33.58789,-98.15737
TX,Bells,33.61782,-96.42367
TX,Bellville,29.96583,-96.25308
TX,Belmont,29.52306,-97.68361
TX,Belton,31.0723,-97.47203
TX,Ben Bolt,27.64722,-98.08111
TX,Ben Franklin,33.47415,-95.75911
TX,Ben Wheeler,32.41259,-95.63708
TX,Benavides,27.59861,-98.40778
TX,Bend,31.11231,-98.4821
TX,Benjamin,33.58389,-99.79194
TX,Berclair,28.53056,-97.59083
TX,Bergheim,29.83987,-98.59326
TX,Bertram,30.74108,-98.05293
TX,Big Bend National Park,29.14766,-103.33063
TX,Big Lake,31.24059,-101.47878
TX,Big Sandy,32.61682,-95.08803
TX,Big Spring,32.24177,-101.46752
TX,Big Wells,28.56934,-99.57808
TX,Bigfoot,29.05307,-98.85823
TX,Bishop,27.58856,-97.78303
TX,Bivins,32.96602,-94.14041
TX,Blackwell,32.08204,-100.31108
TX,Blanco,30.08736,-98.41066
TX,Blanket,31.78819,-98.83109
TX,Bledsoe,33.61917,-103.02083
TX,Bleiblerville,29.96757,-96.41872
TX,Blessing,28.86495,-96.21796
TX,Bloomburg,33.13386,-94.06469
TX,Blooming Grove,32.07584,-96.70099
TX,Bloomington,28.68898,-96.88408
TX,Blossom,33.69455,-95.38234
TX,Blue Ridge,33.30613,-96.39006
TX,Bluegrove,33.67389,-98.22972
TX,Bluff Dale,32.40179,-98.16378
TX,Bluffton,30.82563,-98.51503
TX,Blum,32.10518,-97.36518
TX,Boerne,29.77774,-98.71341
TX,Bogata,33.46986,-95.19373
TX,Boling,29.25287,-95.97405
TX,Bon Wier,30.68756,-93.76646
TX,Bonham,33.58056,-96.18357
TX,Booker,36.44295,-100.52379
TX,Borger,35.6643,-101.40324
TX,Bovina,34.4815,-102.80612
TX,Bowie,33.5568,-97.83734
TX,Boyd,33.05937,-97.5868
TX,Boys Ranch,35.53139,-102.25361
TX,Brackettville,29.30963,-100.4155
TX,Brady,31.1283,-99.3372
TX,Brandon,32.04556,-96.96028
TX,Brashear,33.11552,-95.73451
TX,Brazoria,29.02364,-95.58668
TX,Breckenridge,32.75317,-98.90988
TX,Bremond,31.15601,-96.66974
TX,Brenham,30.17736,-96.40277
TX,Bridge City,30.04054,-93.84729
TX,Bridgeport,33.18703,-97.78098
TX,Briggs,30.93255,-97.97023
TX,Briscoe,35.58547,-100.16792
TX,Broaddus,31.29524,-94.21555
TX,Bronson,31.33906,-93.99926
TX,Bronte,31.87894,-100.29877
TX,Brookeland,31.10627,-94.00357
TX,Brookesmith,31.5176,-99.12773
TX,Brookshire,29.80717,-95.97554
TX,Brookston,33.62456,-95.68881
TX,Brownfield,33.1698,-102.27616
TX,Brownsboro,32.29051,-95.62289
TX,Brownsville,25.93374,-97.51741
TX,Brownwood,31.70466,-98.97516
TX,Bruceville,31.32671,-97.23424
TX,Bruni,27.43533,-98.85011
TX,Bryan,30.6327,-96.36616
TX,Bryson,33.15947,-98.37026
TX,Buchanan Dam,30.75977,-98.45323
TX,Buckholts,30.88576,-97.12413
TX,Buda,30.09176,-97.85342
TX,Buffalo,31.45715,-96.05852
TX,Buffalo Gap,32.27917,-99.82972
TX,Bula,33.89696,-102.65643
TX,Bullard,32.13575,-95.37505
TX,Bulverde,29.78017,-98.43785
TX,Buna,30.41321,-93.99126
TX,Burkburnett,34.08599,-98.57084
TX,Burkett,31.99862,-99.25526
TX,Burkeville,31.00993,-93.65852
TX,Burleson,32.53162,-97.30896
TX,Burlington,30.94569,-96.88531
TX,Burnet,30.7766,-98.26424
TX,Burton,30.17674,-96.59247
TX,Bushland,35.19194,-102.06417
TX,Byers,34.07281,-98.18393
TX,Bynum,31.99067,-96.9837
TX,Cactus,36.05278,-101.91222
TX,Caddo,32.68862,-98.65898
TX,Caddo Mills,33.06827,-96.23909
TX,Caldwell,30.52982,-96.71429
TX,Call,30.57413,-93.83335
TX,Calliham,28.41768,-98.40787
TX,Calvert,30.97821,-96.67107
TX,Camden,30.91694,-94.73417
TX,Cameron,30.85271,-96.97656
TX,Camp Wood,29.67949,-100.00838
TX,Campbell,33.15105,-95.94392
TX,Campbellton,28.76699,-98.25657
TX,Canadian,35.88591,-100.35388
TX,Canton,32.5143,-95.90466
TX,Canutillo,31.93438,-106.59289
TX,Canyon,34.97722,-101.92471
TX,Canyon Lake,29.87098,-98.24941
TX,Carbon,32.27013,-98.83479
TX,Carlsbad,31.598,-100.6275
TX,Carlton,31.91144,-98.15252
TX,Carmine,30.14035,-96.68608
TX,Carrizo Springs,28.52779,-99.86351
TX,Carrollton,32.96574,-96.88246
TX,Carrollton,33.00329,-96.88199
TX,Carthage,32.15438,-94.35272
TX,Cason,33.03861,-94.81472
TX,Castell,30.69743,-98.93186
TX,Castroville,29.35532,-98.88239
TX,Cat Spring,29.7512,-96.39003
TX,Catarina,28.34528,-99.61306
TX,Cayuga,31.95694,-95.97444
TX,Cedar Creek,30.09664,-97.4976
TX,Cedar Hill,32.58847,-96.9438
TX,Cedar Lane,28.93833,-95.73639
TX,Cedar Park,30.47716,-97.81757
TX,Cee Vee,34.22306,-100.44528
TX,Celeste,33.26491,-96.20763
TX,Celina,33.31032,-96.76732
TX,Center,31.78647,-94.18695
TX,Center Point,29.93966,-99.00714
TX,Centerville,31.27202,-95.92129
TX,Centralia,31.25778,-95.03972
TX,Chandler,32.27064,-95.50253
TX,Channelview,29.79144,-95.13165
TX,Channing,35.78257,-102.33427
TX,Chapman Ranch,27.58611,-97.45306
TX,Chappell Hill,30.18327,-96.23474
TX,Charlotte,28.86487,-98.707
TX,Chatfield,32.29542,-96.38867
TX,Cherokee,30.9806,-98.66332
TX,Chester,30.92853,-94.4581
TX,Chico,33.31932,-97.80313
TX,Chicota,33.86889,-95.57083
TX,Childress,34.42812,-100.21017
TX,Chillicothe,34.24395,-99.51567
TX,Chilton,31.31002,-97.09002
TX,China,30.04778,-94.33556
TX,China Spring,31.66727,-97.30022
TX,Chireno,31.51194,-94.43024
TX,Chriesman,30.59917,-96.77056
TX,Christine,28.78889,-98.49694
TX,Christoval,31.23461,-100.52031
TX,Cibolo,29.57497,-98.22798
TX,Cisco,32.38004,-98.98651
TX,Clarendon,34.95288,-100.89516
TX,Clarksville,33.62356,-95.04609
TX,Claude,35.09672,-101.38127
TX,Clayton,32.09806,-94.47472
TX,Cleburne,32.34289,-97.39796
TX,Cleveland,30.32998,-95.02015
TX,Clifton,31.79969,-97.51528
TX,Clint,31.54942,-106.20383
TX,Clute,29.0325,-95.4026
TX,Clyde,32.38029,-99.51844
TX,Coahoma,32.29422,-101.31968
TX,Coldspring,30.60266,-95.10858
TX,Coleman,31.82865,-99.42701
TX,College Station,30.60448,-96.31227
TX,Collegeport,28.725,-96.17472
TX,Colleyville,32.88721,-97.14603
TX,Collinsville,33.55801,-96.90136
TX,Colmesneil,30.90923,-94.42181
TX,Colorado City,32.39874,-100.86095
TX,Columbus,29.70325,-96.5527
TX,Comanche,31.91164,-98.60823
TX,Combes,26.24833,-97.73361
TX,Comfort,29.97907,-98.84377
TX,Commerce,33.2493,-95.90968
TX,Como,33.06423,-95.36266
TX,Comstock,29.74842,-101.26275
TX,Concan,29.52406,-99.68424
TX,Concepcion,27.54427,-98.38149
TX,Concord,31.26314,-96.10264
TX,Conroe,30.31254,-95.45267
TX,Converse,29.51733,-98.32167
TX,Cookville,33.18191,-94.87329
TX,Coolidge,31.7438,-96.65774
TX,Cooper,33.38117,-95.66231
TX,Copeville,33.07944,-96.41528
TX,Coppell,32.96727,-96.98052
TX,Copperas Cove,31.1258,-97.91213
TX,Corpus Christi,27.79409,-97.40299
TX,Corrigan,31.00066,-94.7959
TX,Corsicana,32.0322,-96.3483
TX,Cost,29.4321,-97.55312
TX,Cotton Center,33.99306,-101.9925
TX,Cotulla,28.43984,-99.23282
TX,Coupland,30.53236,-97.33036
TX,Covington,32.15954,-97.25909
TX,Coyanosa,31.22955,-103.05382
TX,Crandall,32.59746,-96.46369
TX,Crane,31.39695,-102.35438
TX,Cranfills Gap,31.78107,-97.78537
TX,Crawford,31.55976,-97.38999
TX,Cresson,32.53071,-97.65193
TX,Crockett,31.31507,-95.46833
TX,Crosby,29.93781,-95.07522
TX,Crosbyton,33.65616,-101.22873
TX,Cross Plains,32.14816,-99.18718
TX,Crowell,33.99121,-99.69835
TX,Crowley,32.5814,-97.37031
TX,Crp Christi,27.76833,-97.40126
TX,Crystal City,28.68695,-99.82641
TX,Cuero,29.09097,-97.28125
TX,Cumby,33.11176,-95.79454
TX,Cuney,32.03194,-95.41722
TX,Cunningham,33.42639,-95.35722
TX,Cushing,31.79777,-94.85389
TX,Cypress,29.96889,-95.69694
TX,D Hanis,29.3398,-99.28349
TX,Daingerfield,33.03126,-94.7359
TX,Daisetta,30.11306,-94.64278
TX,Dale,29.95278,-97.58097
TX,Dalhart,36.07318,-102.51766
TX,Dallardsville,30.62833,-94.63167
TX,Dallas,32.79044,-96.80439
TX,Dallas,32.99685,-96.79211
TX,Damon,29.30138,-95.70358
TX,Danbury,29.22908,-95.34346
TX,Danciger,29.17139,-95.81861
TX,Danevang,29.06697,-96.19765
TX,Darrouzett,36.44611,-100.32444
TX,Davilla,30.76747,-97.20086
TX,Dawn,34.91028,-102.19944
TX,Dawson,31.89743,-96.70848
TX,Dayton,30.01021,-94.87875
TX,De Berry,32.25433,-94.13557
TX,De Kalb,33.47274,-94.62109
TX,De Leon,32.10874,-98.54894
TX,Deanville,30.43194,-96.75583
TX,Decatur,33.23508,-97.57399
TX,Deer Park,29.68257,-95.12219
TX,Del Rio,29.37388,-100.89155
TX,Del Valle,30.17449,-97.61344
TX,Dell City,31.92397,-105.2099
TX,Delmita,26.65657,-98.39655
TX,Denison,33.74501,-96.54957
TX,Dennis,32.61861,-97.92639
TX,Denton,33.22893,-97.13144
TX,Denver City,32.97111,-102.83125
TX,Deport,33.52208,-95.36535
TX,Desdemona,32.28188,-98.56733
TX,Desoto,32.59317,-96.85472
TX,Detroit,33.66269,-95.23848
TX,Devers,29.99783,-94.57461
TX,Devine,29.15208,-98.90899
TX,Deweyville,30.28929,-93.77305
TX,Diana,32.70459,-94.69812
TX,Diboll,31.19503,-94.77291
TX,Dickens,33.628,-100.81969
TX,Dickinson,29.46603,-95.0345
TX,Dike,33.19649,-95.47113
TX,Dilley,28.6782,-99.17468
TX,Dime Box,30.35786,-96.82478
TX,Dimmitt,34.53409,-102.30463
TX,Dinero,28.22611,-97.96139
TX,Dobbin,30.36528,-95.77583
TX,Dodd City,33.5647,-96.06194
TX,Dodge,30.74528,-95.39778
TX,Dodson,34.76435,-100.02859
TX,Donie,31.48728,-96.23869
TX,Donna,26.16714,-98.05293
TX,Doole,31.41574,-99.55061
TX,Doss,30.46132,-99.17072
TX,Doucette,30.81806,-94.42861
TX,Dougherty,33.94167,-101.08611
TX,Douglass,31.65785,-94.86965
TX,Douglassville,33.17581,-94.3467
TX,Driftwood,30.15935,-98.05237
TX,Dripping Springs,30.22677,-98.10295
TX,Driscoll,27.67417,-97.74833
TX,Dryden,30.16511,-102.33207
TX,Dublin,32.09087,-98.34547
TX,Dumas,35.88231,-101.96798
TX,Duncanville,32.65873,-96.91139
TX,Dunn,32.56694,-100.885
TX,Dyess Afb,32.41896,-99.82214
TX,Eagle Lake,29.58424,-96.33537
TX,Eagle Pass,28.70279,-100.48176
TX,Early,31.74194,-98.94528
TX,Earth,34.24152,-102.42128
TX,East Bernard,29.47046,-96.12112
TX,Eastland,32.39942,-98.8071
TX,Easton,32.38667,-94.58556
TX,Ecleto,29.02013,-97.74119
TX,Ector,33.58191,-96.27353
TX,Edcouch,26.30421,-97.97547
TX,Eddy,31.32672,-97.27093
TX,Eden,31.21922,-99.84066
TX,Edgewood,32.70033,-95.87801
TX,Edinburg,26.30422,-98.15692
TX,Edmonson,34.2825,-101.89972
TX,Edna,28.95271,-96.64877
TX,Edroy,27.97333,-97.67583
TX,Egypt,29.40472,-96.23667
TX,El Campo,29.20078,-96.27427
TX,El Indio,28.51167,-100.31083
TX,El Paso,31.75841,-106.47831
TX,Eldorado,30.86667,-100.58894
TX,Electra,34.03623,-98.91545
TX,Elgin,30.32314,-97.37375
TX,Elkhart,31.63509,-95.55323
TX,Ellinger,29.84592,-96.69663
TX,Elm Mott,31.67255,-97.11384
TX,Elmaton,28.83209,-96.13351
TX,Elmendorf,29.23079,-98.37198
TX,Elmo,32.72194,-96.16472
TX,Elsa,26.29306,-97.99278
TX,Elysian Fields,32.36833,-94.18278
TX,Emory,32.87504,-95.74179
TX,Encinal,28.05133,-99.3409
TX,Encino,26.92486,-98.19217
TX,Energy,31.76278,-98.36889
TX,Enloe,33.43278,-95.65722
TX,Ennis,32.3321,-96.62236
TX,Enochs,33.85023,-102.76411
TX,Eola,31.42981,-100.07289
TX,Era,33.50101,-97.29236
TX,Estelline,34.54667,-100.43778
TX,Etoile,31.38667,-94.43583
TX,Euless,32.85817,-97.08321
TX,Eustace,32.29648,-96.01369
TX,Evadale,30.35472,-94.0725
TX,Evant,31.40397,-98.05518
TX,Fabens,31.50222,-106.15806
TX,Fairfield,31.73614,-96.15718
TX,Falcon Heights,26.55861,-99.12278
TX,Falfurrias,27.22416,-98.14084
TX,Falls City,28.98141,-98.01563
TX,Fannin,28.69528,-97.23556
TX,Farmersville,33.16586,-96.36862
TX,Farnsworth,36.32111,-100.96583
TX,Farwell,34.38602,-102.99006
TX,Fate,32.94139,-96.38111
TX,Fayetteville,29.88679,-96.64632
TX,Fentress,29.75583,-97.77611
TX,Ferris,32.52232,-96.66432
TX,Fieldton,34.09188,-102.26969
TX,Fischer,29.96959,-98.25828
TX,Flat,31.30647,-97.58978
TX,Flatonia,29.70949,-97.09869
TX,Flint,32.20793,-95.39485
TX,Flomot,34.23208,-101.00382
TX,Florence,30.78137,-97.83442
TX,Floresville,29.16934,-98.19359
TX,Flower Mound,33.0238,-97.1044
TX,Floydada,33.9743,-101.33456
TX,Fluvanna,32.78102,-101.04197
TX,Flynn,31.15083,-96.12417
TX,Follett,36.43092,-100.20678
TX,Forestburg,33.53978,-97.58477
TX,Forney,32.74905,-96.45976
TX,Forreston,32.28113,-96.88752
TX,Forsan,32.10972,-101.36583
TX,Fort Bliss,31.80167,-106.42444
TX,Fort Davis,30.61314,-103.93643
TX,Fort Hancock,31.29689,-105.82345
TX,Fort Mc Kavett,30.82903,-100.08093
TX,Fort Stockton,30.89079,-102.87994
TX,Fort Worth,32.7469,-97.3268
TX,Fowlerton,28.48867,-98.85182
TX,Francitas,28.85944,-96.33833
TX,Franklin,31.03501,-96.44264
TX,Frankston,32.05349,-95.51628
TX,Fred,30.59866,-94.18595
TX,Fredericksburg,30.28166,-98.87993
TX,Fredonia,30.92139,-99.12156
TX,Freeport,28.96968,-95.37139
TX,Freer,27.87998,-98.60613
TX,Fresno,29.52931,-95.46261
TX,Friendswood,29.5224,-95.18789
TX,Friona,34.6403,-102.71914
TX,Frisco,33.1499,-96.82411
TX,Frisco,33.15056,-96.82333
TX,Fritch,35.64412,-101.58448
TX,Frost,32.02755,-96.76844
TX,Fruitvale,32.67698,-95.7899
TX,Fulshear,29.7217,-95.89768
TX,Fulton,28.22345,-96.80838
TX,Gail,32.75233,-101.45003
TX,Gainesville,33.62594,-97.10321
TX,Galena Park,29.7392,-95.24
TX,Gallatin,31.89083,-95.14528
TX,Galveston,29.29827,-94.79297
TX,Ganado,29.03084,-96.50308
TX,Garciasville,26.31289,-98.66911
TX,Garden City,31.84908,-101.52691
TX,Gardendale,32.02448,-102.35724
TX,Garland,32.92274,-96.6248
TX,Garrison,31.81111,-94.5266
TX,Garwood,29.476,-96.49192
TX,Gary,32.01985,-94.2815
TX,Gatesville,31.44765,-97.72429
TX,Gause,30.785,-96.72111
TX,George West,28.32039,-98.11616
TX,Georgetown,30.63304,-97.6707
TX,Geronimo,29.66278,-97.96667
TX,Giddings,30.17772,-96.93322
TX,Gilchrist,29.51222,-94.48889
TX,Gillett,29.05135,-97.83433
TX,Gilmer,32.72456,-94.97143
TX,Girard,33.3632,-100.69369
TX,Girvin,31.06278,-102.38806
TX,Gladewater,32.55586,-94.932
TX,Glen Flora,29.34722,-96.19306
TX,Glen Rose,32.22976,-97.76291
TX,Glidden,29.70056,-96.58611
TX,Gober,32.46889,-96.08833
TX,Godley,32.42817,-97.53486
TX,Golden,32.72944,-95.56278
TX,Goldsboro,32.04821,-99.67746
TX,Goldsmith,31.95412,-102.62505
TX,Goldthwaite,31.44577,-98.5744
TX,Goliad,28.69926,-97.37832
TX,Gonzales,29.50857,-97.44946
TX,Goodfellow Afb,31.4322,-100.4114
TX,Goodrich,30.60791,-94.95922
TX,Gordon,32.54783,-98.36321
TX,Gordonville,33.83428,-96.84027
TX,Goree,33.47483,-99.52581
TX,Gorman,32.22344,-98.68341
TX,Gouldbusk,31.55108,-99.51363
TX,Graford,32.92419,-98.337
TX,Graham,33.09928,-98.58321
TX,Granbury,32.42505,-97.77417
TX,Grand Prairie,32.76488,-97.01121
TX,Grand Saline,32.66353,-95.70641
TX,Grandfalls,31.34586,-102.85678
TX,Grandview,32.27786,-97.23507
TX,Granger,30.73981,-97.44506
TX,Grapeland,31.49721,-95.44471
TX,Grapevine,32.93143,-97.0962
TX,Greenville,33.11748,-96.10242
TX,Greenwood,33.38083,-97.47417
TX,Gregory,27.92194,-97.28972
TX,Groesbeck,31.53567,-96.52338
TX,Groom,35.21676,-101.12846
TX,Groves,29.94478,-93.91519
TX,Groveton,31.06514,-95.09689
TX,Grulla,26.29371,-98.59604
TX,Gruver,36.28681,-101.40891
TX,Guerra,26.91275,-98.91889
TX,Gunter,33.44951,-96.7341
TX,Gustine,31.87245,-98.38349
TX,Guthrie,33.62056,-100.3225
TX,Guy,29.33268,-95.77023
TX,Hale Center,34.06694,-101.87362
TX,Hallettsville,29.44261,-96.92342
TX,Hallsville,32.50728,-94.53331
TX,Haltom City,32.80874,-97.27089
TX,Hamilton,31.67812,-98.11305
TX,Hamlin,32.87989,-100.12801
TX,Hamshire,29.86677,-94.31874
TX,Hankamer,29.87524,-94.59385
TX,Happy,34.7219,-101.82563
TX,Hardin,30.15222,-94.73889
TX,Hargill,26.43381,-97.99933
TX,Harker Heights,31.0642,-97.6521
TX,Harleton,32.65786,-94.46516
TX,Harlingen,26.19514,-97.68898
TX,Harper,30.28164,-99.24105
TX,Harrold,34.0971,-99.03505
TX,Hart,34.38784,-102.11553
TX,Hartley,35.93112,-102.52213
TX,Harwood,29.66611,-97.49062
TX,Haskell,33.15799,-99.73092
TX,Haslet,32.95573,-97.33719
TX,Hawkins,32.6439,-95.22201
TX,Hawley,32.59497,-99.79599
TX,Hearne,30.86686,-96.58426
TX,Hebbronville,27.2997,-98.68289
TX,Hedley,34.86979,-100.68063
TX,Heidenheimer,31.01806,-97.3025
TX,Helotes,29.5922,-98.70353
TX,Hemphill,31.31612,-93.79045
TX,Hempstead,30.09197,-96.07165
TX,Henderson,32.15237,-94.79196
TX,Henrietta,33.81961,-98.25998
TX,Hereford,34.83704,-102.40503
TX,Hermleigh,32.62944,-100.75471
TX,Hewitt,31.45817,-97.19656
TX,Hext,30.88163,-99.55401
TX,Hico,31.95972,-98.02493
TX,Hidalgo,26.10283,-98.25364
TX,Higgins,36.1365,-100.09519
TX,High Island,29.56667,-94.39333
TX,Highlands,29.8296,-95.03929
TX,Hillister,30.68991,-94.40759
TX,Hillsboro,32.01494,-97.11979
TX,Hitchcock,29.33984,-94.99259
TX,Hobson,28.9445,-97.97074
TX,Hochheim,29.31222,-97.29139
TX,Hockley,30.07289,-95.81045
TX,Holland,30.87998,-97.38569
TX,Holliday,33.67514,-98.65763
TX,Hondo,29.35607,-99.12764
TX,Honey Grove,33.59851,-95.9109
TX,Hooks,33.47754,-94.26919
TX,Horseshoe Bay,30.57806,-98.2725
TX,Houston,29.59616,-95.45871
TX,Houston,29.7652,-95.3657
TX,Howe,33.53487,-96.64072
TX,Hubbard,31.84356,-96.80001
TX,Huffman,30.05649,-95.10507
TX,Hufsmith,30.12194,-95.59639
TX,Hughes Springs,33.01676,-94.62276
TX,Hull,30.13337,-94.66038
TX,Humble,30.00409,-95.28248
TX,Hungerford,29.39889,-96.07667
TX,Hunt,30.00269,-99.48233
TX,Huntington,31.28371,-94.56624
TX,Huntsville,30.7947,-95.5337
TX,Hurst,32.82111,-97.17561
TX,Hutchins,32.63959,-96.70702
TX,Hutto,30.52573,-97.5672
TX,Hye,30.22687,-98.53961
TX,Idalou,33.65038,-101.67858
TX,Imperial,31.23726,-102.71092
TX,Industry,29.97179,-96.51885
TX,Inez,28.89942,-96.80029
TX,Ingleside,27.86824,-97.20691
TX,Ingram,30.07313,-99.26902
TX,Iola,30.73264,-96.09108
TX,Iowa Park,33.94235,-98.6745
TX,Ira,32.62127,-101.02542
TX,Iraan,30.91556,-101.91518
TX,Iredell,31.9722,-97.87928
TX,Irene,31.99194,-96.87111
TX,Irving,32.842,-96.9719
TX,Italy,32.17851,-96.88229
TX,Itasca,32.16359,-97.14603
TX,Ivanhoe,33.67364,-96.16981
TX,Jacksboro,33.23465,-98.16814
TX,Jacksonville,31.96177,-95.27033
TX,Jarrell,30.74841,-97.60083
TX,Jasper,30.92535,-94.02148
TX,Jayton,33.25177,-100.58248
TX,Jefferson,32.77986,-94.37122
TX,Jermyn,33.26355,-98.39315
TX,Jewett,31.37392,-96.19184
TX,Joaquin,31.94399,-94.06083
TX,Johnson City,30.29481,-98.36908
TX,Joinerville,32.17778,-94.90056
TX,Jonesboro,31.5996,-97.77515
TX,Jonesville,32.49778,-94.11083
TX,Josephine,33.06111,-96.30694
TX,Joshua,32.46625,-97.40112
TX,Jourdanton,28.90299,-98.54404
TX,Judson,32.5825,-94.75333
TX,Junction,30.47544,-99.74731
TX,Justiceburg,33.04278,-101.2025
TX,Justin,33.07337,-97.30925
TX,Kamay,33.85778,-98.80778
TX,Karnack,32.62051,-94.20005
TX,Karnes City,28.88276,-97.90707
TX,Katy,29.75089,-95.81167
TX,Katy,29.81992,-95.72927
TX,Kaufman,32.54599,-96.28524
TX,Keene,32.39366,-97.32868
TX,Keller,32.93444,-97.25139
TX,Kemah,29.54382,-95.03921
TX,Kemp,32.36915,-96.25777
TX,Kempner,31.07305,-97.97207
TX,Kendalia,29.94062,-98.51656
TX,Kendleton,29.45056,-95.99444
TX,Kenedy,28.80458,-97.8456
TX,Kennard,31.33845,-95.15412
TX,Kennedale,32.64316,-97.21385
TX,Kenney,30.0475,-96.32667
TX,Kerens,32.12746,-96.22983
TX,Kermit,31.85496,-103.09127
TX,Kerrick,36.49556,-102.24222
TX,Kerrville,30.04165,-99.14082
TX,Kildare,32.94306,-94.24806
TX,Kilgore,32.38356,-94.86527
TX,Killeen,31.117,-97.7261
TX,Kingsbury,29.67257,-97.83063
TX,Kingsland,30.66621,-98.44749
TX,Kingsville,27.50742,-97.8596
TX,Kingwood,30.0683,-95.2163
TX,Kirbyville,30.68822,-93.92793
TX,Kirvin,31.76639,-96.33
TX,Klondike,33.30338,-95.80176
TX,Knickerbocker,31.26639,-100.62278
TX,Knippa,29.29112,-99.63717
TX,Knott,32.41249,-101.65173
TX,Knox City,33.41829,-99.8137
TX,Kopperl,32.10349,-97.54209
TX,Kosse,31.3147,-96.61947
TX,Kountze,30.37032,-94.32591
TX,Kress,34.3737,-101.73705
TX,Krum,33.27337,-97.26745
TX,Kurten,30.78694,-96.26389
TX,Kyle,30.0043,-97.83711
TX,La Blanca,26.2925,-98.0375
TX,La Coste,29.30818,-98.81247
TX,La Feria,26.16656,-97.82612
TX,La Grange,29.90398,-96.88599
TX,La Joya,26.24667,-98.48111
TX,La Marque,29.3676,-94.97416
TX,La Porte,29.6601,-95.05721
TX,La Pryor,28.94885,-99.85074
TX,La Salle,28.79139,-96.66889
TX,La Vernia,29.35091,-98.11297
TX,La Villa,26.29833,-97.92833
TX,La Ward,28.84361,-96.46389
TX,Ladonia,33.42453,-95.94549
TX,Laguna Park,31.85917,-97.37944
TX,Laird Hill,32.35306,-94.90528
TX,Lake Creek,33.46749,-95.62213
TX,Lake Dallas,33.1219,-97.02371
TX,Lake Jackson,29.03927,-95.44012
TX,Lakehills,29.63151,-98.92212
TX,Lakeview,34.67244,-100.72592
TX,Lamesa,32.73668,-101.95691
TX,Lampasas,31.06796,-98.18336
TX,Lancaster,32.61606,-96.783
TX,Lane City,29.21583,-96.02611
TX,Laneville,31.95082,-94.86603
TX,Langtry,29.80833,-101.55833
TX,Laredo,27.51554,-99.49858
TX,Larue,32.16076,-95.59266
TX,Lasara,26.46444,-97.91083
TX,Latexo,31.395,-95.47389
TX,Laughlin A F B,29.3564,-100.7891
TX,Lavon,33.0275,-96.43389
TX,Lawn,32.13601,-99.73508
TX,Lazbuddie,34.39306,-102.61083
TX,League City,29.51728,-95.09627
TX,Leakey,29.76895,-99.74791
TX,Leander,30.4598,-97.97023
TX,Leander,30.55289,-97.87517
TX,Ledbetter,30.23831,-96.76128
TX,Leesburg,32.97628,-95.10792
TX,Leesville,29.39614,-97.75662
TX,Lefors,35.43639,-100.80528
TX,Leggett,30.81778,-94.87028
TX,Lelia Lake,34.90111,-100.77028
TX,Leming,29.07278,-98.48389
TX,Lenorah,32.43916,-101.76114
TX,Leona,31.14207,-95.92843
TX,Leonard,33.40436,-96.22377
TX,Leroy,31.73139,-97.0175
TX,Levelland,33.57878,-102.36759
TX,Lewisville,33.04611,-96.99389
TX,Lexington,30.41914,-97.05239
TX,Liberty,30.07279,-94.76382
TX,Liberty Hill,30.66295,-97.9316
TX,Lillian,32.50639,-97.18722
TX,Lincoln,30.31769,-96.97016
TX,Lindale,32.51715,-95.42993
TX,Linden,33.00482,-94.36051
TX,Lindsay,33.63601,-97.22144
TX,Lingleville,32.24444,-98.37722
TX,Linn,26.54205,-98.17987
TX,Lipan,32.50722,-97.95361
TX,Lipscomb,36.22303,-100.27016
TX,Lissie,29.55583,-96.225
TX,Little Elm,33.17832,-96.96781
TX,Little River Academy,30.98389,-97.35139
TX,Littlefield,33.92119,-102.3207
TX,Liverpool,29.31146,-95.24075
TX,Livingston,30.71802,-94.93528
TX,Llano,30.72253,-98.65273
TX,Lockhart,29.88676,-97.67692
TX,Lockney,34.14583,-101.42593
TX,Lodi,32.87611,-94.27944
TX,Lohn,31.3173,-99.38334
TX,Lolita,28.77245,-96.47933
TX,Lometa,31.21671,-98.40055
TX,London,30.6171,-99.62553
TX,Lone Oak,32.99157,-95.94341
TX,Lone Star,32.94698,-94.7183
TX,Long Branch,32.05022,-94.47203
TX,Longview,32.52685,-94.72328
TX,Loop,32.91617,-102.42208
TX,Lopeno,26.71111,-99.10972
TX,Loraine,32.38505,-100.72851
TX,Lorena,31.40927,-97.23016
TX,Lorenzo,33.66663,-101.52774
TX,Los Ebanos,26.24306,-98.56139
TX,Los Fresnos,26.09107,-97.4904
TX,Los Indios,26.04889,-97.74472
TX,Lott,31.19246,-97.05814
TX,Louise,29.14908,-96.39237
TX,Lovelady,31.0564,-95.55006
TX,Loving,33.26886,-98.50237
TX,Lowake,31.56611,-100.07556
TX,Lozano,26.18889,-97.54083
TX,Lubbock,33.58653,-101.86063
TX,Lueders,32.76234,-99.67279
TX,Lufkin,31.336,-94.73418
TX,Luling,29.68262,-97.64995
TX,Lumberton,30.25306,-94.18972
TX,Lyford,26.40893,-97.78165
TX,Lyons,30.38611,-96.56306
TX,Lytle,29.23657,-98.79449
TX,Mabank,32.30751,-96.12952
TX,Mabank,32.36639,-96.10056
TX,Macdona,29.32556,-98.69083
TX,Madisonville,30.95333,-95.90909
TX,Magnolia,30.1857,-95.6772
TX,Malakoff,32.17051,-96.00595
TX,Malone,31.92398,-96.89068
TX,Manchaca,30.12727,-97.85379
TX,Manor,30.33882,-97.5323
TX,Mansfield,32.57726,-97.14155
TX,Manvel,29.46938,-95.35033
TX,Maple,33.8622,-102.92659
TX,Marathon,30.18858,-103.2214
TX,Marble Falls,30.57228,-98.30699
TX,Marfa,30.29298,-104.08483
TX,Marietta,33.17962,-94.5421
TX,Marion,29.56835,-98.15171
TX,Markham,28.9547,-96.09277
TX,Marlin,31.30359,-96.88894
TX,Marquez,31.23089,-96.2375
TX,Marshall,32.53378,-94.36191
TX,Mart,31.5458,-96.83813
TX,Martindale,29.79333,-97.79332
TX,Martinsville,31.6425,-94.41389
TX,Maryneal,32.20264,-100.49718
TX,Mason,30.74339,-99.22612
TX,Masterson,35.68528,-102.33278
TX,Matador,34.05251,-100.83614
TX,Matagorda,28.76493,-95.95189
TX,Mathis,28.08021,-97.80966
TX,Maud,33.35504,-94.48227
TX,Mauriceville,30.20333,-93.86611
TX,Maxwell,29.87863,-97.85285
TX,May,31.95708,-98.96565
TX,Maydelle,31.80056,-95.30222
TX,Maypearl,32.32788,-96.98803
TX,Mc Camey,31.13189,-102.21533
TX,Mc Caulley,32.77865,-100.21678
TX,Mc Dade,30.29682,-97.23856
TX,Mc Gregor,31.4431,-97.39432
TX,Mc Leod,32.95944,-94.07083
TX,Mc Neil,30.455,-97.71667
TX,Mc Queeney,29.60565,-98.03759
TX,Mcadoo,33.74126,-100.98329
TX,Mcallen,26.21544,-98.23587
TX,Mcfaddin,28.72194,-97.05028
TX,Mckinney,33.19656,-96.60849
TX,Mclean,35.23405,-100.6113
TX,Meadow,33.3321,-102.2492
TX,Medina,29.79069,-99.30643
TX,Megargel,33.45083,-98.92417
TX,Melissa,33.28411,-96.57401
TX,Melvin,31.18514,-99.5439
TX,Memphis,34.71224,-100.53465
TX,Menard,30.9119,-99.78472
TX,Mentone,31.73837,-103.55032
TX,Mercedes,26.15133,-97.9185
TX,Mereta,31.48632,-100.18339
TX,Meridian,31.92902,-97.64433
TX,Merit,33.21667,-96.28722
TX,Merkel,32.44437,-99.99244
TX,Mertens,32.02753,-96.89813
TX,Mertzon,31.28288,-100.8221
TX,Mesquite,32.76782,-96.60822
TX,Mexia,31.67839,-96.49519
TX,Meyersville,28.92292,-97.30416
TX,Miami,35.7193,-100.70271
TX,Mico,29.59105,-98.88211
TX,Midfield,28.93617,-96.22653
TX,Midkiff,31.30676,-101.92691
TX,Midland,31.98964,-102.06261
TX,Midlothian,32.47574,-96.99355
TX,Midway,30.98058,-95.70894
TX,Milam,31.47001,-93.83182
TX,Milano,30.73661,-96.80348
TX,Miles,31.61205,-100.18229
TX,Milford,32.1482,-96.96115
TX,Millersview,31.41674,-99.71714
TX,Millican,30.46833,-96.20222
TX,Millsap,32.67002,-97.87839
TX,Minden,32.0497,-94.763
TX,Mineola,32.66606,-95.48703
TX,Mineral,28.54833,-97.90389
TX,Mineral Wells,32.81028,-98.06305
TX,Mingus,32.56267,-98.42626
TX,Mirando City,27.44504,-99.00112
TX,Mission,26.24153,-98.34265
TX,Missouri City,29.57043,-95.54228
TX,Mobeetie,35.52972,-100.42416
TX,Monahans,31.58129,-102.90027
TX,Mont Belvieu,29.8475,-94.89056
TX,Montague,33.6639,-97.72823
TX,Montalba,31.92216,-95.75926
TX,Montgomery,30.38806,-95.69611
TX,Moody,31.25332,-97.40996
TX,Moore,29.03538,-98.9874
TX,Moran,32.55491,-99.16557
TX,Morgan,32.01946,-97.56083
TX,Morgan Mill,32.38806,-98.16694
TX,Morse,36.05958,-101.47288
TX,Morton,33.71572,-102.77962
TX,Moscow,30.9179,-94.85437
TX,Moulton,29.56999,-97.10312
TX,Mound,31.35167,-97.63722
TX,Mount Calm,31.7575,-96.89439
TX,Mount Enterprise,31.9125,-94.6235
TX,Mount Pleasant,33.17331,-94.96946
TX,Mount Vernon,33.1702,-95.21811
TX,Mountain Home,30.21325,-99.31861
TX,Muenster,33.65955,-97.36241
TX,Muldoon,29.79931,-97.10056
TX,Muleshoe,34.21931,-102.74963
TX,Mullin,31.57483,-98.66354
TX,Mumford,30.73417,-96.56472
TX,Munday,33.45609,-99.63262
TX,Murchison,32.32573,-95.77372
TX,Myra,33.62389,-97.31417
TX,Nacogdoches,31.61853,-94.65109
TX,Nada,29.40472,-96.38611
TX,Naples,33.19119,-94.68906
TX,Nash,33.43979,-94.14224
TX,Natalia,29.21167,-98.85516
TX,Naval Air Station/ Jrb,32.77185,-97.43545
TX,Navasota,30.35765,-96.05936
TX,Navasota,30.38778,-96.0875
TX,Nazareth,34.54436,-102.10691
TX,Neches,31.86667,-95.49556
TX,Nederland,29.97161,-94.00119
TX,Needville,29.41165,-95.82729
TX,Nemo,32.27131,-97.65667
TX,Nevada,33.05934,-96.38766
TX,New Baden,31.05083,-96.42889
TX,New Boston,33.46212,-94.43388
TX,New Braunfels,29.69473,-98.11304
TX,New Caney,30.15793,-95.19797
TX,New Deal,33.73722,-101.83611
TX,New Home,33.32639,-101.91167
TX,New London,32.23861,-94.94028
TX,New Summerfield,31.98056,-95.09361
TX,New Ulm,29.81425,-96.53796
TX,New Waverly,30.53536,-95.45319
TX,Newark,33.0071,-97.5107
TX,Newcastle,33.1901,-98.74464
TX,Newton,30.83507,-93.7497
TX,Nixon,29.30165,-97.7529
TX,Nocona,33.79816,-97.72698
TX,Nolan,32.27933,-100.26705
TX,Nolanville,31.08327,-97.59411
TX,Nome,30.03556,-94.42417
TX,Nordheim,28.91422,-97.59458
TX,Normangee,31.08747,-96.14727
TX,Normanna,28.52944,-97.78194
TX,North Houston,29.92528,-95.515
TX,North Richland Hills,32.85397,-97.22071
TX,North Zulch,30.92853,-96.09249
TX,Norton,31.8795,-100.13151
TX,Notrees,31.91722,-102.75528
TX,Novice,32.00093,-99.59353
TX,Nursery,28.92333,-97.09833
TX,O Brien,33.37487,-99.8473
TX,Oakhurst,30.71262,-95.30948
TX,Oakland,29.60139,-96.82972
TX,Oakville,28.4644,-98.05539
TX,Oakwood,31.60231,-95.90215
TX,Odell,34.34583,-99.41861
TX,Odem,27.94031,-97.58375
TX,Odessa,31.8465,-102.3663
TX,Odonnell,32.97733,-101.8271
TX,Oglesby,31.44377,-97.55009
TX,Oilton,27.46556,-98.97389
TX,Oklaunion,34.12037,-99.16023
TX,Old Glory,33.18416,-100.15315
TX,Old Ocean,29.07972,-95.74944
TX,Olden,32.41889,-98.75056
TX,Olmito,26.03917,-97.55611
TX,Olney,33.36013,-98.74269
TX,Olton,34.18442,-102.14141
TX,Omaha,33.18079,-94.76394
TX,Onalaska,30.80556,-95.11611
TX,Orange,30.12517,-93.77188
TX,Orange Grove,27.94866,-97.98383
TX,Orangefield,30.07472,-93.85556
TX,Orchard,29.60389,-95.96944
TX,Ore City,32.78559,-94.7514
TX,Orla,31.825,-103.90833
TX,Ottine,29.59778,-97.58389
TX,Ovalo,32.15526,-99.82287
TX,Overton,32.26904,-94.95291
TX,Ozona,30.71637,-101.2388
TX,Paducah,34.01915,-100.30592
TX,Paige,30.1858,-97.11977
TX,Paint Rock,31.50481,-99.91394
TX,Palacios,28.71504,-96.21544
TX,Palestine,31.75875,-95.63416
TX,Palmer,32.43871,-96.67943
TX,Palo Pinto,32.72532,-98.27026
TX,Paluxy,32.27056,-97.90722
TX,Pampa,35.53804,-100.95789
TX,Pandora,29.25,-97.8375
TX,Panhandle,35.38084,-101.43037
TX,Panna Maria,28.95806,-97.89722
TX,Panola,32.35778,-94.09111
TX,Paradise,33.08261,-97.69742
TX,Paris,33.65808,-95.53788
TX,Pasadena,29.692,-95.2005
TX,Pattison,29.825,-95.99472
TX,Pattonville,33.57023,-95.3908
TX,Pawnee,28.6525,-98.0025
TX,Pearland,29.56166,-95.27207
TX,Pearsall,28.89232,-99.09436
TX,Peaster,32.87194,-97.86639
TX,Pecan Gap,33.41964,-95.8262
TX,Pecos,31.41438,-103.50813
TX,Peggy,28.73944,-98.17833
TX,Pendleton,31.195,-97.34833
TX,Penelope,31.85515,-96.93716
TX,Penitas,26.23028,-98.44444
TX,Pennington,31.16184,-95.15868
TX,Penwell,31.73972,-102.59111
TX,Pep,33.81043,-102.56558
TX,Perrin,33.05845,-98.04401
TX,Perryton,36.37483,-100.81556
TX,Petersburg,33.87681,-101.60459
TX,Petrolia,34.02733,-98.26922
TX,Pettus,28.61778,-97.80194
TX,Petty,33.60977,-95.78906
TX,Pflugerville,30.44213,-97.6299
TX,Pharr,26.17705,-98.18702
TX,Pickton,33.0424,-95.46298
TX,Pierce,29.23889,-96.19972
TX,Pilot Point,33.37098,-96.94455
TX,Pinehurst,30.15805,-95.68141
TX,Pineland,31.24178,-93.97542
TX,Pittsburg,32.96231,-94.96034
TX,Placedo,28.69111,-96.82778
TX,Plains,33.18935,-102.82937
TX,Plainview,34.19619,-101.7259
TX,Plano,33.05497,-96.73645
TX,Plantersville,30.29693,-95.84981
TX,Pleasanton,28.99237,-98.48306
TX,Pledger,29.17921,-95.89859
TX,Plum,29.93472,-96.96722
TX,Point,32.90074,-95.89029
TX,Point Comfort,28.67944,-96.56
TX,Pointblank,30.75926,-95.22949
TX,Pollok,31.42911,-94.8254
TX,Ponder,33.17738,-97.28481
TX,Pontotoc,30.89062,-99.02122
TX,Poolville,32.96802,-97.84723
TX,Port Aransas,27.83361,-97.06083
TX,Port Arthur,29.88256,-93.96256
TX,Port Bolivar,29.45979,-94.61168
TX,Port Isabel,26.08764,-97.25439
TX,Port Lavaca,28.60113,-96.62594
TX,Port Mansfield,26.55524,-97.42798
TX,Port Neches,29.97698,-93.96262
TX,Port O Connor,28.14003,-96.77513
TX,Porter,30.12373,-95.26861
TX,Portland,27.89355,-97.31693
TX,Post,33.2017,-101.39216
TX,Poteet,29.09941,-98.62407
TX,Poth,29.06191,-98.08247
TX,Pottsboro,33.80953,-96.69056
TX,Pottsville,31.68374,-98.35608
TX,Powderly,33.77788,-95.53069
TX,Powell,32.11956,-96.33271
TX,Poynor,32.07417,-95.59806
TX,Prairie Hill,31.6591,-96.80938
TX,Prairie Lea,29.73222,-97.75333
TX,Prairie View,30.09306,-95.9875
TX,Premont,27.35444,-98.13302
TX,Presidio,29.5573,-104.35511
TX,Price,32.10084,-94.94149
TX,Priddy,31.68742,-98.50146
TX,Princeton,33.15554,-96.49807
TX,Proctor,31.98722,-98.42944
TX,Progreso,26.09194,-97.95694
TX,Prosper,33.23617,-96.7954
TX,Purdon,31.94828,-96.58562
TX,Purmela,31.47265,-97.88895
TX,Putnam,32.37083,-99.19222
TX,Pyote,31.53949,-103.13968
TX,Quail,34.91797,-100.42524
TX,Quanah,34.29555,-99.74944
TX,Queen City,33.18736,-94.15483
TX,Quemado,28.94269,-100.57418
TX,Quinlan,32.89835,-96.12608
TX,Quitaque,34.3796,-101.04646
TX,Quitman,32.80486,-95.43016
TX,Rainbow,32.28122,-97.70652
TX,Ralls,33.67898,-101.38274
TX,Randolph,33.48389,-96.25222
TX,Ranger,32.46809,-98.67466
TX,Rankin,31.2225,-101.9375
TX,Ransom Canyon,33.53302,-101.6908
TX,Ratcliff,31.39139,-95.13944
TX,Ravenna,33.70976,-96.14516
TX,Raymondville,26.47924,-97.79666
TX,Raywood,30.04167,-94.67194
TX,Reagan,31.22971,-96.74194
TX,Realitos,27.41628,-98.53549
TX,Red Oak,32.5161,-96.82034
TX,Red Rock,29.99062,-97.40806
TX,Redford,29.56056,-104.37167
TX,Redwater,33.35806,-94.25417
TX,Refugio,28.31694,-97.27666
TX,Reklaw,31.88586,-95.01183
TX,Rhome,33.05405,-97.48169
TX,Rice,32.22579,-96.46061
TX,Richards,30.53817,-95.86105
TX,Richardson,32.96599,-96.74525
TX,Richland,31.90179,-96.43726
TX,Richland Springs,31.27532,-98.85073
TX,Richmond,29.58194,-95.76056
TX,Riesel,31.50025,-96.94764
TX,Ringgold,33.81639,-97.94398
TX,Rio Frio,29.65829,-99.77234
TX,Rio Grande City,26.39419,-98.81044
TX,Rio Hondo,26.23385,-97.55131
TX,Rio Medina,29.49039,-98.86687
TX,Rio Vista,32.25317,-97.36782
TX,Rising Star,32.12799,-98.98585
TX,Riverside,30.85278,-95.40333
TX,Riviera,27.32174,-97.77871
TX,Roanoke,32.98639,-97.20535
TX,Roans Prairie,30.48694,-95.98667
TX,Roaring Springs,33.89767,-100.85282
TX,Robert Lee,31.89509,-100.51037
TX,Robstown,27.79839,-97.69952
TX,Roby,32.72202,-100.40077
TX,Rochelle,31.30001,-99.15723
TX,Rochester,33.31046,-99.85937
TX,Rock Island,29.53083,-96.575
TX,Rockdale,30.65828,-97.0079
TX,Rockport,28.02028,-97.05417
TX,Rocksprings,30.01876,-100.23103
TX,Rockwall,32.93111,-96.45944
TX,Rockwood,31.50368,-99.37458
TX,Rogers,30.95501,-97.22279
TX,Roma,26.42154,-99.00248
TX,Romayor,30.45111,-94.84306
TX,Roosevelt,30.5322,-99.9165
TX,Ropesville,33.4575,-102.15841
TX,Rosanky,29.92412,-97.31188
TX,Roscoe,32.42756,-100.53909
TX,Rosebud,31.09221,-96.97545
TX,Rosenberg,29.54973,-95.79821
TX,Rosharon,29.42033,-95.45373
TX,Ross,31.71833,-97.11889
TX,Rosser,32.4625,-96.45306
TX,Rosston,33.4838,-97.45417
TX,Rotan,32.85552,-100.47049
TX,Round Mountain,30.44288,-98.43651
TX,Round Rock,30.51452,-97.66803
TX,Round Top,30.04113,-96.73406
TX,Rowena,31.64355,-100.01909
TX,Rowlett,32.9027,-96.5636
TX,Roxton,33.54293,-95.74161
TX,Royse City,32.96278,-96.36484
TX,Rule,33.18416,-99.88935
TX,Runge,28.88756,-97.71382
TX,Rusk,31.80976,-95.17316
TX,Rye,30.4525,-94.76861
TX,Sabinal,29.32667,-99.47811
TX,Sabine Pass,29.73333,-93.89417
TX,Sachse,32.97358,-96.59147
TX,Sacul,31.82472,-94.91861
TX,Sadler,33.73099,-96.84002
TX,Saint Hedwig,29.43528,-98.19522
TX,Saint Jo,33.74402,-97.55676
TX,Salado,30.94939,-97.533
TX,Salineno,26.51611,-99.11194
TX,Salt Flat,31.35903,-104.61147
TX,Saltillo,33.17668,-95.34332
TX,Sam Norwood,35.05222,-100.28028
TX,San Angelo,31.47817,-100.48175
TX,San Antonio,29.46852,-98.52635
TX,San Antonio,29.64423,-98.31277
TX,San Augustine,31.51517,-94.13258
TX,San Benito,26.13366,-97.64475
TX,San Diego,27.76535,-98.2503
TX,San Elizario,31.585,-106.27222
TX,San Felipe,29.79278,-96.10056
TX,San Isidro,26.7214,-98.41615
TX,San Juan,26.20437,-98.15373
TX,San Marcos,29.87536,-97.94042
TX,San Perlita,26.48316,-97.6157
TX,San Saba,31.16268,-98.73093
TX,San Ygnacio,27.06252,-99.42715
TX,Sanderson,30.14222,-102.39361
TX,Sandia,28.07088,-97.89785
TX,Sanford,35.70194,-101.53417
TX,Sanger,33.35627,-97.18143
TX,Santa Anna,31.72148,-99.3212
TX,Santa Elena,26.73364,-98.51941
TX,Santa Fe,29.37185,-95.08943
TX,Santa Maria,26.07833,-97.84917
TX,Santa Rosa,26.25551,-97.82566
TX,Santo,32.59793,-98.17968
TX,Saragosa,31.02389,-103.66111
TX,Saratoga,30.33982,-94.57172
TX,Sarita,27.14962,-97.85763
TX,Satin,31.34639,-97.03139
TX,Savoy,33.60657,-96.35016
TX,Schertz,29.56816,-98.27221
TX,Schulenburg,29.68825,-96.91056
TX,Schwertner,30.81528,-97.51389
TX,Scotland,33.65349,-98.46498
TX,Scottsville,32.54028,-94.23806
TX,Scroggins,32.99118,-95.23968
TX,Scurry,32.48184,-96.39245
TX,Seabrook,29.57289,-95.02874
TX,Seadrift,28.41011,-96.70228
TX,Seagoville,32.65252,-96.55797
TX,Seagraves,32.93172,-102.57807
TX,Sealy,29.78263,-96.15919
TX,Sebastian,26.34524,-97.77473
TX,Seguin,29.56132,-97.9628
TX,Selman City,32.18734,-94.95081
TX,Seminole,32.72104,-102.68276
TX,Seymour,33.59145,-99.25873
TX,Shallowater,33.69186,-101.98363
TX,Shamrock,35.2206,-100.26215
TX,Sheffield,30.69355,-101.85996
TX,Shelbyville,31.71307,-93.96984
TX,Shepherd,30.4834,-95.09291
TX,Sheppard Afb,33.98235,-98.50877
TX,Sheridan,29.49333,-96.67083
TX,Sherman,33.64352,-96.60752
TX,Shiner,29.42804,-97.16396
TX,Shiro,30.61306,-95.88806
TX,Sidney,31.93203,-98.76799
TX,Sierra Blanca,31.19382,-105.32187
TX,Silsbee,30.32439,-94.19073
TX,Silver,32.04837,-100.69223
TX,Silverton,34.46409,-101.3169
TX,Simms,33.49873,-94.60386
TX,Simonton,29.67917,-95.97694
TX,Sinton,28.0339,-97.51958
TX,Skellytown,35.56849,-101.17213
TX,Skidmore,28.23058,-97.66607
TX,Slaton,33.43679,-101.65192
TX,Slidell,33.35972,-97.39139
TX,Smiley,29.26553,-97.62271
TX,Smithville,30.01781,-97.1494
TX,Smyer,33.58417,-102.16278
TX,Snook,30.48861,-96.46417
TX,Snyder,32.71511,-100.90748
TX,Somerset,29.21156,-98.6214
TX,Somerville,30.40759,-96.53583
TX,Sonora,30.55575,-100.63067
TX,Sour Lake,30.14913,-94.37334
TX,South Bend,32.95972,-98.765
TX,South Houston,29.6601,-95.22582
TX,South Padre Island,26.1111,-97.16729
TX,South Plains,34.22444,-101.30917
TX,Southlake,32.95646,-97.14807
TX,Southmayd,33.63028,-96.76889
TX,Spade,33.92611,-102.15306
TX,Spearman,36.19269,-101.19523
TX,Spicewood,30.38995,-98.05392
TX,Splendora,30.23261,-95.19931
TX,Spring,30.05324,-95.37733
TX,Spring,30.13739,-95.46894
TX,Spring Branch,29.92382,-98.37879
TX,Springlake,34.23932,-102.309
TX,Springtown,32.96602,-97.63495
TX,Spur,33.47902,-100.85712
TX,Spurger,30.77806,-94.21274
TX,Stafford,29.62282,-95.56776
TX,Stamford,32.94532,-99.78593
TX,Stanton,32.13999,-101.80989
TX,Staples,29.78111,-97.83583
TX,Star,31.47904,-98.41575
TX,Stephenville,32.22137,-98.22241
TX,Sterling City,31.83506,-101.00173
TX,Stinnett,35.83766,-101.45001
TX,Stockdale,29.23191,-97.93508
TX,Stonewall,30.22492,-98.65547
TX,Stowell,29.78972,-94.38306
TX,Stratford,36.33349,-101.98857
TX,Strawn,32.5945,-98.49947
TX,Streetman,31.88853,-96.29876
TX,Sublime,29.47861,-96.79722
TX,Sudan,34.06966,-102.52553
TX,Sugar Land,29.63415,-95.62186
TX,Sullivan City,26.27197,-98.56271
TX,Sulphur Bluff,33.33338,-95.37396
TX,Sulphur Springs,33.13454,-95.59216
TX,Summerfield,34.72724,-102.49919
TX,Sumner,33.75894,-95.68067
TX,Sundown,33.45611,-102.48889
TX,Sunnyvale,32.80192,-96.567
TX,Sunray,36.00971,-101.81233
TX,Sunset,33.45391,-97.77089
TX,Sutherland Springs,29.27783,-98.07079
TX,Sweeny,29.04151,-95.70036
TX,Sweet Home,29.345,-97.07139
TX,Sweetwater,32.47259,-100.39791
TX,Sylvester,32.71791,-100.2425
TX,Taft,27.97652,-97.39662
TX,Tahoka,33.1988,-101.82198
TX,Talco,33.33436,-95.04972
TX,Talpa,31.80342,-99.67468
TX,Tarpley,29.64549,-99.24687
TX,Tarzan,32.35752,-101.96072
TX,Tatum,32.32657,-94.59603
TX,Taylor,30.58071,-97.4401
TX,Teague,31.63277,-96.27778
TX,Tehuacana,31.74111,-96.54667
TX,Telegraph,30.36736,-99.92837
TX,Telephone,33.79785,-96.04494
TX,Telferner,28.84861,-96.89028
TX,Tell,34.37816,-100.39648
TX,Temple,31.08952,-97.33426
TX,Tenaha,31.94081,-94.24877
TX,Tennessee Colony,31.79288,-95.8998
TX,Tennyson,31.74167,-100.28583
TX,Terlingua,29.31648,-103.55967
TX,Terrell,32.71429,-96.25134
TX,Texarkana,33.40737,-94.11825
TX,Texas City,29.39698,-94.9203
TX,Texline,36.37403,-102.98452
TX,The Colony,33.09402,-96.88357
TX,Thicket,30.39556,-94.63
TX,Thomaston,28.99722,-97.15472
TX,Thompsons,29.4975,-95.58472
TX,Thorndale,30.60824,-97.17645
TX,Thornton,31.40833,-96.50238
TX,Thrall,30.59198,-97.28926
TX,Three Rivers,28.47565,-98.17816
TX,Throckmorton,33.17945,-99.18381
TX,Tilden,28.41975,-98.56932
TX,Timpson,31.88409,-94.39673
TX,Tioga,33.46749,-96.90971
TX,Tivoli,28.44012,-96.88717
TX,Tokio,33.18259,-102.57675
TX,Tolar,32.37725,-97.88021
TX,Tom Bean,33.52,-96.48361
TX,Tomball,30.07392,-95.62006
TX,Tornillo,31.44528,-106.08778
TX,Tow,30.86087,-98.45965
TX,Toyah,31.31472,-103.79278
TX,Toyahvale,30.94417,-103.78889
TX,Trent,32.48975,-100.11949
TX,Trenton,33.42349,-96.33975
TX,Trinidad,32.13834,-96.08307
TX,Trinity,30.94195,-95.34029
TX,Troup,32.104,-95.12266
TX,Troy,31.17585,-97.28521
TX,Tuleta,28.57056,-97.79694
TX,Tulia,34.54026,-101.76286
TX,Turkey,34.40364,-100.84488
TX,Tuscola,32.23495,-99.82439
TX,Tye,32.44773,-99.86843
TX,Tyler,32.32537,-95.29218
TX,Tynan,28.16934,-97.75488
TX,Umbarger,34.95444,-102.105
TX,Universal City,29.55161,-98.30674
TX,Utopia,29.5972,-99.55845
TX,Uvalde,29.21724,-99.79307
TX,Valentine,30.62004,-104.4811
TX,Valera,31.77314,-99.56396
TX,Valley Mills,31.65988,-97.49346
TX,Valley Spring,30.83686,-98.83254
TX,Valley View,33.50217,-97.23105
TX,Van,32.52826,-95.65454
TX,Van Alstyne,33.42917,-96.54863
TX,Van Horn,31.04288,-104.83225
TX,Van Vleck,29.01388,-95.9389
TX,Vancourt,31.34042,-100.18037
TX,Vanderbilt,28.82278,-96.61722
TX,Vanderpool,29.74178,-99.55554
TX,Vega,35.37321,-102.35657
TX,Venus,32.43297,-97.10873
TX,Veribest,31.47639,-100.25917
TX,Vernon,34.14914,-99.30301
TX,Victoria,28.80895,-96.99935
TX,Vidor,30.15018,-94.00078
TX,Village Mills,30.49361,-94.39722
TX,Voca,30.99587,-99.1682
TX,Von Ormy,29.27498,-98.66774
TX,Voss,31.63919,-99.53854
TX,Votaw,30.43528,-94.67306
TX,Waco,31.55245,-97.13961
TX,Wadsworth,28.61429,-95.97131
TX,Waelder,29.6868,-97.2958
TX,Waka,36.28167,-101.04722
TX,Walburg,30.73667,-97.58
TX,Wall,31.36944,-100.32213
TX,Waller,30.08601,-95.96128
TX,Wallis,29.63968,-96.04557
TX,Wallisville,29.8591,-94.6759
TX,Walnut Springs,32.05927,-97.75142
TX,Warda,30.055,-96.91361
TX,Waring,29.95056,-98.80278
TX,Warren,30.59778,-94.41197
TX,Warrenton,30.01722,-96.73167
TX,Washington,30.31819,-96.22495
TX,Waskom,32.46718,-94.13788
TX,Water Valley,31.6675,-100.71667
TX,Waxahachie,32.3808,-96.8374
TX,Wayside,34.80335,-101.54543
TX,Weatherford,32.8435,-97.7047
TX,Webster,29.55641,-95.14399
TX,Weesatche,28.84694,-97.44778
TX,Weimar,29.67871,-96.75504
TX,Weinert,33.32487,-99.66643
TX,Weir,30.67361,-97.58444
TX,Welch,32.89383,-102.10679
TX,Wellborn,30.535,-96.30139
TX,Wellington,34.87173,-100.22072
TX,Wellman,33.04833,-102.4275
TX,Wells,31.49976,-94.96935
TX,Weslaco,26.16944,-97.98871
TX,West,31.77538,-97.12584
TX,West Columbia,29.14082,-95.66939
TX,West Point,29.95235,-97.03613
TX,Westbrook,32.35319,-100.99072
TX,Westhoff,29.05498,-97.3511
TX,Westminster,33.3625,-96.46167
TX,Weston,33.34889,-96.66917
TX,Wharton,29.32049,-96.08583
TX,Wheeler,35.43185,-100.25682
TX,Wheelock,30.8975,-96.38972
TX,White Deer,35.42781,-101.17399
TX,White Oak,32.53723,-94.86212
TX,Whiteface,33.58658,-102.63894
TX,Whitehouse,32.22196,-95.22655
TX,Whitesboro,33.65902,-96.87898
TX,Whitewright,33.51904,-96.45103
TX,Whitharral,33.7375,-102.32667
TX,Whitney,31.9592,-97.33495
TX,Whitsett,28.63732,-98.25648
TX,Whitt,32.95546,-98.02101
TX,Wichita Falls,33.90528,-98.49765
TX,Wickett,31.57,-103.00056
TX,Wiergate,31.04142,-93.80385
TX,Wildorado,35.19156,-102.21175
TX,Willis,30.42472,-95.47972
TX,Willow City,30.45489,-98.66459
TX,Wills Point,32.72834,-96.00788
TX,Wilmer,32.59813,-96.68376
TX,Wilson,33.32986,-101.71223
TX,Wimberley,30.02647,-98.11231
TX,Windom,33.56329,-96.002
TX,Windthorst,33.57957,-98.43759
TX,Winfield,33.1615,-95.07898
TX,Wingate,32.03178,-100.11831
TX,Wink,31.75267,-103.15608
TX,Winnie,29.81568,-94.3395
TX,Winnsboro,32.91462,-95.27265
TX,Winona,32.46616,-95.12462
TX,Winters,31.96203,-99.95511
TX,Woden,31.50306,-94.52639
TX,Wolfe City,33.36048,-96.06907
TX,Wolfforth,33.53038,-102.0261
TX,Woodlake,31.02861,-95.03278
TX,Woodlawn,32.66806,-94.34556
TX,Woodsboro,28.22322,-97.31921
TX,Woodson,33.30197,-99.01595
TX,Woodville,30.77513,-94.42549
TX,Woodway,31.50507,-97.23106
TX,Wortham,31.78654,-96.42021
TX,Wrightsboro,29.35777,-97.50353
TX,Wylie,33.0041,-96.53938
TX,Yancey,29.1404,-99.14277
TX,Yantis,32.92569,-95.53111
TX,Yoakum,29.28395,-97.13063
TX,Yorktown,28.98919,-97.51206
TX,Zapata,26.88966,-99.25062
TX,Zavalla,31.15686,-94.38711
TX,Zephyr,31.66943,-98.8182
UT,Alpine,40.46159,-111.76886
UT,Altamont,40.37022,-110.44636
UT,Alton,37.4699,-112.54839
UT,Altonah,40.44189,-110.4385
UT,American Fork,40.39278,-111.79411
UT,Aneth,37.21467,-109.29828
UT,Annabella,38.70917,-112.05917
UT,Antimony,38.1015,-111.99303
UT,Aurora,38.92222,-111.93333
UT,Axtell,39.05325,-111.8243
UT,Bear River City,41.61472,-112.12583
UT,Beaver,38.28071,-112.62992
UT,Beryl,37.96005,-113.61959
UT,Bicknell,38.34083,-111.54333
UT,Bingham Canyon,40.56461,-112.09772
UT,Blanding,37.58634,-109.4866
UT,Bluebell,40.35173,-110.29412
UT,Bluff,37.28444,-109.55111
UT,Bonanza,40.02111,-109.17667
UT,Boulder,37.91661,-111.42665
UT,Bountiful,40.87751,-111.87266
UT,Brian Head,37.69846,-112.8437
UT,Brigham City,41.50792,-112.01518
UT,Bryce,37.57,-112.295
UT,Cache Junction,41.83556,-112.00194
UT,Cannonville,37.56694,-112.05306
UT,Castle Dale,39.21222,-111.01889
UT,Cedar City,37.68954,-113.07451
UT,Cedar Valley,40.14252,-111.96899
UT,Centerfield,39.12508,-111.81852
UT,Centerville,40.92677,-111.87701
UT,Central,37.56773,-113.7172
UT,Chester,39.46528,-111.57167
UT,Circleville,38.17167,-112.26972
UT,Cisco,38.97,-109.32
UT,Clarkston,41.91877,-112.04859
UT,Clawson,39.13306,-111.09639
UT,Clearfield,41.12939,-112.04822
UT,Cleveland,39.34889,-110.85083
UT,Coalville,40.92439,-111.40711
UT,Collinston,41.78777,-112.12422
UT,Corinne,41.54499,-112.15139
UT,Cornish,41.97018,-111.95424
UT,Croydon,41.06891,-111.52309
UT,Dammeron Valley,37.2849,-113.65855
UT,Delta,39.37553,-112.53189
UT,Deweyville,41.69723,-112.09472
UT,Draper,40.5046,-111.88096
UT,Duchesne,39.95398,-110.61809
UT,Duck Creek Village,37.52361,-112.66222
UT,Dugway,40.52689,-112.87291
UT,Dutch John,40.93224,-109.35425
UT,Eagle Mountain,40.3472,-111.9888
UT,East Carbon,39.54609,-110.41131
UT,Echo,40.97778,-111.4425
UT,Eden,41.33028,-111.85577
UT,Elberta,39.95278,-111.95556
UT,Elmo,39.38972,-110.81444
UT,Elsinore,38.68278,-112.1475
UT,Emery,38.92306,-111.24806
UT,Enterprise,37.57361,-113.71833
UT,Ephraim,39.35998,-111.5823
UT,Escalante,37.76984,-111.6037
UT,Eureka,39.95409,-112.11745
UT,Fairview,39.64532,-111.49529
UT,Farmington,40.98891,-111.89378
UT,Fayette,39.23153,-111.84971
UT,Ferron,39.0692,-111.1467
UT,Fielding,41.81182,-112.11898
UT,Fillmore,38.98054,-112.33132
UT,Fort Duchesne,40.30141,-109.86373
UT,Fountain Green,39.63,-111.63444
UT,Fruitland,40.21278,-110.83889
UT,Garden City,41.93764,-111.40703
UT,Garland,41.74132,-112.15163
UT,Garrison,39.07438,-113.89486
UT,Glendale,37.3219,-112.60349
UT,Glenwood,38.76333,-111.98944
UT,Goshen,39.95306,-111.9
UT,Grantsville,40.60054,-112.46177
UT,Green River,39.00024,-110.15982
UT,Greenville,38.26358,-112.7084
UT,Greenwich,38.43111,-111.92222
UT,Grouse Creek,41.62973,-113.85404
UT,Gunlock,37.28611,-113.7625
UT,Gunnison,39.15446,-111.8167
UT,Hanksville,38.25205,-110.81374
UT,Hanna,40.45014,-110.80975
UT,Hatch,37.64972,-112.43361
UT,Heber City,40.4947,-111.40509
UT,Helper,39.67368,-110.856
UT,Henefer,41.01667,-111.4975
UT,Henrieville,37.56278,-111.99361
UT,Herriman,40.5032,-112.034
UT,Hildale,37.00361,-112.96611
UT,Hill Afb,41.11696,-111.99556
UT,Hinckley,39.33084,-112.67158
UT,Holden,39.09889,-112.27
UT,Honeyville,41.62375,-112.09743
UT,Hooper,41.18267,-112.09037
UT,Howell,41.79611,-112.44361
UT,Huntington,39.29202,-110.97409
UT,Huntsville,41.27214,-111.76182
UT,Hurricane,37.1691,-113.22471
UT,Hyde Park,41.79889,-111.81833
UT,Hyrum,41.6311,-111.849
UT,Ibapah,40.03667,-113.98444
UT,Ivins,37.16861,-113.67861
UT,Jensen,40.37871,-109.35098
UT,Joseph,38.62209,-112.22512
UT,Junction,38.2375,-112.21917
UT,Kamas,40.64143,-111.26188
UT,Kanab,37.07209,-112.34537
UT,Kanarraville,37.53889,-113.18333
UT,Kanosh,38.80139,-112.43667
UT,Kaysville,41.03753,-111.93261
UT,Kenilworth,39.68833,-110.805
UT,Kingston,38.21577,-112.20486
UT,Koosharem,38.51028,-111.88056
UT,La Sal,38.31222,-109.2475
UT,La Verkin,37.20111,-113.26889
UT,Lake Powell,37.4599,-110.50692
UT,Laketown,41.81068,-111.26885
UT,Lapoint,40.40028,-109.8041
UT,Layton,41.08458,-111.92736
UT,Leamington,39.53472,-112.28278
UT,Leeds,37.23861,-113.35833
UT,Lehi,40.39585,-111.85061
UT,Levan,39.55861,-111.86111
UT,Lewiston,41.97009,-111.87681
UT,Lindon,40.34119,-111.71436
UT,Loa,38.41727,-111.62923
UT,Logan,41.74703,-111.82261
UT,Lyman,38.39694,-111.58889
UT,Lynndyl,39.51917,-112.375
UT,Magna,40.70088,-112.08087
UT,Manila,40.96849,-109.7235
UT,Manti,39.23539,-111.65137
UT,Mantua,41.4975,-111.94165
UT,Mapleton,40.13371,-111.58012
UT,Marysvale,38.44492,-112.25185
UT,Mayfield,39.11417,-111.71
UT,Meadow,38.88583,-112.40972
UT,Mendon,41.70999,-111.98169
UT,Mexican Hat,37.11843,-109.99187
UT,Midvale,40.61518,-111.88507
UT,Midway,40.50934,-111.47758
UT,Milford,38.33107,-112.99338
UT,Millville,41.68167,-111.82222
UT,Minersville,38.21417,-112.92278
UT,Moab,38.56767,-109.52709
UT,Modena,37.79945,-113.91928
UT,Mona,39.83816,-111.848
UT,Monroe,38.64531,-112.13243
UT,Montezuma Creek,37.27278,-109.33722
UT,Monticello,37.92171,-109.31529
UT,Monument Valley,37.06142,-110.42733
UT,Morgan,41.06783,-111.71634
UT,Moroni,39.525,-111.58972
UT,Mount Carmel,37.23782,-112.67003
UT,Mount Pleasant,39.52323,-111.50385
UT,Mountain Home,40.192,-110.76702
UT,Myton,40.19405,-110.04806
UT,Neola,40.44915,-110.03722
UT,Nephi,39.69228,-111.8359
UT,New Harmony,37.47944,-113.30889
UT,Newcastle,37.73605,-113.66148
UT,Newton,41.86278,-111.99
UT,North Salt Lake,40.84406,-111.90412
UT,Oak City,39.375,-112.33472
UT,Oakley,40.71472,-111.3
UT,Ogden,41.2443,-112.0072
UT,Orangeville,39.22722,-111.05278
UT,Orderville,37.27442,-112.64204
UT,Orem,40.31341,-111.69529
UT,Panguitch,37.80777,-112.43689
UT,Paradise,41.56001,-111.82967
UT,Paragonah,37.89172,-112.77397
UT,Park City,40.69572,-111.52802
UT,Park Valley,41.85513,-113.34776
UT,Parowan,37.84486,-112.83225
UT,Payson,40.04487,-111.73214
UT,Peoa,40.72094,-111.30247
UT,Pine Valley,37.38977,-113.51771
UT,Pleasant Grove,40.37199,-111.73328
UT,Plymouth,41.87556,-112.14333
UT,Portage,41.97583,-112.23861
UT,Price,39.60201,-110.80812
UT,Providence,41.69522,-111.82439
UT,Provo,40.23195,-111.6755
UT,Randlett,40.21865,-109.7301
UT,Randolph,41.65633,-111.18558
UT,Redmond,39.00611,-111.86111
UT,Richfield,38.75708,-112.06225
UT,Richmond,41.92822,-111.80692
UT,Riverside,41.78889,-112.14806
UT,Riverton,40.53789,-111.95466
UT,Rockville,37.16111,-113.0375
UT,Roosevelt,40.31023,-110.01078
UT,Roy,41.17236,-112.03818
UT,Rush Valley,40.23363,-112.74403
UT,Saint George,37.10665,-113.59526
UT,Salem,40.0427,-111.65906
UT,Salina,38.95603,-111.88107
UT,Salt Lake City,40.75585,-111.89666
UT,Sandy,40.57938,-111.88162
UT,Santa Clara,37.13306,-113.65333
UT,Santaquin,39.98036,-111.79382
UT,Saratoga Springs,40.3486,-111.9132
UT,Scipio,39.245,-112.10333
UT,Sevier,38.59071,-112.39213
UT,Sigurd,38.84056,-111.96694
UT,Smithfield,41.84033,-111.85281
UT,Snowville,41.84032,-112.35339
UT,South Jordan,40.52194,-111.93833
UT,Spanish Fork,40.10991,-111.64625
UT,Spring City,39.4825,-111.49528
UT,Springdale,37.29972,-113.04972
UT,Springville,40.16253,-111.59866
UT,Sterling,39.19361,-111.69167
UT,Stockton,40.35045,-112.42521
UT,Summit,37.8034,-112.91341
UT,Sunnyside,39.55139,-110.38722
UT,Syracuse,41.08642,-112.0451
UT,Tabiona,40.38269,-110.70211
UT,Talmage,40.17457,-110.39653
UT,Teasdale,38.28533,-111.43346
UT,Thompson,38.98806,-109.79448
UT,Tooele,40.54545,-112.30021
UT,Toquerville,37.25333,-113.28389
UT,Torrey,38.33499,-111.54744
UT,Tremonton,41.70156,-112.18129
UT,Trenton,41.91045,-111.93403
UT,Tridell,40.44359,-109.83591
UT,Tropic,37.62528,-112.08139
UT,Vernal,40.44061,-109.54688
UT,Vernon,40.08261,-112.42596
UT,Veyo,37.35896,-113.66676
UT,Virgin,37.18889,-113.0
UT,Wales,39.48694,-111.63444
UT,Wallsburg,40.3657,-111.46493
UT,Washington,37.13638,-113.50504
UT,Wellington,39.53726,-110.73695
UT,Wellsville,41.6343,-111.93168
UT,Wendover,40.5974,-113.99357
UT,West Jordan,40.62543,-111.96766
UT,Whiterocks,40.45277,-109.91724
UT,Willard,41.39894,-112.03165
UT,Woodruff,41.48878,-111.18685
UT,Woods Cross,40.88745,-111.90271
VA,Abingdon,36.69164,-82.01999
VA,Accomac,37.71588,-75.68027
VA,Achilles,37.28,-76.44056
VA,Afton,37.96262,-78.84105
VA,Alberta,36.88061,-77.90552
VA,Aldie,38.97556,-77.64167
VA,Alexandria,38.79114,-77.07661
VA,Alexandria,38.82004,-77.0589
VA,Altavista,37.12216,-79.29115
VA,Alton,36.58935,-79.02024
VA,Amelia Court House,37.35017,-77.95518
VA,Amherst,37.60268,-79.05057
VA,Amissville,38.67139,-77.99583
VA,Ammon,37.15083,-77.74444
VA,Amonate,37.19083,-81.63889
VA,Andover,36.92361,-82.79667
VA,Annandale,38.8307,-77.21425
VA,Appalachia,36.906,-82.79139
VA,Appomattox,37.35295,-78.82245
VA,Ararat,36.61395,-80.50934
VA,Arcola,38.95167,-77.53444
VA,Ark,37.43833,-76.57611
VA,Arlington,38.8871,-77.0932
VA,Aroda,38.32563,-78.23662
VA,Arrington,37.68771,-78.91847
VA,Arvonia,37.67135,-78.38888
VA,Ashburn,39.0322,-77.4985
VA,Ashland,37.73948,-77.47837
VA,Assawoman,37.86629,-75.52966
VA,Atkins,36.86653,-81.40479
VA,Atlantic,37.90056,-75.50806
VA,Augusta Springs,38.10194,-79.31833
VA,Austinville,36.81946,-80.85832
VA,Axton,36.65484,-79.73964
VA,Aylett,37.82211,-77.18847
VA,Bacova,38.05389,-79.84389
VA,Banco,38.45111,-78.28194
VA,Bandy,37.16611,-81.6508
VA,Barboursville,38.19965,-78.31272
VA,Barhamsville,37.46166,-76.8321
VA,Barren Springs,36.90779,-80.80901
VA,Baskerville,36.7236,-78.27905
VA,Bassett,36.75343,-80.00551
VA,Bastian,37.15742,-81.19885
VA,Basye,38.79581,-78.76736
VA,Batesville,37.99556,-78.7225
VA,Battery Park,36.99639,-76.57444
VA,Bealeton,38.56967,-77.80044
VA,Beaumont,37.76111,-78.02611
VA,Beaverdam,37.90377,-77.63083
VA,Bedford,37.31535,-79.53311
VA,Bee,37.10136,-82.18563
VA,Belle Haven,37.56448,-75.86944
VA,Belspring,37.19083,-80.60833
VA,Ben Hur,36.73278,-83.08222
VA,Bena,37.27083,-76.45583
VA,Bent Mountain,37.20679,-80.1455
VA,Bentonville,38.82727,-78.27911
VA,Bergton,38.79251,-78.96675
VA,Berryville,39.15318,-77.96876
VA,Big Island,37.53056,-79.38271
VA,Big Rock,37.31864,-82.2246
VA,Big Stone Gap,36.85807,-82.76273
VA,Birchleaf,37.16948,-82.24835
VA,Birdsnest,37.43208,-75.90435
VA,Bishop,37.20861,-81.55833
VA,Blacksburg,37.2288,-80.42731
VA,Blackstone,37.09158,-77.98506
VA,Blackwater,36.63901,-82.98658
VA,Blairs,36.66741,-79.37887
VA,Bland,37.13764,-81.02006
VA,Bloxom,37.82726,-75.61557
VA,Blue Grass,38.51523,-79.56127
VA,Blue Ridge,37.38854,-79.81718
VA,Bluefield,37.24951,-81.32511
VA,Bluemont,39.11111,-77.83417
VA,Bohannon,37.39046,-76.36136
VA,Boissevain,37.28167,-81.38056
VA,Boones Mill,37.13313,-79.95555
VA,Boston,38.53824,-78.14229
VA,Bowling Green,38.01365,-77.18024
VA,Boyce,39.0698,-78.0203
VA,Boydton,36.65442,-78.37517
VA,Boykins,36.59506,-77.19752
VA,Bracey,36.5763,-78.10586
VA,Branchville,36.5787,-77.27044
VA,Brandy Station,38.511,-77.90375
VA,Breaks,37.29583,-82.28111
VA,Bremo Bluff,37.74526,-78.26716
VA,Bridgewater,38.38587,-78.99368
VA,Brightwood,38.41137,-78.1698
VA,Bristol,36.61809,-82.1823
VA,Bristol,36.6445,-82.1597
VA,Bristow,38.72278,-77.53639
VA,Broad Run,38.82361,-77.71333
VA,Broadford,36.93299,-81.65939
VA,Broadway,38.60834,-78.78749
VA,Brodnax,36.73188,-77.98984
VA,Brooke,38.3875,-77.38
VA,Brookneal,37.08266,-78.92268
VA,Brownsburg,37.92833,-79.31944
VA,Brucetown,39.25444,-78.06694
VA,Bruington,37.78011,-76.9402
VA,Buchanan,37.52844,-79.70529
VA,Buckingham,37.58333,-78.59854
VA,Buena Vista,37.73958,-79.35231
VA,Buffalo Junction,36.61676,-78.60927
VA,Bumpass,37.89838,-77.79661
VA,Burgess,37.86868,-76.35416
VA,Burke,38.7946,-77.2733
VA,Burkes Garden,37.09806,-81.34111
VA,Burkeville,37.1952,-78.19608
VA,Burr Hill,38.36584,-77.87617
VA,Callands,36.76475,-79.62878
VA,Callao,37.97727,-76.57325
VA,Callaway,37.02849,-80.04959
VA,Calverton,38.63194,-77.67083
VA,Cana,36.59574,-80.67045
VA,Cape Charles,37.27987,-75.97213
VA,Capeville,37.20278,-75.9575
VA,Capron,36.72433,-77.23936
VA,Cardinal,37.42734,-76.39396
VA,Caret,37.97125,-76.91525
VA,Carrollton,36.95499,-76.54296
VA,Carrsville,36.74544,-76.83648
VA,Carson,37.03931,-77.43509
VA,Cartersville,37.64131,-78.1287
VA,Casanova,38.6575,-77.71722
VA,Cascade,36.5927,-79.65744
VA,Castleton,38.60323,-78.1208
VA,Castlewood,36.87641,-82.28757
VA,Catawba,37.36965,-80.12838
VA,Catharpin,38.85417,-77.57222
VA,Catlett,38.65361,-77.64083
VA,Cedar Bluff,37.07908,-81.76679
VA,Center Cross,37.79288,-76.75484
VA,Centreville,38.85167,-77.445
VA,Ceres,37.00456,-81.36427
VA,Champlain,38.02142,-76.97194
VA,Chantilly,38.8865,-77.4393
VA,Chantilly,38.9067,-77.5102
VA,Charles City,37.36627,-77.10818
VA,Charlotte Court House,37.08638,-78.66062
VA,Charlottesville,37.9962,-78.4782
VA,Charlottesville,38.05475,-78.49087
VA,Chase City,36.8053,-78.45527
VA,Chatham,36.83099,-79.42966
VA,Check,37.03264,-80.23675
VA,Cheriton,37.28944,-75.97167
VA,Chesapeake,36.73525,-76.23843
VA,Chester,37.34293,-77.41557
VA,Chester Gap,38.85333,-78.13528
VA,Chesterfield,37.39233,-77.5668
VA,Chilhowie,36.77191,-81.6651
VA,Chincoteague Island,37.92768,-75.37137
VA,Christchurch,37.60472,-76.53472
VA,Christiansburg,37.12972,-80.40917
VA,Church Road,37.19496,-77.66459
VA,Church View,37.67496,-76.66287
VA,Churchville,38.23461,-79.17913
VA,Claremont,37.22778,-76.96444
VA,Clarksville,36.63144,-78.53529
VA,Claudville,36.5839,-80.44418
VA,Clear Brook,39.26546,-78.09879
VA,Cleveland,36.95022,-82.13176
VA,Clifford,37.64333,-79.0225
VA,Clifton,38.78,-77.38694
VA,Clifton Forge,37.82034,-79.80542
VA,Clinchco,37.14058,-82.34248
VA,Clintwood,37.15921,-82.44534
VA,Clover,36.86369,-78.78618
VA,Cloverdale,37.36629,-79.91276
VA,Cluster Springs,36.62083,-78.92194
VA,Cobbs Creek,37.49917,-76.36778
VA,Coeburn,36.96049,-82.4735
VA,Coleman Falls,37.48866,-79.31576
VA,Coles Point,38.14361,-76.63583
VA,Collinsville,36.72379,-79.91419
VA,Colonial Beach,38.22908,-76.98116
VA,Colonial Heights,37.26997,-77.40383
VA,Columbia,37.71471,-78.1794
VA,Concord,37.33695,-78.98035
VA,Copper Hill,37.05557,-80.15247
VA,Corbin,38.19944,-77.38917
VA,Courtland,36.72252,-77.07827
VA,Covesville,37.90797,-78.71274
VA,Covington,37.7842,-80.00318
VA,Craddockville,37.58167,-75.86917
VA,Craigsville,38.07683,-79.36188
VA,Crewe,37.16568,-78.10587
VA,Criders,38.74966,-78.99736
VA,Crimora,38.16842,-78.84127
VA,Cripple Creek,36.80861,-81.10393
VA,Critz,36.62106,-80.12977
VA,Crockett,36.87676,-81.20888
VA,Cross Junction,39.3762,-78.29972
VA,Crozet,38.08129,-78.7044
VA,Crozier,37.67176,-77.79396
VA,Crystal Hill,36.87322,-78.97063
VA,Cullen,37.15521,-78.64591
VA,Culpeper,38.48115,-78.00406
VA,Cumberland,37.50186,-78.25815
VA,Dahlgren,38.33749,-77.04291
VA,Daleville,37.41253,-79.92109
VA,Damascus,36.64026,-81.77763
VA,Dante,37.00542,-82.28152
VA,Danville,36.62179,-79.41244
VA,Davenport,37.06804,-82.12295
VA,Davis Wharf,37.55278,-75.87833
VA,Dayton,38.43386,-78.99373
VA,Deerfield,38.18423,-79.41519
VA,Delaplane,38.915,-77.92056
VA,Deltaville,37.55485,-76.34678
VA,Dendron,37.09808,-76.89664
VA,Dewitt,37.05352,-77.64256
VA,Diggs,37.43627,-76.28717
VA,Dillwyn,37.5458,-78.46093
VA,Dinwiddie,37.08328,-77.55854
VA,Disputanta,37.14827,-77.27317
VA,Doe Hill,38.39025,-79.48218
VA,Dogue,38.23194,-77.21611
VA,Dolphin,36.83177,-77.78872
VA,Doran,37.0925,-81.83361
VA,Doswell,37.84168,-77.51252
VA,Drakes Branch,36.96877,-78.56154
VA,Draper,36.96974,-80.81875
VA,Drewryville,36.68543,-77.3591
VA,Dry Fork,36.74301,-79.45797
VA,Dryden,36.78182,-82.93048
VA,Dublin,37.09888,-80.6697
VA,Duffield,36.7044,-82.80651
VA,Dugspur,36.81455,-80.61235
VA,Dulles,38.9886,-77.4507
VA,Dumfries,38.91129,-77.93018
VA,Dundas,36.90532,-78.01002
VA,Dungannon,36.82416,-82.49603
VA,Dunn Loring,38.89537,-77.22135
VA,Dunnsville,37.84043,-76.83702
VA,Dutton,37.4869,-76.43578
VA,Dyke,38.25328,-78.55461
VA,Eagle Rock,37.66673,-79.81722
VA,Earlysville,38.15776,-78.49195
VA,East Stone Gap,36.86667,-82.7425
VA,Eastville,37.3525,-75.94611
VA,Ebony,36.58499,-77.99943
VA,Edinburg,38.84321,-78.60033
VA,Edwardsville,37.90639,-76.36556
VA,Eggleston,37.29058,-80.65276
VA,Elberon,37.07013,-76.83372
VA,Elk Creek,36.73058,-81.19149
VA,Elkton,38.40252,-78.63214
VA,Elkwood,38.46523,-77.81703
VA,Elliston,37.21265,-80.24966
VA,Emory,36.77278,-81.83639
VA,Emporia,36.68569,-77.56295
VA,Esmont,37.81254,-78.61065
VA,Etlan,38.50946,-78.26379
VA,Evergreen,37.31833,-78.76611
VA,Evington,37.26105,-79.23172
VA,Ewing,36.62369,-83.50474
VA,Exmore,37.51169,-75.85262
VA,Faber,37.84754,-78.7565
VA,Fairfax,38.84583,-77.32415
VA,Fairfax,38.86035,-77.26494
VA,Fairfax Station,38.7602,-77.30639
VA,Fairfield,37.87783,-79.29792
VA,Falls Church,38.84851,-77.13693
VA,Falls Church,38.8838,-77.1741
VA,Falls Mills,37.27102,-81.31823
VA,Fancy Gap,36.66397,-80.69075
VA,Farmville,37.30269,-78.40759
VA,Farnham,37.87397,-76.60501
VA,Ferrum,36.91683,-80.03492
VA,Fieldale,36.70641,-79.96524
VA,Fincastle,37.4911,-79.85112
VA,Fishers Hill,38.98056,-78.405
VA,Fishersville,38.09736,-78.96958
VA,Flint Hill,38.73365,-78.07556
VA,Floyd,36.91952,-80.31905
VA,Ford,37.13967,-77.73719
VA,Forest,37.33788,-79.27912
VA,Fork Union,37.77153,-78.2355
VA,Fort Belvoir,38.6947,-77.14332
VA,Fort Blackmore,36.74383,-82.61018
VA,Fort Defiance,38.21093,-78.93258
VA,Fort Eustis,37.12211,-76.58973
VA,Fort Lee,37.24474,-77.33405
VA,Fort Mitchell,36.91806,-78.48639
VA,Fort Monroe,37.02967,-76.2969
VA,Fort Valley,38.82768,-78.43999
VA,Foster,37.45278,-76.38528
VA,Franklin,36.67862,-76.93911
VA,Franktown,37.46201,-75.88897
VA,Fredericksburg,38.2688,-77.54758
VA,Fredericksburg,38.29954,-77.47715
VA,Fredericksburg,38.3242,-77.4685
VA,Free Union,38.20622,-78.59591
VA,Freeman,36.78934,-77.72077
VA,Fries,36.72468,-81.00416
VA,Front Royal,38.92678,-78.17962
VA,Ft Myer,38.8795,-77.08026
VA,Fulks Run,38.63387,-78.9358
VA,Gainesville,38.7997,-77.618
VA,Galax,36.6565,-80.91174
VA,Garrisonville,38.4825,-77.42694
VA,Gasburg,36.57655,-77.90293
VA,Gate City,36.64603,-82.61118
VA,Glade Hill,37.01687,-79.77627
VA,Glade Spring,36.7779,-81.76764
VA,Gladstone,37.54725,-78.85084
VA,Gladys,37.13858,-79.10479
VA,Glasgow,37.643,-79.45898
VA,Glen Allen,37.6658,-77.5066
VA,Glen Lyn,37.36685,-80.86336
VA,Glen Wilton,37.75278,-79.81917
VA,Gloucester,37.41922,-76.55331
VA,Gloucester Point,37.25853,-76.49586
VA,Goldvein,38.48864,-77.63949
VA,Goochland,37.76879,-78.01122
VA,Goode,37.3481,-79.38128
VA,Goodview,37.34717,-79.72628
VA,Gordonsville,38.10726,-78.19519
VA,Gore,39.28869,-78.34169
VA,Goshen,37.98781,-79.47732
VA,Graves Mill,38.4225,-78.36778
VA,Great Falls,39.00389,-77.30829
VA,Green Bay,37.12342,-78.30719
VA,Greenbackville,38.0064,-75.4029
VA,Greenbush,37.76812,-75.6664
VA,Greenville,38.0018,-79.13588
VA,Greenway,38.9702,-77.2339
VA,Greenwood,38.04154,-78.78328
VA,Gretna,36.96952,-79.33887
VA,Grimstead,37.50028,-76.30167
VA,Grottoes,38.24837,-78.82553
VA,Grundy,37.29668,-82.10608
VA,Gum Spring,37.81837,-77.90705
VA,Gwynn,37.50059,-76.29042
VA,Hacksneck,37.64306,-75.87083
VA,Hadensville,37.82528,-77.99972
VA,Hague,38.05729,-76.66157
VA,Halifax,36.76257,-78.94149
VA,Hallieford,37.49361,-76.34056
VA,Hallwood,37.85364,-75.56133
VA,Hamilton,39.1399,-77.6608
VA,Hampden Sydney,37.1708,-78.4684
VA,Hampton,37.0065,-76.413
VA,Hampton,37.10057,-76.40994
VA,Hanover,37.77012,-77.32157
VA,Harborton,37.66167,-75.83083
VA,Hardy,37.21447,-79.81266
VA,Hardyville,37.54782,-76.41894
VA,Harrisonburg,38.44886,-78.87144
VA,Hartfield,37.55944,-76.47695
VA,Hartwood,38.40222,-77.56556
VA,Hayes,37.29158,-76.49046
VA,Haymarket,38.8128,-77.6362
VA,Haynesville,37.95,-76.66278
VA,Haysi,37.22055,-82.28531
VA,Haywood,38.46861,-78.17976
VA,Head Waters,38.29461,-79.43527
VA,Heathsville,37.90719,-76.41783
VA,Henrico,37.55064,-77.46091
VA,Henry,36.83932,-79.99036
VA,Herndon,38.9764,-77.3839
VA,Highland Springs,37.54372,-77.32261
VA,Hillsville,36.74423,-80.71973
VA,Hiltons,36.64978,-82.42993
VA,Hinton,38.48338,-79.01008
VA,Hiwassee,36.99782,-80.63817
VA,Honaker,37.02729,-81.99688
VA,Hood,38.35472,-78.38306
VA,Hopewell,37.28758,-77.29501
VA,Horntown,37.96992,-75.47161
VA,Horsepen,37.22806,-81.52
VA,Hot Springs,37.96378,-79.87166
VA,Howardsville,37.76589,-78.58236
VA,Huddleston,37.14415,-79.49102
VA,Hudgins,37.47083,-76.32611
VA,Hume,38.82732,-77.99489
VA,Huntly,38.81333,-78.1301
VA,Hurley,37.40174,-82.02616
VA,Hurt,37.07979,-79.29999
VA,Hustle,38.02222,-77.03643
VA,Independence,36.62944,-81.1582
VA,Indian Valley,36.89899,-80.57571
VA,Iron Gate,37.7975,-79.79139
VA,Irvington,37.66452,-76.41602
VA,Isle Of Wight,36.9075,-76.70806
VA,Ivanhoe,36.82722,-80.97791
VA,Ivor,36.9071,-76.88615
VA,Ivy,38.05639,-78.59694
VA,Jamaica,37.73,-76.68896
VA,Jamestown,37.208,-76.7744
VA,Jamesville,37.515,-75.93083
VA,Jarratt,36.81913,-77.48316
VA,Java,36.85858,-79.18703
VA,Jeffersonton,38.62558,-77.90694
VA,Jenkins Bridge,37.91922,-75.63194
VA,Jersey,38.21139,-77.13972
VA,Jetersville,37.31757,-78.10401
VA,Jewell Ridge,37.22237,-81.81065
VA,Jonesville,36.68965,-83.13615
VA,Keeling,36.71558,-79.27828
VA,Keen Mountain,37.20222,-81.98639
VA,Keene,37.93127,-78.56139
VA,Keezletown,38.43959,-78.777
VA,Keller,37.61917,-75.76417
VA,Kenbridge,36.93297,-78.12424
VA,Kents Store,37.89425,-78.12078
VA,Keokee,36.82393,-82.97716
VA,Keswick,38.00126,-78.34043
VA,Keysville,37.04109,-78.46991
VA,Kilmarnock,37.71622,-76.38199
VA,King And Queen Court House,37.71764,-76.86306
VA,King George,38.28114,-77.12602
VA,King William,37.72019,-77.09984
VA,Kinsale,38.05047,-76.58553
VA,La Crosse,36.68609,-78.09525
VA,Lacey Spring,38.54111,-78.76667
VA,Lackey,37.23083,-76.55306
VA,Ladysmith,38.0175,-77.51556
VA,Lambsburg,36.57748,-80.76013
VA,Lancaster,37.75009,-76.5102
VA,Laneview,37.76814,-76.71173
VA,Lanexa,37.41939,-76.90268
VA,Laurel Fork,36.70735,-80.51478
VA,Lawrenceville,36.74487,-77.83844
VA,Lebanon,36.8809,-82.09563
VA,Leesburg,39.0867,-77.5775
VA,Leon,38.45724,-78.15458
VA,Lexington,37.78846,-79.45811
VA,Lightfoot,37.34056,-76.75472
VA,Lignum,38.39563,-77.82996
VA,Lincoln,39.11528,-77.69528
VA,Linden,38.88118,-78.04785
VA,Linville,38.55573,-78.8961
VA,Little Plymouth,37.66422,-76.82546
VA,Lively,37.7775,-76.51389
VA,Locust Dale,38.33404,-78.10158
VA,Locust Grove,38.3352,-77.77087
VA,Locust Hill,37.59833,-76.50186
VA,Locustville,37.6534,-75.67351
VA,Long Island,37.06437,-79.12193
VA,Loretto,38.06206,-76.96689
VA,Lorton,38.70472,-77.218
VA,Lottsburg,37.97923,-76.50176
VA,Louisa,38.01317,-78.03467
VA,Lovettsville,39.2725,-77.63694
VA,Lovingston,37.79241,-78.86843
VA,Low Moor,37.78861,-79.88389
VA,Lowry,37.33361,-79.4556
VA,Lunenburg,36.92262,-78.29064
VA,Luray,38.65484,-78.45956
VA,Lynch Station,37.15283,-79.32972
VA,Lynchburg,37.38623,-79.17146
VA,Lyndhurst,37.9979,-78.95151
VA,Machipongo,37.40143,-75.90824
VA,Macon,37.52167,-77.96222
VA,Madison,38.3845,-78.29646
VA,Madison Heights,37.4531,-79.11409
VA,Maidens,37.70319,-77.87103
VA,Manakin Sabot,37.63804,-77.7077
VA,Manassas,38.7518,-77.4728
VA,Manassas,38.7776,-77.5197
VA,Manassas,38.84111,-77.53806
VA,Mannboro,37.25139,-77.82361
VA,Manquin,37.71844,-77.18602
VA,Mappsville,37.83542,-75.56989
VA,Marion,36.82732,-81.53491
VA,Marionville,37.4525,-75.855
VA,Markham,38.93,-77.99425
VA,Marshall,38.8237,-77.897
VA,Martinsville,36.68707,-79.86914
VA,Maryus,37.27944,-76.40306
VA,Mascot,37.60683,-76.73832
VA,Mathews,37.43835,-76.35442
VA,Mattaponi,37.6417,-76.78398
VA,Maurertown,38.94405,-78.46582
VA,Mavisdale,37.20082,-82.2216
VA,Max Meadows,36.91708,-80.92139
VA,Maxie,37.30111,-82.17444
VA,Mc Clure,37.08141,-82.38055
VA,Mc Coy,37.23694,-80.59611
VA,Mc Dowell,38.32659,-79.4988
VA,Mc Gaheysville,38.37123,-78.74113
VA,Mc Kenney,36.99861,-77.73956
VA,Mc Lean,38.93262,-77.17063
VA,Meadows Of Dan,36.72504,-80.40223
VA,Meadowview,36.76118,-81.8512
VA,Mears,37.86919,-75.63544
VA,Mechanicsville,37.62815,-77.33946
VA,Meherrin,37.10128,-78.38736
VA,Melfa,37.6407,-75.74536
VA,Mendota,36.7223,-82.26489
VA,Meredithville,36.80667,-77.95694
VA,Merrifield,38.8741,-77.2272
VA,Merry Point,37.73361,-76.48278
VA,Middlebrook,38.02416,-79.28117
VA,Middleburg,38.9871,-77.7465
VA,Middletown,39.00095,-78.24915
VA,Middletown,39.03668,-78.28145
VA,Midland,38.56706,-77.71271
VA,Midlothian,37.43103,-77.65446
VA,Milford,38.00583,-77.3185
VA,Millboro,38.00579,-79.64065
VA,Millers Tavern,37.82806,-76.94528
VA,Millwood,39.06944,-78.03806
VA,Mineral,37.99861,-77.87807
VA,Mint Spring,38.07444,-79.10111
VA,Mitchells,38.37443,-78.01055
VA,Modest Town,37.81278,-75.56528
VA,Mollusk,37.73,-76.53833
VA,Moneta,37.17838,-79.65211
VA,Monroe,37.54137,-79.17034
VA,Montebello,37.83993,-79.06108
VA,Monterey,38.40582,-79.59407
VA,Montpelier,37.81773,-77.69244
VA,Montpelier Station,38.22806,-78.17667
VA,Montross,38.11048,-76.78281
VA,Montvale,37.40696,-79.71746
VA,Moon,37.44928,-76.30647
VA,Morattico,37.78917,-76.62944
VA,Moseley,37.42603,-77.75846
VA,Mount Crawford,38.34566,-78.89568
VA,Mount Holly,38.09111,-76.71833
VA,Mount Jackson,38.76882,-78.67665
VA,Mount Sidney,38.26118,-78.97296
VA,Mount Solon,38.33275,-79.10283
VA,Mount Vernon,38.70778,-77.08639
VA,Mouth Of Wilson,36.61038,-81.39545
VA,Mustoe,38.28622,-79.65914
VA,Narrows,37.31985,-80.85485
VA,Naruna,37.10583,-79.00278
VA,Nassawadox,37.47472,-75.85861
VA,Nathalie,36.94418,-78.98977
VA,Natural Bridge,37.66063,-79.53305
VA,Natural Bridge Station,37.59567,-79.50391
VA,Nellysford,37.8604,-78.89397
VA,Nelson,36.55856,-78.67096
VA,Nelsonia,37.81972,-75.5875
VA,New Canton,37.6645,-78.31123
VA,New Castle,37.48713,-80.17042
VA,New Church,37.95253,-75.51119
VA,New Hope,38.19778,-78.90611
VA,New Kent,37.55301,-77.07424
VA,New Market,38.66056,-78.67143
VA,New Point,37.34929,-76.28347
VA,New River,37.13333,-80.59167
VA,Newbern,37.07333,-80.69083
VA,Newington,38.73833,-77.18528
VA,Newport,37.30685,-80.50992
VA,Newport News,37.05795,-76.46072
VA,Newsoms,36.61481,-77.10695
VA,Newtown,37.87824,-77.11383
VA,Nickelsville,36.75022,-82.42017
VA,Ninde,38.27111,-77.05639
VA,Nokesville,38.6953,-77.5755
VA,Nora,37.01823,-82.35002
VA,Norfolk,36.8466,-76.2855
VA,Norge,37.36861,-76.77083
VA,North,37.47707,-76.37066
VA,North Garden,37.96199,-78.69541
VA,North Tazewell,37.15245,-81.52526
VA,Norton,36.9378,-82.62492
VA,Norwood,37.64306,-78.80917
VA,Nottoway,37.12833,-78.07833
VA,Nuttsville,37.79333,-76.55111
VA,Oak Hall,37.93323,-75.56236
VA,Oakpark,38.36667,-78.16028
VA,Oakton,38.88519,-77.32335
VA,Oakwood,37.18407,-81.99158
VA,Occoquan,38.68361,-77.26056
VA,Oilville,37.70888,-77.76995
VA,Oldhams,38.0025,-76.66917
VA,Onancock,37.71024,-75.7528
VA,Onemo,37.39852,-76.29406
VA,Onley,37.67042,-75.6992
VA,Ophelia,37.91,-76.28389
VA,Orange,38.23394,-78.09122
VA,Ordinary,37.31528,-76.51361
VA,Oriskany,37.61639,-79.98389
VA,Orkney Springs,38.79371,-78.81111
VA,Orlean,38.74972,-77.96222
VA,Oyster,37.28639,-75.92278
VA,Paeonian Springs,39.14917,-77.61944
VA,Paint Bank,37.57448,-80.25444
VA,Painter,37.58282,-75.80661
VA,Palmyra,37.88181,-78.29798
VA,Pamplin,37.26533,-78.65166
VA,Paris,39.00444,-77.95167
VA,Parksley,37.7744,-75.63863
VA,Parrott,37.205,-80.61583
VA,Partlow,38.06415,-77.65857
VA,Patrick Springs,36.67444,-80.13877
VA,Pearisburg,37.30412,-80.7267
VA,Pembroke,37.33027,-80.61551
VA,Penhook,36.92012,-79.66449
VA,Penn Laird,38.36973,-78.7979
VA,Pennington Gap,36.75075,-83.0223
VA,Petersburg,37.22,-77.43259
VA,Phenix,37.09251,-78.7912
VA,Philomont,39.05611,-77.74056
VA,Pilgrims Knob,37.29894,-81.9119
VA,Pilot,37.05648,-80.3229
VA,Piney River,37.71578,-79.02057
VA,Pittsville,36.97158,-79.47941
VA,Pleasant Valley,38.38472,-78.8975
VA,Pocahontas,37.30361,-81.33972
VA,Poquoson,37.13125,-76.3807
VA,Port Haywood,37.37425,-76.30446
VA,Port Republic,38.31717,-78.81039
VA,Port Royal,38.16209,-77.18366
VA,Portsmouth,36.8089,-76.36714
VA,Pound,37.09273,-82.60156
VA,Pounding Mill,37.05958,-81.73005
VA,Powhatan,37.55644,-77.87976
VA,Pratts,38.34921,-78.27221
VA,Prince George,37.23334,-77.27471
VA,Prospect,37.30584,-78.54616
VA,Providence Forge,37.42591,-77.07112
VA,Pulaski,37.05671,-80.77096
VA,Pungoteague,37.63028,-75.81389
VA,Purcellville,39.1545,-77.7186
VA,Quantico,38.52222,-77.29389
VA,Quantico,38.53104,-77.33582
VA,Quicksburg,38.71444,-78.69887
VA,Quinby,37.55361,-75.73417
VA,Quinque,38.25,-78.39806
VA,Quinton,37.51847,-77.14861
VA,Radford,37.13582,-80.57172
VA,Radiant,38.32271,-78.1798
VA,Randolph,36.96308,-78.69925
VA,Raphine,37.93735,-79.2219
VA,Rapidan,38.33922,-78.04761
VA,Rappahannock Academy,38.20182,-77.28744
VA,Raven,37.14806,-81.88956
VA,Rawlings,36.95304,-77.82372
VA,Rectortown,38.92111,-77.86167
VA,Red Ash,37.11333,-81.87111
VA,Red House,37.19143,-78.81447
VA,Red Oak,36.7724,-78.63206
VA,Redwood,37.01972,-79.81222
VA,Reedville,37.85696,-76.28286
VA,Remington,38.53509,-77.76136
VA,Rescue,36.99583,-76.56083
VA,Reston,38.96,-77.3456
VA,Reva,38.46045,-78.1572
VA,Rhoadesville,38.28632,-77.92304
VA,Rice,37.27213,-78.27926
VA,Rich Creek,37.38505,-80.82272
VA,Richardsville,38.39239,-77.71952
VA,Richlands,37.09405,-81.81229
VA,Richmond,37.45316,-77.4698
VA,Richmond,37.5594,-77.4472
VA,Richmond,37.58247,-77.51966
VA,Ridgeway,36.5874,-79.86859
VA,Rileyville,38.75637,-78.38733
VA,Riner,37.03221,-80.43531
VA,Ringgold,36.60348,-79.29883
VA,Ripplemead,37.36646,-80.67173
VA,Rixeyville,38.58517,-78.02823
VA,Roanoke,37.23155,-80.02175
VA,Roanoke,37.2708,-79.9416
VA,Roanoke,37.2725,-79.953
VA,Roanoke,37.2935,-80.0553
VA,Rochelle,38.27434,-78.26536
VA,Rockbridge Baths,37.89646,-79.38742
VA,Rockville,37.73373,-77.69999
VA,Rocky Gap,37.24424,-81.15524
VA,Rocky Mount,36.9891,-79.88396
VA,Rollins Fork,38.18472,-77.0625
VA,Rose Hill,36.65826,-83.34856
VA,Rosedale,36.97398,-81.88879
VA,Roseland,37.8077,-78.97117
VA,Round Hill,39.1282,-77.7775
VA,Rowe,37.12759,-82.02738
VA,Ruby,38.50417,-77.51583
VA,Ruckersville,38.23387,-78.39103
VA,Rural Retreat,36.88362,-81.28787
VA,Rustburg,37.25454,-79.12151
VA,Ruther Glen,37.94506,-77.47135
VA,Ruthville,37.36722,-77.04139
VA,Saint Charles,36.83152,-83.05184
VA,Saint Paul,36.9323,-82.34184
VA,Saint Stephens Church,37.90505,-77.08421
VA,Salem,37.2853,-80.06919
VA,Saltville,36.8927,-81.7402
VA,Saluda,37.59494,-76.59208
VA,Sandston,37.51566,-77.27578
VA,Sandy Hook,37.75189,-77.90455
VA,Sandy Level,36.99104,-79.5614
VA,Sandy Point,38.06056,-76.53361
VA,Sanford,37.92433,-75.6957
VA,Saxe,36.90569,-78.6057
VA,Saxis,37.92389,-75.72222
VA,Schley,37.38944,-76.45528
VA,Schuyler,37.79758,-78.69248
VA,Scottsburg,36.78619,-78.7866
VA,Scottsville,37.80494,-78.47398
VA,Seaford,37.18847,-76.42899
VA,Sealston,38.26139,-77.33222
VA,Seaview,37.26167,-75.94611
VA,Sedley,36.79075,-77.01253
VA,Selma,37.80639,-79.84833
VA,Severn,37.29417,-76.41583
VA,Shacklefords,37.56981,-76.7269
VA,Sharps,37.82389,-76.70111
VA,Shawsville,37.14662,-80.27153
VA,Shenandoah,38.50103,-78.60898
VA,Shipman,37.74797,-78.82461
VA,Shortt Gap,37.15722,-81.87306
VA,Singers Glen,38.5525,-78.91361
VA,Skippers,36.57968,-77.54366
VA,Skipwith,36.7317,-78.53055
VA,Smithfield,36.98106,-76.63682
VA,Somerset,38.20466,-78.25042
VA,Somerville,38.52167,-77.60972
VA,South Boston,36.69633,-78.91883
VA,South Hill,36.71239,-78.15339
VA,Sparta,37.99167,-77.23056
VA,Speedwell,36.79984,-81.1834
VA,Spencer,36.59676,-80.03735
VA,Sperryville,38.62025,-78.24657
VA,Spotsylvania,38.19953,-77.64869
VA,Spout Spring,37.36435,-78.90589
VA,Spring Grove,37.1901,-76.99234
VA,Springfield,38.77972,-77.18658
VA,Stafford,38.45863,-77.43062
VA,Staffordsville,37.24538,-80.74033
VA,Stanardsville,38.30256,-78.47075
VA,Stanley,38.56604,-78.50926
VA,Stanleytown,36.73476,-79.93548
VA,Star Tannery,39.0908,-78.43431
VA,State Farm,37.64528,-77.82833
VA,Staunton,38.1451,-79.07519
VA,Steeles Tavern,37.92556,-79.20278
VA,Stephens City,39.08342,-78.19068
VA,Stephenson,39.19729,-78.0941
VA,Sterling,39.0061,-77.4288
VA,Stevensburg,38.44414,-77.88423
VA,Stevensville,37.71458,-76.93523
VA,Stony Creek,36.93613,-77.44428
VA,Strasburg,39.05624,-78.35951
VA,Stratford,38.12056,-76.81111
VA,Stuart,36.65174,-80.23923
VA,Stuarts Draft,38.01442,-79.02982
VA,Studley,37.67556,-77.29111
VA,Suffolk,36.86682,-76.55981
VA,Sugar Grove,36.77363,-81.40844
VA,Sumerduck,38.46735,-77.70436
VA,Surry,37.12602,-76.76514
VA,Susan,37.36194,-76.31862
VA,Sussex,36.915,-77.27944
VA,Sutherland,37.19015,-77.56546
VA,Sutherlin,36.62583,-79.19495
VA,Sweet Briar,37.55278,-79.06667
VA,Swoope,38.15912,-79.18728
VA,Swords Creek,37.07379,-81.90838
VA,Syria,38.49723,-78.32294
VA,Tangier,37.82449,-75.993
VA,Tannersville,36.97633,-81.62802
VA,Tappahannock,37.91455,-76.91245
VA,Tasley,37.71028,-75.70083
VA,Tazewell,37.10777,-81.50998
VA,Temperanceville,37.89542,-75.55283
VA,Thaxton,37.36001,-79.65219
VA,The Plains,38.86194,-77.77417
VA,Thornburg,38.13333,-77.52194
VA,Timberville,38.64761,-78.7717
VA,Toano,37.39013,-76.82526
VA,Toms Brook,38.97016,-78.40376
VA,Topping,37.59782,-76.45488
VA,Townsend,37.18444,-75.95861
VA,Trevilians,38.05139,-78.07306
VA,Triangle,38.55089,-77.32288
VA,Troutdale,36.68546,-81.435
VA,Troutville,37.40185,-79.87864
VA,Troy,37.9636,-78.25349
VA,Tyro,37.82139,-79.005
VA,Union Hall,37.01311,-79.68645
VA,Unionville,38.2383,-77.9193
VA,University Of Richmond,37.5737,-77.5407
VA,Upperville,39.0008,-77.8719
VA,Urbanna,37.655,-76.61261
VA,Valentines,36.56502,-77.8384
VA,Vansant,37.17381,-82.12771
VA,Vernon Hill,36.78668,-79.11087
VA,Verona,38.20373,-79.00587
VA,Vesta,36.71667,-80.35806
VA,Vesuvius,37.83777,-79.21349
VA,Victoria,36.98354,-78.23724
VA,Vienna,38.89353,-77.25322
VA,Viewtown,38.6457,-78.02577
VA,Village,37.94889,-76.60444
VA,Villamont,37.39528,-79.77639
VA,Vinton,37.27114,-79.83547
VA,Virgilina,36.60623,-78.76052
VA,Virginia Beach,36.8527,-75.9783
VA,Wachapreague,37.60417,-75.69
VA,Wake,37.56808,-76.43233
VA,Wakefield,36.97573,-76.97898
VA,Walkerton,37.75544,-77.01847
VA,Wallops Island,37.82734,-75.5065
VA,Wardtown,37.53472,-75.87722
VA,Ware Neck,37.4025,-76.45889
VA,Warfield,36.90112,-77.76732
VA,Warm Springs,38.08512,-79.80779
VA,Warrenton,38.7063,-77.8159
VA,Warsaw,37.94999,-76.73652
VA,Washington,38.70784,-78.1566
VA,Water View,37.71049,-76.62268
VA,Waterford,39.18667,-77.61028
VA,Wattsville,37.93389,-75.5
VA,Waverly,37.02503,-77.10545
VA,Waynesboro,38.07741,-78.90346
VA,Weber City,36.62021,-82.54523
VA,Weems,37.68468,-76.43132
VA,West Augusta,38.2744,-79.32014
VA,West Mclean,38.9287,-77.2397
VA,West Point,37.5556,-76.82373
VA,Weyers Cave,38.29315,-78.92345
VA,White Hall,38.11778,-78.66167
VA,White Marsh,37.34222,-76.52167
VA,White Plains,36.63355,-77.95924
VA,White Post,39.05796,-78.11046
VA,White Stone,37.64746,-76.36863
VA,Whitetop,36.61056,-81.58394
VA,Whitewood,37.26441,-81.89036
VA,Wicomico,37.29083,-76.50972
VA,Wicomico Church,37.77903,-76.35652
VA,Williamsburg,37.2627,-76.70169
VA,Williamsburg,37.2732,-76.7194
VA,Williamsville,38.17791,-79.65061
VA,Willis,36.87493,-80.49086
VA,Willis Wharf,37.51556,-75.80694
VA,Wilsons,37.11568,-77.83519
VA,Winchester,39.1581,-78.2313
VA,Winchester,39.1858,-78.1827
VA,Windsor,36.83688,-76.73237
VA,Wingina,37.64147,-78.75571
VA,Wirtz,37.08179,-79.75725
VA,Wise,36.975,-82.59468
VA,Withams,37.94556,-75.5775
VA,Wolford,37.36444,-81.99139
VA,Wolftown,38.35556,-78.34778
VA,Woodberry Forest,38.21389,-78.05361
VA,Woodbridge,38.63557,-77.26826
VA,Woodford,38.08466,-77.43988
VA,Woodlawn,36.78795,-80.88244
VA,Woods Cross Roads,37.43639,-76.54583
VA,Woodstock,38.88702,-78.5217
VA,Woodville,38.64818,-78.17386
VA,Woolwine,36.79208,-80.27743
VA,Wylliesburg,36.83897,-78.61266
VA,Wytheville,36.94067,-81.09408
VA,Yale,36.83728,-77.28699
VA,Yorktown,37.22866,-76.54235
VA,Zacata,38.12,-76.7825
VA,Zuni,36.84367,-76.81097
VT,Adamant,44.35747,-72.50465
VT,Albany,44.73443,-72.34181
VT,Alburgh,44.96845,-73.28096
VT,Arlington,43.08568,-73.15936
VT,Ascutney,43.40694,-72.4075
VT,Averill,44.9923,-71.70027
VT,Bakersfield,44.79052,-72.79683
VT,Barnard,43.72861,-72.61944
VT,Barnet,44.31792,-72.07833
VT,Barre,44.19452,-72.49362
VT,Barton,44.73947,-72.16
VT,Beebe Plain,45.00528,-72.14111
VT,Beecher Falls,45.0061,-71.5199
VT,Bellows Falls,43.1482,-72.46637
VT,Belmont,43.42844,-72.8257
VT,Belvidere Center,44.75,-72.69167
VT,Bennington,42.88266,-73.19232
VT,Benson,43.59472,-73.26611
VT,Bethel,43.81946,-72.65281
VT,Bomoseen,43.62241,-73.20642
VT,Bondville,43.16183,-72.91277
VT,Bradford,44.0006,-72.14064
VT,Brandon,43.80647,-73.08818
VT,Brattleboro,42.85735,-72.59332
VT,Bridgewater,43.58043,-72.6467
VT,Bridgewater Corners,43.60215,-72.68221
VT,Bridport,43.95383,-73.34756
VT,Bristol,44.14603,-73.07174
VT,Brookfield,44.03208,-72.59526
VT,Brownsville,43.46458,-72.49441
VT,Burlington,44.48402,-73.21988
VT,Cabot,44.40422,-72.30644
VT,Calais,44.39344,-72.47411
VT,Cambridge,44.65101,-72.86573
VT,Cambridgeport,43.15336,-72.56551
VT,Canaan,44.97644,-71.56021
VT,Castleton,43.62231,-73.1708
VT,Cavendish,43.37662,-72.60925
VT,Center Rutland,43.60234,-73.01699
VT,Charlotte,44.31128,-73.22797
VT,Chelsea,44.00393,-72.4793
VT,Chester,43.28312,-72.60313
VT,Chester Depot,43.26278,-72.59556
VT,Chittenden,43.70338,-72.936
VT,Colchester,44.5489,-73.1862
VT,Concord,44.44606,-71.86755
VT,Corinth,44.03253,-72.28224
VT,Coventry,44.88085,-72.25447
VT,Craftsbury,44.64341,-72.36601
VT,Craftsbury Common,44.65292,-72.41458
VT,Cuttingsville,43.52208,-72.86909
VT,Danby,43.35834,-73.01285
VT,Danville,44.43324,-72.11332
VT,Derby,44.95018,-72.13756
VT,Derby Line,44.99018,-72.08237
VT,Dorset,43.26356,-73.0766
VT,East Arlington,43.0638,-73.1389
VT,East Barre,44.15828,-72.446
VT,East Berkshire,44.9298,-72.70656
VT,East Burke,44.60785,-71.93567
VT,East Calais,44.3556,-72.43983
VT,East Charleston,44.8299,-71.97627
VT,East Corinth,44.06185,-72.21514
VT,East Dorset,43.23698,-73.00815
VT,East Dover,42.95051,-72.78303
VT,East Fairfield,44.80181,-72.91099
VT,East Hardwick,44.52883,-72.30335
VT,East Haven,44.65172,-71.86749
VT,East Middlebury,43.97333,-73.10667
VT,East Montpelier,44.28284,-72.49264
VT,East Poultney,43.52639,-73.205
VT,East Randolph,43.9553,-72.54875
VT,East Ryegate,44.19345,-72.07267
VT,East Saint Johnsbury,44.43861,-71.94611
VT,East Thetford,43.82576,-72.19668
VT,East Wallingford,43.44606,-72.88438
VT,Eden,44.73427,-72.5863
VT,Eden Mills,44.69312,-72.51345
VT,Enosburg Falls,44.89849,-72.79104
VT,Essex,44.49194,-73.10944
VT,Essex Junction,44.50347,-73.09064
VT,Fair Haven,43.62345,-73.27007
VT,Fairfax,44.69239,-73.02408
VT,Fairfield,44.78409,-73.02219
VT,Fairlee,43.90105,-72.19021
VT,Ferrisburgh,44.21282,-73.25857
VT,Florence,43.70929,-73.07899
VT,Forest Dale,43.82778,-73.05417
VT,Franklin,44.96141,-72.90369
VT,Gaysville,43.75291,-72.73115
VT,Gilman,44.41398,-71.71786
VT,Glover,44.71998,-72.20382
VT,Grafton,43.16009,-72.59723
VT,Granby,44.57056,-71.75917
VT,Grand Isle,44.71971,-73.30561
VT,Graniteville,44.15733,-72.48453
VT,Granville,43.98491,-72.8245
VT,Greensboro,44.59507,-72.28502
VT,Greensboro Bend,44.54849,-72.25248
VT,Groton,44.22044,-72.21755
VT,Guildhall,44.69022,-71.59906
VT,Hancock,43.91253,-72.91329
VT,Hardwick,44.50703,-72.36382
VT,Hartford,43.66056,-72.33889
VT,Hartland,43.57076,-72.4131
VT,Hartland Four Corners,43.54639,-72.425
VT,Highgate Center,44.9404,-73.01547
VT,Highgate Springs,44.97944,-73.10583
VT,Hinesburg,44.33462,-73.09795
VT,Huntington,44.32265,-72.99643
VT,Hyde Park,44.62245,-72.59497
VT,Hydeville,43.60556,-73.22861
VT,Irasburg,44.80806,-72.27627
VT,Island Pond,44.80945,-71.88396
VT,Isle La Motte,44.87483,-73.3391
VT,Jacksonville,42.77775,-72.80712
VT,Jamaica,43.10424,-72.79441
VT,Jeffersonville,44.6625,-72.78058
VT,Jericho,44.48432,-72.9794
VT,Johnson,44.64204,-72.67115
VT,Jonesville,44.38389,-72.93806
VT,Killington,43.66336,-72.79631
VT,Lake Elmore,44.56167,-72.59889
VT,Londonderry,43.22396,-72.80176
VT,Lowell,44.79611,-72.45013
VT,Lower Waterford,44.35444,-71.9075
VT,Ludlow,43.39291,-72.70018
VT,Lunenburg,44.46626,-71.69304
VT,Lyndon,44.51417,-72.01139
VT,Lyndon Center,44.54719,-72.03106
VT,Lyndonville,44.54077,-72.00917
VT,Manchester,43.16361,-73.07278
VT,Manchester Center,43.17522,-73.05231
VT,Marlboro,42.85944,-72.72639
VT,Marshfield,44.32184,-72.37499
VT,Mc Indoe Falls,44.26167,-72.06472
VT,Middlebury,44.00704,-73.16613
VT,Middletown Springs,43.48486,-73.11452
VT,Milton,44.64827,-73.13169
VT,Monkton,44.2275,-73.13056
VT,Montgomery,44.9025,-72.63861
VT,Montgomery Center,44.87461,-72.59935
VT,Montpelier,44.2574,-72.5698
VT,Moretown,44.2596,-72.7494
VT,Morgan,44.90659,-71.99405
VT,Morrisville,44.55434,-72.60263
VT,Moscow,44.44139,-72.71583
VT,Mount Holly,43.44865,-72.79556
VT,New Haven,44.11257,-73.17347
VT,Newbury,44.09656,-72.10723
VT,Newfane,42.97043,-72.67808
VT,Newport,44.93934,-72.20651
VT,Newport Center,44.94418,-72.29741
VT,North Bennington,42.92385,-73.23753
VT,North Clarendon,43.55221,-72.9561
VT,North Concord,44.5501,-71.78666
VT,North Ferrisburgh,44.25146,-73.20325
VT,North Hartland,43.59672,-72.35259
VT,North Hero,44.82939,-73.28417
VT,North Hyde Park,44.67056,-72.59861
VT,North Montpelier,44.25661,-72.48212
VT,North Pomfret,43.7204,-72.49429
VT,North Pownal,42.80978,-73.25343
VT,North Springfield,43.33545,-72.5291
VT,North Thetford,43.84306,-72.18611
VT,North Troy,44.96186,-72.45723
VT,Northfield,44.14996,-72.6598
VT,Northfield Falls,44.17194,-72.65139
VT,Norton,44.98878,-71.78844
VT,Norwich,43.74037,-72.30162
VT,Orleans,44.80544,-72.16533
VT,Orwell,43.78372,-73.29485
VT,Passumpsic,44.37667,-72.02806
VT,Pawlet,43.35868,-73.1444
VT,Peacham,44.33556,-72.17704
VT,Perkinsville,43.38788,-72.50381
VT,Peru,43.25653,-72.8868
VT,Pittsfield,43.75382,-72.85338
VT,Pittsford,43.71524,-73.01349
VT,Plainfield,44.26216,-72.42243
VT,Plymouth,43.49865,-72.71066
VT,Post Mills,43.89329,-72.26203
VT,Poultney,43.53321,-73.22528
VT,Pownal,42.78795,-73.21624
VT,Proctor,43.65795,-73.03482
VT,Proctorsville,43.4005,-72.61962
VT,Putney,43.03556,-72.51227
VT,Quechee,43.64611,-72.41889
VT,Randolph,43.9444,-72.67258
VT,Randolph Center,43.9379,-72.59698
VT,Reading,43.47935,-72.57045
VT,Readsboro,42.78367,-72.96089
VT,Richford,44.97145,-72.69047
VT,Richmond,44.39985,-72.99326
VT,Ripton,43.99286,-73.01874
VT,Rochester,43.88038,-72.81592
VT,Roxbury,44.08457,-72.72015
VT,Rupert,43.25972,-73.22333
VT,Rutland,43.61413,-72.97077
VT,Saint Albans,44.81114,-73.08903
VT,Saint Albans Bay,44.80778,-73.13972
VT,Saint Johnsbury,44.42719,-72.00506
VT,Saint Johnsbury Center,44.45667,-72.01611
VT,Salisbury,43.90172,-73.10079
VT,Saxtons River,43.13786,-72.50811
VT,Shaftsbury,42.96144,-73.21659
VT,Sharon,43.77484,-72.42428
VT,Sheffield,44.61784,-72.12393
VT,Shelburne,44.38997,-73.21712
VT,Sheldon,44.88717,-72.95299
VT,Sheldon Springs,44.90611,-72.97806
VT,Shoreham,43.88621,-73.30539
VT,South Barre,44.17694,-72.50611
VT,South Burlington,44.45132,-73.17962
VT,South Hero,44.64004,-73.31134
VT,South Londonderry,43.18308,-72.81179
VT,South Newfane,42.93806,-72.70583
VT,South Pomfret,43.67966,-72.53491
VT,South Royalton,43.80893,-72.52323
VT,South Ryegate,44.21108,-72.12956
VT,South Strafford,43.82824,-72.36996
VT,South Woodstock,43.56014,-72.53838
VT,Springfield,43.30343,-72.47777
VT,Stamford,42.76962,-73.06907
VT,Starksboro,44.2261,-73.0157
VT,Stockbridge,43.77381,-72.78139
VT,Stowe,44.46951,-72.69228
VT,Strafford,43.87231,-72.36363
VT,Sutton,44.64654,-72.02113
VT,Swanton,44.91675,-73.12112
VT,Taftsville,43.62982,-72.46733
VT,Thetford,43.82111,-72.25444
VT,Thetford Center,43.81488,-72.2662
VT,Topsham,44.06389,-72.22278
VT,Townshend,43.06217,-72.66868
VT,Troy,44.95938,-72.39381
VT,Tunbridge,43.9169,-72.47858
VT,Underhill,44.53907,-72.92584
VT,Underhill Center,44.5075,-72.9
VT,Vergennes,44.13257,-73.27929
VT,Vernon,42.75647,-72.51155
VT,Vershire,43.96181,-72.31901
VT,Waitsfield,44.18892,-72.82832
VT,Wallingford,43.4573,-72.98772
VT,Wardsboro,43.03265,-72.80769
VT,Warren,44.11422,-72.84818
VT,Washington,44.08645,-72.43
VT,Waterbury,44.33778,-72.75667
VT,Waterbury Center,44.3828,-72.70801
VT,Waterville,44.71238,-72.75956
VT,Websterville,44.16056,-72.47
VT,Wells,43.43046,-73.20268
VT,Wells River,44.15244,-72.05296
VT,West Burke,44.66365,-71.95718
VT,West Charleston,44.87289,-72.05209
VT,West Danville,44.44651,-72.21977
VT,West Dover,42.95603,-72.85424
VT,West Dummerston,42.92639,-72.61583
VT,West Fairlee,43.92232,-72.26163
VT,West Glover,44.70314,-72.25994
VT,West Halifax,42.7761,-72.75014
VT,West Hartford,43.71607,-72.44462
VT,West Newbury,44.06444,-72.12528
VT,West Pawlet,43.36673,-73.23133
VT,West Rupert,43.26179,-73.20285
VT,West Rutland,43.57807,-73.04242
VT,West Topsham,44.11993,-72.27005
VT,West Townshend,43.13004,-72.72098
VT,West Wardsboro,43.04722,-72.88054
VT,Westfield,44.88246,-72.43963
VT,Westford,44.61819,-73.00602
VT,Westminster,43.06944,-72.46222
VT,Westminster Station,43.08556,-72.43972
VT,Weston,43.29409,-72.79352
VT,White River Junction,43.66343,-72.35035
VT,Whiting,43.87497,-73.21331
VT,Whitingham,42.79007,-72.856
VT,Wilder,43.67278,-72.30917
VT,Williamstown,44.11819,-72.53811
VT,Williamsville,42.94815,-72.65841
VT,Williston,44.43675,-73.0957
VT,Wilmington,42.88122,-72.86132
VT,Windsor,43.47603,-72.411
VT,Winooski,44.4949,-73.18741
VT,Wolcott,44.55575,-72.48442
VT,Woodbury,44.43251,-72.41777
VT,Woodstock,43.62482,-72.53845
VT,Worcester,44.39439,-72.56092
WA,Aberdeen,46.98429,-123.79629
WA,Acme,48.67525,-122.19139
WA,Addy,48.44769,-117.89238
WA,Adna,46.62917,-123.06
WA,Airway Heights,47.64472,-117.59222
WA,Albion,46.79111,-117.24944
WA,Allyn,47.385,-122.85357
WA,Almira,47.76317,-118.91225
WA,Amanda Park,47.47058,-123.90738
WA,Amboy,45.9195,-122.45742
WA,Anacortes,48.50044,-122.63087
WA,Anatone,46.12847,-117.08832
WA,Anderson Island,47.15872,-122.69603
WA,Appleton,45.90904,-121.14862
WA,Ardenvoir,47.7375,-120.36778
WA,Ariel,45.99515,-122.46769
WA,Arlington,48.18293,-122.11213
WA,Ashford,46.75312,-121.98979
WA,Asotin,46.13432,-117.00155
WA,Auburn,47.31634,-122.27006
WA,Bainbridge Island,47.64505,-122.5313
WA,Baring,47.75779,-121.44757
WA,Battle Ground,45.79067,-122.53185
WA,Bay Center,46.63167,-123.95361
WA,Beaver,48.06726,-124.30542
WA,Belfair,47.45496,-122.82238
WA,Bellevue,47.6199,-122.20737
WA,Bellingham,48.74896,-122.48868
WA,Belmont,47.08806,-117.16139
WA,Benge,46.86764,-117.96989
WA,Benton City,46.28062,-119.49135
WA,Beverly,46.84843,-119.91207
WA,Bickleton,45.95969,-120.10422
WA,Bingen,45.6341,-121.17578
WA,Black Diamond,47.31137,-122.00526
WA,Blaine,48.96357,-122.73233
WA,Blakely Island,48.51278,-122.61139
WA,Bonney Lake,47.18191,-122.17389
WA,Bothell,47.74969,-122.2159
WA,Bothell,47.84894,-122.20698
WA,Bow,48.56204,-122.41344
WA,Boyds,48.69192,-118.19906
WA,Bremerton,47.60192,-122.62991
WA,Brewster,48.12064,-119.772
WA,Bridgeport,48.01608,-119.70277
WA,Brinnon,47.6776,-122.93751
WA,Brownstown,46.40444,-120.60583
WA,Brush Prairie,45.73043,-122.48434
WA,Buckley,47.15245,-122.0621
WA,Bucoda,46.79917,-122.86861
WA,Buena,46.42889,-120.31222
WA,Burbank,46.2,-119.01194
WA,Burley,47.41806,-122.62972
WA,Burlington,48.47858,-122.33449
WA,Burton,47.38917,-122.45944
WA,Camano Island,48.19167,-122.51389
WA,Camas,45.60577,-122.41423
WA,Camp Murray,47.117,-122.5663
WA,Carbonado,47.08024,-122.05134
WA,Carlsborg,48.09083,-123.17083
WA,Carlton,48.25261,-120.10551
WA,Carnation,47.63801,-121.9111
WA,Carrolls,46.07167,-122.86111
WA,Carson,45.74933,-121.83514
WA,Cashmere,47.51729,-120.50327
WA,Castle Rock,46.27829,-122.9139
WA,Cathlamet,46.19538,-123.36272
WA,Centerville,45.70318,-120.94597
WA,Centralia,46.72463,-122.96707
WA,Chattaroy,47.91918,-117.29209
WA,Chehalis,46.63819,-122.96576
WA,Chelan,47.84826,-120.02731
WA,Chelan Falls,47.80167,-119.98472
WA,Cheney,47.49426,-117.58337
WA,Chewelah,48.28758,-117.77539
WA,Chimacum,47.98607,-122.78832
WA,Chinook,46.27306,-123.94417
WA,Cinebar,46.56713,-122.56601
WA,Clallam Bay,48.22549,-124.20151
WA,Clarkston,46.39462,-117.06446
WA,Clayton,47.95521,-117.57402
WA,Cle Elum,47.20632,-120.9685
WA,Clearlake,48.46444,-122.23278
WA,Clinton,47.95085,-122.39159
WA,Colbert,47.84109,-117.37589
WA,Colfax,46.88,-117.36697
WA,College Place,46.04572,-118.38534
WA,Colton,46.5901,-117.16924
WA,Colville,48.57799,-117.86446
WA,Conconully,48.5575,-119.74861
WA,Concrete,48.53096,-121.66429
WA,Connell,46.66426,-118.85454
WA,Conway,48.34056,-122.34167
WA,Copalis Beach,47.06504,-124.13588
WA,Copalis Crossing,47.12535,-124.13471
WA,Cosmopolis,46.95379,-123.77394
WA,Cougar,46.06901,-122.29419
WA,Coulee City,47.59657,-119.27582
WA,Coulee Dam,48.17386,-119.18091
WA,Coupeville,48.21891,-122.68235
WA,Cowiche,46.66611,-120.71489
WA,Creston,47.79768,-118.53066
WA,Curlew,48.91078,-118.64518
WA,Curtis,46.55837,-123.15697
WA,Cusick,48.39151,-117.32946
WA,Custer,48.93741,-122.62257
WA,Dallesport,45.6175,-121.17833
WA,Danville,48.97252,-118.48841
WA,Darrington,48.24929,-121.59181
WA,Davenport,47.68086,-118.16666
WA,Dayton,46.30746,-117.97379
WA,Deer Harbor,48.62028,-122.99833
WA,Deer Park,47.94861,-117.44356
WA,Deming,48.80337,-122.15396
WA,Dixie,46.14028,-118.15417
WA,Doty,46.63472,-123.27639
WA,Dryden,47.54139,-120.55972
WA,Dupont,47.09694,-122.63
WA,Duvall,47.72499,-121.93691
WA,East Olympia,46.96778,-122.83444
WA,East Wenatchee,47.4186,-120.27314
WA,Easton,47.23722,-121.17778
WA,Eastsound,48.66555,-122.93704
WA,Eatonville,46.87078,-122.26963
WA,Edmonds,47.80069,-122.36695
WA,Edwall,47.5379,-117.90709
WA,Elbe,46.76661,-122.15034
WA,Electric City,47.92645,-119.03673
WA,Elk,48.02052,-117.29625
WA,Ellensburg,46.99963,-120.51627
WA,Elma,47.00581,-123.39969
WA,Elmer City,47.99806,-118.95333
WA,Eltopia,46.475,-119.10133
WA,Endicott,46.93641,-117.72301
WA,Entiat,47.70565,-120.27603
WA,Enumclaw,47.26655,-122.03143
WA,Ephrata,47.27705,-119.53358
WA,Ethel,46.53581,-122.77601
WA,Evans,48.74579,-118.00012
WA,Everett,47.98843,-122.20057
WA,Everson,48.90447,-122.33247
WA,Fairchild Air Force Base,47.61307,-117.64375
WA,Fairfield,47.39873,-117.19205
WA,Fall City,47.56823,-121.88965
WA,Farmington,47.08474,-117.07633
WA,Federal Way,47.3203,-122.31173
WA,Ferndale,48.86253,-122.59529
WA,Ford,47.91687,-117.81186
WA,Forks,47.92873,-124.39895
WA,Four Lakes,47.56139,-117.59306
WA,Fox Island,47.25238,-122.62858
WA,Freeland,48.03417,-122.56409
WA,Friday Harbor,48.54542,-123.09472
WA,Fruitland,47.97975,-118.21591
WA,Galvin,46.7425,-123.02583
WA,Garfield,46.99464,-117.15229
WA,George,47.07917,-119.85472
WA,Gifford,48.22287,-118.12989
WA,Gig Harbor,47.37858,-122.7
WA,Glenoma,46.52827,-122.09901
WA,Glenwood,46.0071,-121.28849
WA,Gold Bar,47.85694,-121.69583
WA,Goldendale,45.83202,-120.81298
WA,Goose Prairie,46.73111,-120.69833
WA,Graham,47.02457,-122.29365
WA,Grand Coulee,47.93851,-118.99783
WA,Grandview,46.25385,-119.91573
WA,Granger,46.34804,-120.18185
WA,Granite Falls,48.07898,-121.94275
WA,Grapeview,47.30578,-122.94974
WA,Grayland,46.8532,-124.05619
WA,Grays River,46.35348,-123.58885
WA,Greenacres,47.65836,-117.1568
WA,Greenbank,48.12443,-122.58709
WA,Hamilton,48.52167,-121.98806
WA,Hansville,47.90614,-122.56551
WA,Harrah,46.41038,-120.57361
WA,Harrington,47.4555,-118.27779
WA,Hartline,47.72563,-119.10447
WA,Hay,46.67889,-117.91472
WA,Heisson,45.825,-122.49
WA,Hobart,47.42194,-121.97167
WA,Hoodsport,47.42353,-123.17393
WA,Hooper,46.75444,-118.14694
WA,Hoquiam,46.98227,-123.88417
WA,Humptulips,47.13563,-123.97169
WA,Hunters,48.13326,-118.15249
WA,Husum,45.79944,-121.48583
WA,Ilwaco,46.31421,-124.02822
WA,Inchelium,48.29241,-118.35517
WA,Index,47.82083,-121.55389
WA,Indianola,47.74722,-122.52444
WA,Ione,48.71302,-117.40486
WA,Issaquah,47.55091,-122.03352
WA,Joyce,48.13667,-123.73278
WA,Kahlotus,46.64333,-118.55583
WA,Kalama,46.01123,-122.81659
WA,Kapowsin,46.98583,-122.22444
WA,Keller,48.02359,-118.65473
WA,Kelso,46.14849,-122.88699
WA,Kenmore,47.7575,-122.24278
WA,Kennewick,46.21091,-119.16795
WA,Kent,47.3695,-122.1949
WA,Kettle Falls,48.63638,-118.0548
WA,Keyport,47.70222,-122.61972
WA,Kingston,47.81084,-122.5255
WA,Kirkland,47.6786,-122.18944
WA,Kittitas,46.98333,-120.41583
WA,Klickitat,45.75153,-121.22923
WA,La Center,45.88059,-122.62397
WA,La Conner,48.40931,-122.53134
WA,La Grande,46.83444,-122.3175
WA,La Push,47.90889,-124.63528
WA,Lacey,47.02397,-122.78266
WA,Lacrosse,46.77168,-117.77028
WA,Lake Stevens,48.0171,-122.06715
WA,Lakebay,47.24737,-122.74273
WA,Lakewood,47.12291,-122.52933
WA,Lamona,47.35944,-118.48139
WA,Lamont,47.17304,-117.83024
WA,Langley,48.01867,-122.45299
WA,Latah,47.30382,-117.16884
WA,Laurier,48.99889,-118.22306
WA,Leavenworth,47.6438,-120.67479
WA,Lebam,46.55917,-123.54778
WA,Liberty Lake,47.65167,-117.08381
WA,Lilliwaup,47.51277,-123.06312
WA,Lincoln,47.78204,-118.48101
WA,Lind,46.95595,-118.70606
WA,Littlerock,46.90194,-123.01667
WA,Long Beach,46.37737,-124.04704
WA,Longbranch,47.20074,-122.75613
WA,Longmire,46.75,-121.81139
WA,Longview,46.15135,-122.96342
WA,Loomis,48.86963,-119.64267
WA,Loon Lake,48.07839,-117.6325
WA,Lopez Island,48.5208,-122.96743
WA,Lummi Island,48.71276,-122.68228
WA,Lyle,45.74495,-121.25011
WA,Lyman,48.52574,-122.01618
WA,Lynden,48.93722,-122.45915
WA,Lynnwood,47.81182,-122.28779
WA,Mabton,46.21208,-120.01514
WA,Malaga,47.35531,-120.20856
WA,Malden,47.22889,-117.47167
WA,Malo,48.81862,-118.62371
WA,Malone,46.96056,-123.32556
WA,Malott,48.28278,-119.70556
WA,Manchester,47.55611,-122.54361
WA,Mansfield,47.90214,-119.40532
WA,Manson,47.89576,-120.14896
WA,Maple Falls,48.92444,-122.07583
WA,Maple Valley,47.38453,-122.05741
WA,Marblemount,48.52778,-121.44833
WA,Marcus,48.66333,-118.06722
WA,Marlin,47.32093,-119.0909
WA,Marshall,47.565,-117.49833
WA,Marysville,48.06564,-122.15617
WA,Matlock,47.17755,-123.33764
WA,Mattawa,46.67944,-119.91611
WA,Mazama,48.59773,-120.38796
WA,Mcchord Afb,47.12861,-122.52306
WA,Mccleary,47.05399,-123.2733
WA,Mckenna,46.93611,-122.55444
WA,Mead,47.79327,-117.31172
WA,Medical Lake,47.5837,-117.67935
WA,Medina,47.62111,-122.22639
WA,Menlo,46.62167,-123.64583
WA,Mercer Island,47.56315,-122.22656
WA,Mesa,46.57822,-119.13732
WA,Metaline,48.85056,-117.38972
WA,Metaline Falls,48.85975,-117.36332
WA,Methow,48.09001,-120.0059
WA,Mica,47.55381,-117.16371
WA,Mill Creek,47.86028,-122.20306
WA,Milton,47.24827,-122.31551
WA,Mineral,46.70963,-122.18606
WA,Moclips,47.22262,-124.20438
WA,Mohler,47.48111,-118.25333
WA,Monitor,47.48694,-120.41694
WA,Monroe,47.85853,-121.94738
WA,Montesano,47.09013,-123.50058
WA,Morton,46.55806,-122.24957
WA,Moses Lake,47.13736,-119.28915
WA,Mossyrock,46.51314,-122.47894
WA,Mount Vernon,48.41643,-122.32655
WA,Mountlake Terrace,47.79306,-122.30404
WA,Moxee,46.55421,-120.36846
WA,Mukilteo,47.9199,-122.30191
WA,Naches,46.73533,-120.8267
WA,Nahcotta,46.49861,-124.03222
WA,Napavine,46.57472,-122.90694
WA,Naselle,46.35276,-123.80438
WA,Neah Bay,48.36833,-124.62361
WA,Neilton,47.41306,-123.87917
WA,Nespelem,48.16722,-118.97361
WA,Newman Lake,47.72737,-117.06404
WA,Newport,48.16947,-117.15078
WA,Nine Mile Falls,47.80195,-117.58936
WA,Nooksack,48.92778,-122.32028
WA,Nordland,48.04321,-122.69255
WA,North Bend,47.47555,-121.75714
WA,North Bonneville,45.6375,-121.975
WA,North Lakewood,48.15194,-122.2075
WA,Northport,48.92466,-117.79305
WA,Oak Harbor,48.3151,-122.63744
WA,Oakesdale,47.08056,-117.28033
WA,Oakville,46.84337,-123.24933
WA,Ocean Park,46.50287,-124.04358
WA,Ocean Shores,46.98291,-124.15323
WA,Odessa,47.33949,-118.69832
WA,Okanogan,48.35133,-119.60456
WA,Olalla,47.42409,-122.57451
WA,Olga,48.65553,-122.83622
WA,Olympia,47.01291,-122.87631
WA,Omak,48.41435,-119.52716
WA,Onalaska,46.57302,-122.7075
WA,Orcas,48.59806,-122.94333
WA,Orient,48.86611,-118.20167
WA,Orondo,47.69693,-120.17214
WA,Oroville,48.93968,-119.40324
WA,Orting,47.08221,-122.18598
WA,Othello,46.79252,-119.31641
WA,Otis Orchards,47.70273,-117.11209
WA,Outlook,46.3525,-120.097
WA,Oysterville,46.54917,-124.02694
WA,Pacific,47.2666,-122.24348
WA,Pacific Beach,47.19814,-124.15883
WA,Packwood,46.65004,-121.65525
WA,Palisades,47.46937,-119.80226
WA,Palouse,46.90756,-117.08548
WA,Paradise Inn,46.71833,-121.67056
WA,Parker,46.50111,-120.46417
WA,Pasco,46.24918,-119.10439
WA,Pateros,48.05915,-119.91332
WA,Paterson,45.99114,-119.75587
WA,Pe Ell,46.56558,-123.28524
WA,Peshastin,47.58129,-120.61393
WA,Plymouth,46.03818,-119.503
WA,Point Roberts,48.98788,-123.05547
WA,Pomeroy,46.46984,-117.59928
WA,Port Angeles,48.10649,-123.43844
WA,Port Gamble,47.85444,-122.5825
WA,Port Hadlock,48.03453,-122.76815
WA,Port Ludlow,47.92219,-122.68962
WA,Port Orchard,47.50484,-122.61528
WA,Port Townsend,48.10401,-122.79446
WA,Poulsbo,47.74228,-122.62772
WA,Prescott,46.35388,-118.40966
WA,Preston,47.52389,-121.92583
WA,Prosser,46.22318,-119.77101
WA,Pullman,46.73525,-117.17294
WA,Puyallup,47.19912,-122.3151
WA,Quilcene,47.83243,-122.8583
WA,Quinault,47.4485,-123.80374
WA,Quincy,47.19757,-119.84592
WA,Rainier,46.88294,-122.67947
WA,Randle,46.54919,-121.85553
WA,Ravensdale,47.41548,-121.9879
WA,Raymond,46.67105,-123.69289
WA,Reardan,47.70541,-117.86626
WA,Redmond,47.6718,-122.12324
WA,Redondo,47.34861,-122.32222
WA,Renton,47.46476,-122.20748
WA,Republic,48.67037,-118.69994
WA,Retsil,47.54611,-122.61
WA,Rice,48.40617,-118.12486
WA,Richland,46.28327,-119.2892
WA,Ridgefield,45.78463,-122.69335
WA,Ritzville,47.13153,-118.39581
WA,Riverside,48.48757,-119.58032
WA,Rochester,46.81929,-123.04063
WA,Rock Island,47.37056,-120.13779
WA,Rockford,47.4528,-117.13184
WA,Rockport,48.47039,-121.55535
WA,Rollingbay,47.66472,-122.50889
WA,Ronald,47.23528,-121.02222
WA,Roosevelt,45.82962,-120.35661
WA,Rosalia,47.22178,-117.41468
WA,Rosburg,46.30708,-123.65711
WA,Roslyn,47.22361,-120.99194
WA,Roy,46.95605,-122.44827
WA,Royal City,46.91557,-119.58147
WA,Ryderwood,46.37518,-123.04313
WA,Saint John,47.07554,-117.573
WA,Salkum,46.51506,-122.64536
WA,Sammamish,47.6244,-122.0423
WA,Satsop,47.00333,-123.48222
WA,Seabeck,47.6255,-122.82269
WA,Seahurst,47.46944,-122.36083
WA,Seattle,47.61144,-122.33046
WA,Seaview,46.33472,-124.05333
WA,Sedro Woolley,48.52741,-122.23294
WA,Sekiu,48.30317,-124.46847
WA,Selah,46.67671,-120.54081
WA,Sequim,48.08814,-123.11981
WA,Shaw Island,48.58444,-122.92778
WA,Shelton,47.20863,-123.07286
WA,Silvana,48.2025,-122.2525
WA,Silver Creek,46.54908,-122.47572
WA,Silverdale,47.69202,-122.71611
WA,Silverlake,46.31632,-122.76489
WA,Skamokawa,46.29519,-123.43316
WA,Skykomish,47.69216,-121.3713
WA,Snohomish,47.89538,-122.07156
WA,Snoqualmie,47.52929,-121.82253
WA,Snoqualmie Pass,47.40972,-121.40583
WA,Soap Lake,47.38303,-119.48596
WA,South Bend,46.6544,-123.82031
WA,South Cle Elum,47.18583,-120.94778
WA,South Colby,47.52222,-122.53611
WA,South Prairie,47.13944,-122.09694
WA,Southworth,47.51222,-122.50056
WA,Spanaway,47.07322,-122.39434
WA,Spangle,47.4338,-117.3827
WA,Spokane,47.66649,-117.43653
WA,Sprague,47.32473,-117.98968
WA,Springdale,47.99274,-117.87327
WA,Stanwood,48.20107,-122.37798
WA,Starbuck,46.51972,-118.12778
WA,Startup,47.86806,-121.73917
WA,Stehekin,48.29803,-120.75518
WA,Steilacoom,47.17037,-122.58884
WA,Steptoe,47.00611,-117.355
WA,Stevenson,45.68817,-121.90935
WA,Stratford,47.42722,-119.28194
WA,Sultan,47.85894,-121.73687
WA,Sumas,48.97076,-122.20743
WA,Sumner,47.20333,-122.23917
WA,Sunnyside,46.32127,-120.01263
WA,Suquamish,47.7343,-122.55729
WA,Tacoma,47.2764,-122.7583
WA,Taholah,47.34071,-124.2827
WA,Tahuya,47.43562,-122.92113
WA,Tekoa,47.22708,-117.08192
WA,Tenino,46.86412,-122.84927
WA,Thornton,47.12525,-117.38642
WA,Thorp,47.01779,-120.67856
WA,Tieton,46.70633,-120.74728
WA,Tokeland,46.74687,-124.04601
WA,Toledo,46.43955,-122.82656
WA,Tonasket,48.71944,-119.39425
WA,Toppenish,46.37512,-120.33053
WA,Touchet,46.04851,-118.65541
WA,Toutle,46.29561,-122.6477
WA,Tracyton,47.60917,-122.65389
WA,Trout Lake,45.98279,-121.51627
WA,Tumtum,47.89817,-117.699
WA,Tumwater,46.9542,-123.025
WA,Twisp,48.36323,-120.13504
WA,Underwood,45.74087,-121.59741
WA,Union,47.35131,-123.03436
WA,Uniontown,46.52582,-117.09076
WA,University Place,47.2054,-122.53356
WA,Usk,48.29597,-117.31895
WA,Vader,46.39851,-122.95849
WA,Valley,48.13511,-117.76097
WA,Valleyford,47.52918,-117.2686
WA,Vancouver,45.64183,-122.68014
WA,Vantage,46.99667,-120.54667
WA,Vashon,47.42595,-122.46442
WA,Vaughn,47.33092,-122.7736
WA,Veradale,47.6421,-117.19771
WA,Wahkiacus,45.81557,-121.14859
WA,Waitsburg,46.26909,-118.14473
WA,Waldron,48.68778,-123.03556
WA,Walla Walla,46.06137,-118.33154
WA,Wallula,46.08556,-118.90417
WA,Wapato,46.45066,-120.42648
WA,Warden,46.97697,-119.05393
WA,Washougal,45.59592,-122.3104
WA,Washtucna,46.82091,-118.2862
WA,Waterville,47.62951,-119.98874
WA,Wauconda,48.82245,-118.94695
WA,Wauna,47.37917,-122.64139
WA,Waverly,47.33539,-117.23311
WA,Wellpinit,47.86974,-117.98565
WA,Wenatchee,47.42527,-120.32734
WA,West Richland,46.30444,-119.36028
WA,Westport,46.88362,-124.10605
WA,White Salmon,45.75514,-121.47946
WA,White Swan,46.37156,-120.74532
WA,Wilbur,47.74101,-118.70627
WA,Wilkeson,47.10556,-122.04444
WA,Wilson Creek,47.42333,-119.11972
WA,Winlock,46.49401,-122.91581
WA,Winthrop,48.47561,-120.18047
WA,Wishram,45.6575,-120.96556
WA,Woodinville,47.76838,-122.12709
WA,Woodland,45.92186,-122.71256
WA,Yacolt,45.86225,-122.42754
WA,Yakima,46.60699,-120.47734
WA,Yelm,46.92059,-122.58805
WA,Zillah,46.41578,-120.26616
WI,Abbotsford,44.96406,-90.29944
WI,Abrams,44.78693,-88.0571
WI,Adams,43.89669,-89.82187
WI,Adell,43.61507,-88.02539
WI,Afton,42.60389,-89.07111
WI,Albany,42.71554,-89.43569
WI,Algoma,44.61005,-87.45779
WI,Allenton,43.46807,-88.3539
WI,Alma,44.42944,-91.80793
WI,Alma Center,44.44522,-90.9356
WI,Almena,45.41951,-92.00269
WI,Almond,44.28983,-89.35836
WI,Altoona,44.80214,-91.43825
WI,Amberg,45.49888,-87.96426
WI,Amery,45.32524,-92.36153
WI,Amherst,44.42305,-89.30348
WI,Amherst Junction,44.50646,-89.30375
WI,Aniwa,45.01039,-89.26825
WI,Antigo,45.13136,-89.14187
WI,Appleton,44.27732,-88.39765
WI,Arcadia,44.25394,-91.48045
WI,Arena,43.15211,-89.93861
WI,Argonne,45.65831,-88.88857
WI,Argyle,42.69553,-89.85983
WI,Arkansaw,44.62666,-92.05665
WI,Arkdale,44.05289,-89.89621
WI,Arlington,43.32687,-89.36308
WI,Armstrong Creek,45.67261,-88.49085
WI,Arpin,44.54194,-90.03705
WI,Ashippun,43.21194,-88.51611
WI,Ashland,46.57795,-90.87671
WI,Athelstane,45.42282,-88.17528
WI,Athens,45.03204,-90.06261
WI,Auburndale,44.63784,-90.01358
WI,Augusta,44.69474,-91.12315
WI,Avalon,42.65979,-88.83714
WI,Avoca,43.15714,-90.28886
WI,Babcock,44.30306,-90.09857
WI,Bagley,42.92073,-91.0685
WI,Baileys Harbor,45.05655,-87.16763
WI,Baldwin,44.9657,-92.3655
WI,Balsam Lake,45.45884,-92.41495
WI,Bancroft,44.30648,-89.53044
WI,Bangor,43.8687,-90.98089
WI,Baraboo,43.48253,-89.74617
WI,Barneveld,43.0158,-89.90423
WI,Barron,45.40053,-91.84996
WI,Barronett,45.61899,-92.01959
WI,Bassett,42.54056,-88.22778
WI,Bay City,44.6166,-92.44689
WI,Bayfield,46.83536,-90.82168
WI,Bear Creek,44.5348,-88.74038
WI,Beaver Dam,43.46157,-88.84068
WI,Beetown,42.795,-90.88528
WI,Beldenville,44.7721,-92.4372
WI,Belgium,43.49947,-87.85091
WI,Belleville,42.86691,-89.53773
WI,Belmont,42.73078,-90.33588
WI,Beloit,42.52287,-89.0399
WI,Benet Lake,42.49806,-88.08167
WI,Benoit,46.50194,-91.07667
WI,Benton,42.5349,-90.33804
WI,Berlin,43.97694,-88.94901
WI,Big Bend,42.88846,-88.21218
WI,Big Falls,44.61556,-89.01611
WI,Birchwood,45.6403,-91.57756
WI,Birnamwood,44.9269,-89.21243
WI,Black Creek,44.4856,-88.44478
WI,Black Earth,43.13221,-89.73897
WI,Black River Falls,44.2921,-90.84795
WI,Blair,44.29684,-91.2235
WI,Blanchardville,42.80619,-89.85551
WI,Blenker,44.61333,-89.915
WI,Bloomer,45.10248,-91.48997
WI,Bloomington,42.8726,-90.9099
WI,Blue Mounds,43.00496,-89.83446
WI,Blue River,43.23657,-90.58731
WI,Bonduel,44.73794,-88.43903
WI,Boscobel,43.13933,-90.7061
WI,Boulder Junction,46.11118,-89.63245
WI,Bowler,44.93367,-88.97607
WI,Boyceville,45.06424,-92.0248
WI,Boyd,44.94374,-91.02935
WI,Brandon,43.72579,-88.7841
WI,Brantwood,45.55141,-90.11595
WI,Briggsville,43.67587,-89.58026
WI,Brill,45.60278,-91.67194
WI,Brillion,44.17792,-88.08334
WI,Bristol,42.53252,-88.04778
WI,Brodhead,42.61107,-89.37141
WI,Brokaw,45.02722,-89.65306
WI,Brookfield,43.06217,-88.098
WI,Brooklyn,42.84233,-89.38181
WI,Brownsville,43.61093,-88.50973
WI,Browntown,42.55787,-89.78158
WI,Bruce,45.44792,-91.29062
WI,Brule,46.57632,-91.55386
WI,Brussels,44.74756,-87.62252
WI,Bryant,45.20296,-88.99832
WI,Burlington,42.66603,-88.27489
WI,Burnett,43.51161,-88.71761
WI,Butler,43.1054,-88.07104
WI,Butte Des Morts,44.09944,-88.65389
WI,Butternut,46.01836,-90.48211
WI,Cable,46.21715,-91.22444
WI,Cadott,44.96301,-91.16988
WI,Caledonia,42.82947,-87.92278
WI,Cambria,43.57239,-89.11561
WI,Cambridge,42.99176,-89.0209
WI,Cameron,45.40384,-91.73099
WI,Camp Douglas,43.93671,-90.26886
WI,Camp Lake,42.53472,-88.14361
WI,Campbellsport,43.60418,-88.27286
WI,Caroline,44.72757,-88.88875
WI,Cascade,43.65911,-88.09466
WI,Casco,44.58328,-87.62312
WI,Cashton,43.74565,-90.7612
WI,Cassville,42.72879,-90.96075
WI,Cataract,44.08778,-90.84222
WI,Catawba,45.50812,-90.51456
WI,Cazenovia,43.49871,-90.27957
WI,Cecil,44.81103,-88.41825
WI,Cedar Grove,43.57508,-87.84011
WI,Cedarburg,43.30341,-88.00287
WI,Centuria,45.44837,-92.54774
WI,Chaseburg,43.67937,-91.07993
WI,Chetek,45.31705,-91.65415
WI,Chili,44.63014,-90.35995
WI,Chilton,44.02424,-88.18269
WI,Chippewa Falls,44.9322,-91.38438
WI,Clam Lake,46.24567,-90.88411
WI,Clayton,45.3063,-92.13946
WI,Clear Lake,45.23648,-92.27488
WI,Cleveland,43.92173,-87.76731
WI,Clinton,42.55348,-88.87048
WI,Clintonville,44.63644,-88.743
WI,Clyman,43.31139,-88.72
WI,Cobb,42.96601,-90.33241
WI,Cochrane,44.25159,-91.85868
WI,Colby,44.91165,-90.31443
WI,Coleman,45.07216,-88.05867
WI,Colfax,44.99933,-91.73574
WI,Colgate,43.19977,-88.24061
WI,Collins,44.08556,-87.98278
WI,Coloma,44.02746,-89.49433
WI,Columbus,43.33149,-89.02709
WI,Combined Locks,44.26658,-88.31327
WI,Comstock,45.49111,-92.08596
WI,Conover,46.04397,-89.23892
WI,Conrath,45.35328,-91.06213
WI,Coon Valley,43.72178,-91.01434
WI,Cornell,45.16191,-91.17325
WI,Cornucopia,46.83717,-91.09742
WI,Cottage Grove,43.0784,-89.20169
WI,Couderay,45.80966,-91.32783
WI,Crandon,45.54155,-88.91162
WI,Crivitz,45.25405,-88.06127
WI,Cross Plains,43.11321,-89.63966
WI,Cuba City,42.59907,-90.47491
WI,Cudahy,42.94898,-87.86198
WI,Cumberland,45.5403,-92.02971
WI,Curtiss,44.96019,-90.45922
WI,Cushing,45.56036,-92.62414
WI,Custer,44.56622,-89.41527
WI,Dale,44.27306,-88.67833
WI,Dallas,45.25488,-91.83684
WI,Dalton,43.67178,-89.19177
WI,Danbury,46.02968,-92.266
WI,Dane,43.24241,-89.51174
WI,Darien,42.6435,-88.71422
WI,Darlington,42.68782,-90.11065
WI,De Forest,43.23575,-89.32965
WI,De Pere,44.43878,-88.08061
WI,De Soto,43.49471,-91.19302
WI,Deer Park,45.16905,-92.35846
WI,Deerbrook,45.23679,-89.18726
WI,Deerfield,43.05711,-89.0862
WI,Delafield,43.05002,-88.39725
WI,Delavan,42.62271,-88.62772
WI,Dellwood,43.97056,-89.81667
WI,Denmark,44.35939,-87.82704
WI,Dickeyville,42.62722,-90.59194
WI,Dodge,44.12886,-91.52434
WI,Dodgeville,42.96978,-90.14043
WI,Dorchester,45.00419,-90.35965
WI,Dousman,42.98506,-88.45675
WI,Downing,45.10303,-92.11338
WI,Downsville,44.77472,-91.93194
WI,Doylestown,43.42778,-89.15
WI,Dresser,45.35459,-92.5623
WI,Drummond,46.3119,-91.28557
WI,Dunbar,45.60094,-88.10667
WI,Durand,44.63004,-91.92948
WI,Eagle,42.88094,-88.46742
WI,Eagle River,45.91608,-89.25306
WI,East Ellsworth,44.73417,-92.46778
WI,East Troy,42.80353,-88.40922
WI,Eastman,43.19592,-91.01927
WI,Eau Claire,44.78397,-91.48769
WI,Eau Galle,44.72143,-92.04082
WI,Eden,43.69588,-88.32661
WI,Edgar,44.90383,-89.99803
WI,Edgerton,42.83861,-89.06416
WI,Edgewater,45.74222,-91.475
WI,Edmund,42.9675,-90.26444
WI,Egg Harbor,45.01004,-87.28052
WI,Eland,44.83089,-89.24612
WI,Elcho,45.44091,-89.15157
WI,Elderon,44.78389,-89.24472
WI,Eldorado,43.84147,-88.63883
WI,Eleva,44.59849,-91.48037
WI,Elk Mound,44.86697,-91.67523
WI,Elkhart Lake,43.84355,-87.97667
WI,Elkhorn,42.70093,-88.54621
WI,Ellison Bay,45.25721,-87.05121
WI,Ellsworth,44.73019,-92.48904
WI,Elm Grove,43.04794,-88.08537
WI,Elmwood,44.75609,-92.2022
WI,Elroy,43.75162,-90.28886
WI,Elton,45.15622,-88.88374
WI,Embarrass,44.66556,-88.70722
WI,Endeavor,43.69631,-89.4617
WI,Ephraim,45.15639,-87.16806
WI,Ettrick,44.17243,-91.26355
WI,Eureka,44.00444,-88.84167
WI,Evansville,42.77322,-89.28771
WI,Exeland,45.6753,-91.22382
WI,Fairchild,44.59625,-90.99057
WI,Fairwater,43.74389,-88.86694
WI,Fall Creek,44.76839,-91.28563
WI,Fall River,43.40084,-89.06251
WI,Fence,45.75965,-88.36487
WI,Fennimore,42.98856,-90.65501
WI,Ferryville,43.39586,-91.04458
WI,Fifield,45.86215,-90.4246
WI,Fish Creek,45.11554,-87.20643
WI,Florence,45.90272,-88.22892
WI,Fond Du Lac,43.77045,-88.42915
WI,Fontana,42.54293,-88.56842
WI,Footville,42.67083,-89.20889
WI,Forest Junction,44.20613,-88.15172
WI,Forestville,44.69686,-87.49283
WI,Fort Atkinson,42.9229,-88.84669
WI,Fountain City,44.13644,-91.67786
WI,Fox Lake,43.58151,-88.90408
WI,Foxboro,46.48751,-92.14925
WI,Francis Creek,44.19996,-87.72001
WI,Franklin,42.90173,-88.00858
WI,Franksville,42.78589,-87.98727
WI,Frederic,45.66531,-92.42648
WI,Fredonia,43.48432,-87.98224
WI,Freedom,44.38639,-88.28861
WI,Fremont,44.23788,-88.84485
WI,Friendship,43.98963,-89.81488
WI,Friesland,43.58861,-89.06722
WI,Galesville,44.08885,-91.35879
WI,Galloway,44.82722,-89.16944
WI,Gays Mills,43.29364,-90.86764
WI,Genesee Depot,42.96667,-88.37111
WI,Genoa,43.60513,-91.135
WI,Genoa City,42.53228,-88.34846
WI,Germantown,43.21887,-88.11651
WI,Gile,46.42833,-90.225
WI,Gillett,44.90175,-88.32422
WI,Gilman,45.18906,-90.82567
WI,Gilmanton,44.47083,-91.67583
WI,Gleason,45.33843,-89.47526
WI,Glen Flora,45.48881,-90.85518
WI,Glen Haven,42.82037,-91.00045
WI,Glenbeulah,43.76661,-88.10489
WI,Glenwood City,45.06234,-92.18159
WI,Glidden,46.13367,-90.58886
WI,Goodman,45.6469,-88.3629
WI,Gordon,46.2336,-91.8033
WI,Gotham,43.22333,-90.29139
WI,Grafton,43.32315,-87.95209
WI,Grand Marsh,43.85679,-89.65566
WI,Grand View,46.35768,-91.10747
WI,Granton,44.56056,-90.44838
WI,Grantsburg,45.76131,-92.66268
WI,Gratiot,42.57585,-90.02434
WI,Green Bay,44.48531,-88.01687
WI,Green Lake,43.84438,-88.96847
WI,Green Valley,44.79556,-88.27028
WI,Greenbush,43.77667,-88.08389
WI,Greendale,42.93729,-87.99428
WI,Greenleaf,44.29373,-88.02752
WI,Greenville,44.29975,-88.56958
WI,Greenwood,44.74037,-90.62291
WI,Gresham,44.85296,-88.78873
WI,Hager City,44.62697,-92.55015
WI,Hales Corners,42.94103,-88.0503
WI,Hammond,44.967,-92.44721
WI,Hancock,44.12974,-89.53445
WI,Hannibal,45.2525,-90.78889
WI,Hanover,42.63861,-89.16194
WI,Harshaw,45.67624,-89.65035
WI,Hartford,43.31575,-88.37073
WI,Hartland,43.11715,-88.34457
WI,Hatley,44.82564,-89.37773
WI,Haugen,45.60889,-91.77472
WI,Hawkins,45.52413,-90.71137
WI,Hawthorne,46.50306,-91.86056
WI,Hayward,46.0014,-91.39766
WI,Hazel Green,42.53591,-90.51178
WI,Hazelhurst,45.77446,-89.74784
WI,Heafford Junction,45.54722,-89.71528
WI,Helenville,43.01007,-88.72689
WI,Herbster,46.82128,-91.23319
WI,Hertel,45.80756,-92.14042
WI,Hewitt,44.64365,-90.10305
WI,High Bridge,46.37961,-90.73826
WI,Highland,43.05237,-90.36501
WI,Hilbert,44.12713,-88.20696
WI,Hillpoint,43.39513,-90.15879
WI,Hillsboro,43.63501,-90.37059
WI,Hingham,43.63889,-87.91417
WI,Hixton,44.39778,-91.03909
WI,Holcombe,45.25126,-91.13295
WI,Hollandale,42.87732,-89.91297
WI,Holmen,43.97613,-91.2497
WI,Honey Creek,42.74833,-88.30778
WI,Horicon,43.44686,-88.63105
WI,Hortonville,44.32731,-88.62813
WI,Houlton,45.07012,-92.7608
WI,Hubertus,43.23427,-88.23115
WI,Hudson,44.98419,-92.72706
WI,Humbird,44.53668,-90.88826
WI,Hurley,46.44482,-90.1975
WI,Hustisford,43.345,-88.60167
WI,Hustler,43.9225,-90.27139
WI,Independence,44.39593,-91.45351
WI,Iola,44.53218,-89.13731
WI,Irma,45.34848,-89.66114
WI,Iron Belt,46.39554,-90.32453
WI,Iron Ridge,43.39341,-88.54407
WI,Iron River,46.57898,-91.42106
WI,Ixonia,43.17067,-88.58057
WI,Jackson,43.32524,-88.16259
WI,Janesville,42.69154,-89.03312
WI,Jefferson,43.00056,-88.80777
WI,Jim Falls,45.06444,-91.26491
WI,Johnson Creek,43.07505,-88.7836
WI,Juda,42.56787,-89.50261
WI,Jump River,45.16667,-90.8075
WI,Junction City,44.59634,-89.74376
WI,Juneau,43.3792,-88.68452
WI,Kansasville,42.70125,-88.11804
WI,Kaukauna,44.29561,-88.27169
WI,Kellnersville,44.22493,-87.8036
WI,Kendall,43.81614,-90.41069
WI,Kennan,45.53497,-90.59099
WI,Kenosha,42.60523,-87.82994
WI,Keshena,44.91463,-88.63569
WI,Kewaskum,43.52145,-88.19253
WI,Kewaunee,44.44014,-87.55944
WI,Kiel,43.93411,-87.99564
WI,Kieler,42.58139,-90.6025
WI,Kimberly,44.27008,-88.33837
WI,King,44.26733,-89.11374
WI,Kingston,43.69236,-89.132
WI,Knapp,44.9545,-92.0752
WI,Kohler,43.7381,-87.78673
WI,Krakow,44.76346,-88.25933
WI,La Crosse,43.79894,-91.21749
WI,La Farge,43.61695,-90.64826
WI,La Pointe,46.84667,-90.60362
WI,La Valle,43.56987,-90.12797
WI,Lac Du Flambeau,45.97175,-89.89008
WI,Ladysmith,45.47194,-91.1088
WI,Lake Delton,43.60111,-89.79361
WI,Lake Geneva,42.58811,-88.45538
WI,Lake Mills,43.08158,-88.91334
WI,Lake Nebagamon,46.50235,-91.74024
WI,Lake Tomahawk,45.80345,-89.58561
WI,Lakewood,45.31629,-88.50319
WI,Lancaster,42.84447,-90.71091
WI,Land O Lakes,46.15631,-89.32179
WI,Lannon,43.14965,-88.16386
WI,Laona,45.55342,-88.67153
WI,Larsen,44.19842,-88.6963
WI,Lebanon,43.25528,-88.62667
WI,Lena,44.94049,-88.05431
WI,Leopolis,44.78119,-88.87222
WI,Lime Ridge,43.46778,-90.15472
WI,Linden,42.91842,-90.27973
WI,Little Chute,44.28425,-88.31199
WI,Little Suamico,44.67751,-88.02724
WI,Livingston,42.90443,-90.44199
WI,Lodi,43.32696,-89.55542
WI,Loganville,43.40505,-90.03369
WI,Lomira,43.58849,-88.44131
WI,Lone Rock,43.22077,-90.23523
WI,Long Lake,45.92184,-88.69531
WI,Lowell,43.34202,-88.78726
WI,Loyal,44.72724,-90.49224
WI,Lublin,45.07393,-90.73368
WI,Luck,45.5568,-92.41639
WI,Luxemburg,44.55061,-87.71561
WI,Lyndon Station,43.68988,-89.89154
WI,Lynxville,43.24639,-91.05611
WI,Lyons,42.65111,-88.35833
WI,Madison,43.073,-89.3817
WI,Maiden Rock,44.6086,-92.27821
WI,Malone,43.869,-88.30729
WI,Manawa,44.47015,-88.91644
WI,Manitowish Waters,46.12391,-89.83077
WI,Manitowoc,44.09712,-87.6823
WI,Maple,46.62059,-91.70202
WI,Maplewood,44.7475,-87.47917
WI,Marathon,44.96566,-89.82995
WI,Marengo,46.40711,-90.83999
WI,Maribel,44.28515,-87.80548
WI,Marinette,45.0874,-87.66968
WI,Marion,44.67941,-88.87671
WI,Markesan,43.71402,-89.00697
WI,Marquette,43.74589,-89.13965
WI,Marshall,43.16364,-89.07533
WI,Marshfield,44.6688,-90.1716
WI,Mason,46.45728,-91.05751
WI,Mather,44.14771,-90.29526
WI,Mattoon,45.00417,-89.04194
WI,Mauston,43.79338,-90.06409
WI,Mayville,43.5045,-88.54508
WI,Mazomanie,43.18475,-89.76362
WI,Mc Farland,43.01065,-89.29477
WI,Mc Naughton,45.72333,-89.48278
WI,Medford,45.15118,-90.35031
WI,Mellen,46.30066,-90.65523
WI,Melrose,44.13816,-91.04446
WI,Menasha,44.21116,-88.41754
WI,Menomonee Falls,43.16017,-88.11277
WI,Menomonie,44.87182,-91.92651
WI,Mequon,43.23639,-87.98444
WI,Mercer,46.16959,-90.06791
WI,Merrill,45.18092,-89.6907
WI,Merrillan,44.43694,-90.8105
WI,Merrimac,43.38553,-89.63225
WI,Merton,43.14667,-88.30667
WI,Middleton,43.1052,-89.50726
WI,Mikana,45.59194,-91.60111
WI,Milladore,44.60442,-89.88753
WI,Millston,44.19306,-90.6475
WI,Milltown,45.52708,-92.50174
WI,Milton,42.77909,-88.95309
WI,Milwaukee,43.0343,-87.9151
WI,Mindoro,44.02873,-91.06418
WI,Mineral Point,42.8547,-90.16456
WI,Minocqua,45.87191,-89.75795
WI,Minong,46.10445,-91.85063
WI,Mishicot,44.26094,-87.6447
WI,Mondovi,44.60985,-91.66958
WI,Monroe,42.59908,-89.6403
WI,Montello,43.76898,-89.35864
WI,Montfort,42.97575,-90.44473
WI,Monticello,42.74148,-89.60807
WI,Montreal,46.42574,-90.2442
WI,Morrisonville,43.27722,-89.35944
WI,Mosinee,44.79974,-89.68449
WI,Mount Calvary,43.81421,-88.23992
WI,Mount Hope,42.96886,-90.86648
WI,Mount Horeb,43.00202,-89.74145
WI,Mount Sterling,43.31528,-90.92861
WI,Mountain,45.19913,-88.45828
WI,Mukwonago,42.88205,-88.34512
WI,Muscoda,43.20737,-90.457
WI,Muskego,42.90465,-88.12141
WI,Nashotah,43.11179,-88.40891
WI,Necedah,44.03448,-90.05998
WI,Neenah,44.18109,-88.4792
WI,Neillsville,44.54943,-90.6112
WI,Nekoosa,44.28198,-89.88139
WI,Nelson,44.42947,-92.00074
WI,Nelsonville,44.495,-89.30972
WI,Neopit,44.98732,-88.86112
WI,Neosho,43.29784,-88.52048
WI,Neshkoro,43.89894,-89.23357
WI,New Auburn,45.23562,-91.51975
WI,New Berlin,42.97397,-88.15527
WI,New Franken,44.55919,-87.82348
WI,New Glarus,42.81434,-89.64367
WI,New Holstein,43.94464,-88.09108
WI,New Lisbon,43.88775,-90.15241
WI,New London,44.39285,-88.75543
WI,New Munster,42.57944,-88.22778
WI,New Richmond,45.15982,-92.55133
WI,Newburg,43.43167,-88.04639
WI,Newton,43.98362,-87.78476
WI,Niagara,45.76534,-88.03093
WI,Nichols,44.56306,-88.46333
WI,North Freedom,43.41056,-89.84902
WI,North Lake,43.15611,-88.37056
WI,North Prairie,42.9385,-88.39499
WI,Norwalk,43.81282,-90.68013
WI,Oak Creek,42.88916,-87.90266
WI,Oakdale,43.95972,-90.38167
WI,Oakfield,43.68637,-88.55692
WI,Oconomowoc,43.1095,-88.48623
WI,Oconto,44.89136,-87.89173
WI,Oconto Falls,44.8755,-88.15553
WI,Odanah,46.60833,-90.69667
WI,Ogdensburg,44.4678,-89.01185
WI,Ogema,45.43919,-90.25651
WI,Ojibwa,45.78535,-91.11092
WI,Okauchee,43.11301,-88.43229
WI,Omro,44.03568,-88.75193
WI,Onalaska,43.89739,-91.23142
WI,Oneida,44.51664,-88.18585
WI,Ontario,43.7172,-90.62053
WI,Oostburg,43.62294,-87.79695
WI,Oregon,42.92948,-89.387
WI,Orfordville,42.62777,-89.25329
WI,Osceola,45.32176,-92.69711
WI,Oshkosh,44.02196,-88.54363
WI,Osseo,44.55992,-91.21915
WI,Owen,44.95782,-90.5469
WI,Oxford,43.77991,-89.56318
WI,Packwaukee,43.76333,-89.45833
WI,Palmyra,42.87926,-88.59025
WI,Pardeeville,43.53397,-89.32651
WI,Park Falls,45.93635,-90.42465
WI,Patch Grove,42.94028,-90.97194
WI,Pearson,45.38812,-89.07582
WI,Pelican Lake,45.50489,-89.18171
WI,Pell Lake,42.53806,-88.35083
WI,Pembine,45.6074,-87.97036
WI,Pepin,44.45869,-92.13935
WI,Peshtigo,45.04578,-87.72979
WI,Pewaukee,43.07878,-88.27292
WI,Phelps,46.06448,-89.08155
WI,Phillips,45.69746,-90.40413
WI,Phlox,45.05111,-89.01417
WI,Pickerel,45.35666,-88.91365
WI,Pickett,43.90092,-88.71346
WI,Pigeon Falls,44.42639,-91.21028
WI,Pine River,44.16039,-89.04041
WI,Pittsville,44.43747,-90.18917
WI,Plain,43.29269,-90.05582
WI,Plainfield,44.20908,-89.4559
WI,Platteville,42.73932,-90.48541
WI,Pleasant Prairie,42.5277,-87.8857
WI,Plover,44.45067,-89.54281
WI,Plum City,44.63598,-92.18372
WI,Plymouth,43.75258,-87.97791
WI,Poplar,46.57708,-91.82534
WI,Port Edwards,44.34971,-89.86525
WI,Port Washington,43.39546,-87.87966
WI,Port Wing,46.76204,-91.39202
WI,Portage,43.55015,-89.47139
WI,Porterfield,45.1934,-87.80624
WI,Potosi,42.6884,-90.70015
WI,Potter,44.12056,-88.09917
WI,Pound,45.12732,-88.13962
WI,Powers Lake,42.55361,-88.29444
WI,Poy Sippi,44.11007,-88.92683
WI,Poynette,43.40134,-89.41886
WI,Prairie Du Chien,43.04265,-91.1193
WI,Prairie Du Sac,43.29563,-89.74523
WI,Prairie Farm,45.24618,-91.9742
WI,Prentice,45.5482,-90.29422
WI,Prescott,44.74765,-92.75353
WI,Presque Isle,46.22174,-89.7728
WI,Princeton,43.84383,-89.12491
WI,Pulaski,44.66112,-88.26345
WI,Racine,42.6868,-87.8378
WI,Racine,42.726,-87.7825
WI,Radisson,45.77336,-91.22615
WI,Randolph,43.53917,-89.00667
WI,Randolph,43.5397,-89.00299
WI,Random Lake,43.56721,-87.98155
WI,Readfield,44.2725,-88.76972
WI,Readstown,43.45079,-90.75787
WI,Redgranite,44.04381,-89.09812
WI,Reedsburg,43.5325,-90.0025
WI,Reedsville,44.15757,-87.96603
WI,Reeseville,43.30128,-88.85712
WI,Rewey,42.85939,-90.38036
WI,Rhinelander,45.64672,-89.40928
WI,Rib Lake,45.29838,-90.17632
WI,Rice Lake,45.51047,-91.73354
WI,Richfield,43.27392,-88.21547
WI,Richland Center,43.36271,-90.39138
WI,Ridgeland,45.18677,-91.87902
WI,Ridgeway,43.00765,-89.98895
WI,Ringle,44.92383,-89.43285
WI,Rio,43.42305,-89.23536
WI,Ripon,43.8454,-88.84243
WI,River Falls,44.85501,-92.63128
WI,Roberts,44.98736,-92.55977
WI,Rochester,42.74139,-88.22417
WI,Rock Falls,44.71861,-91.68972
WI,Rock Springs,43.4681,-89.92183
WI,Rockland,43.93816,-90.94885
WI,Rosendale,43.7889,-88.6417
WI,Rosholt,44.66222,-89.33564
WI,Rothschild,44.88429,-89.61926
WI,Rubicon,43.31214,-88.45279
WI,Rudolph,44.47406,-89.80025
WI,Saint Cloud,43.80743,-88.18448
WI,Saint Croix Falls,45.41322,-92.63837
WI,Saint Germain,45.91831,-89.48656
WI,Saint Nazianz,44.00643,-87.92291
WI,Salem,42.57092,-88.12873
WI,Sand Creek,45.17051,-91.70145
WI,Sarona,45.70853,-91.7621
WI,Sauk City,43.26856,-89.74178
WI,Saukville,43.39126,-87.95677
WI,Saxeville,44.17611,-89.11444
WI,Saxon,46.49585,-90.43827
WI,Sayner,45.98666,-89.51944
WI,Scandinavia,44.46044,-89.16504
WI,Schofield,44.90641,-89.58179
WI,Seneca,43.265,-90.95833
WI,Sextonville,43.27833,-90.29083
WI,Seymour,44.5091,-88.31724
WI,Sharon,42.51937,-88.72652
WI,Shawano,44.78513,-88.6036
WI,Sheboygan,43.74098,-87.72467
WI,Sheboygan Falls,43.7266,-87.82423
WI,Sheldon,45.31817,-90.91415
WI,Shell Lake,45.7536,-91.96061
WI,Sherwood,44.17361,-88.25972
WI,Shiocton,44.4972,-88.55624
WI,Shullsburg,42.57856,-90.22662
WI,Silver Lake,42.54611,-88.16556
WI,Sinsinawa,42.52361,-90.53917
WI,Siren,45.78214,-92.38915
WI,Sister Bay,45.18754,-87.11387
WI,Slinger,43.33221,-88.28238
WI,Sobieski,44.7105,-88.10761
WI,Soldiers Grove,43.39186,-90.76629
WI,Solon Springs,46.38882,-91.77015
WI,Somers,42.64028,-87.91028
WI,Somerset,45.13306,-92.68647
WI,South Milwaukee,42.91047,-87.86463
WI,South Range,46.58866,-91.9458
WI,South Wayne,42.5822,-89.88884
WI,Sparta,43.95405,-90.81457
WI,Spencer,44.73915,-90.31141
WI,Spooner,45.85047,-91.91555
WI,Spring Green,43.18835,-90.06761
WI,Spring Valley,44.83557,-92.2906
WI,Springbrook,45.96038,-91.67773
WI,Springfield,42.64167,-88.41194
WI,Stanley,44.96887,-90.93894
WI,Star Lake,46.03833,-89.47222
WI,Star Prairie,45.2013,-92.55135
WI,Stetsonville,45.07923,-90.28293
WI,Steuben,43.19546,-90.86088
WI,Stevens Point,44.52122,-89.55876
WI,Stitzer,42.92142,-90.60792
WI,Stockbridge,44.07167,-88.29889
WI,Stockholm,44.50044,-92.22843
WI,Stoddard,43.69123,-91.19188
WI,Stone Lake,45.83373,-91.50929
WI,Stoughton,42.92901,-89.22399
WI,Stratford,44.78988,-90.05832
WI,Strum,44.56736,-91.38327
WI,Sturgeon Bay,44.84384,-87.37531
WI,Sturtevant,42.69673,-87.90308
WI,Suamico,44.63194,-88.03917
WI,Sullivan,42.99825,-88.60257
WI,Summit Lake,45.32041,-89.18074
WI,Sun Prairie,43.1869,-89.22266
WI,Superior,46.70155,-92.09117
WI,Suring,45.01855,-88.36277
WI,Sussex,43.14406,-88.22706
WI,Taylor,44.28986,-91.11275
WI,Theresa,43.50448,-88.44777
WI,Thiensville,43.22514,-87.95936
WI,Thorp,44.95732,-90.80286
WI,Three Lakes,45.80463,-89.13279
WI,Tigerton,44.72994,-89.05689
WI,Tilleda,44.81181,-88.9075
WI,Tisch Mills,44.32722,-87.62361
WI,Tomah,43.99483,-90.4917
WI,Tomahawk,45.49631,-89.72727
WI,Tony,45.47408,-90.98694
WI,Townsend,45.31482,-88.61074
WI,Trego,45.95156,-91.85805
WI,Trempealeau,44.02184,-91.4282
WI,Trevor,42.52011,-88.13869
WI,Tripoli,45.58139,-89.98522
WI,Tunnel City,44.00722,-90.56556
WI,Turtle Lake,45.42135,-92.17814
WI,Twin Lakes,42.52317,-88.25732
WI,Two Rivers,44.16601,-87.5855
WI,Union Center,43.68528,-90.26667
WI,Union Grove,42.68964,-88.039
WI,Unity,44.82268,-90.32207
WI,Upson,46.37612,-90.40514
WI,Valders,44.04198,-87.88118
WI,Van Dyne,43.8734,-88.51001
WI,Verona,42.99991,-89.55225
WI,Vesper,44.46766,-89.98255
WI,Viola,43.50476,-90.65542
WI,Viroqua,43.54419,-90.89387
WI,Wabeno,45.43317,-88.66246
WI,Waldo,43.65709,-87.97217
WI,Wales,43.00879,-88.37874
WI,Walworth,42.535,-88.60274
WI,Warrens,44.15697,-90.49669
WI,Wascott,46.1725,-91.79806
WI,Washburn,46.68059,-90.90952
WI,Washington Island,45.37404,-86.91366
WI,Waterford,42.79688,-88.19335
WI,Waterloo,43.18317,-88.98383
WI,Watertown,43.19297,-88.71851
WI,Watertown,43.19472,-88.72889
WI,Waukau,43.98917,-88.77167
WI,Waukesha,42.9993,-88.21956
WI,Waunakee,43.18183,-89.45317
WI,Waupaca,44.3481,-89.11014
WI,Waupun,43.63244,-88.73725
WI,Wausau,44.96343,-89.63396
WI,Wausaukee,45.34951,-87.90988
WI,Wautoma,44.06558,-89.26655
WI,Wauzeka,43.11426,-90.92388
WI,Webster,45.874,-92.32272
WI,West Bend,43.42528,-88.18333
WI,West Salem,43.90625,-91.08931
WI,Westboro,45.34454,-90.30719
WI,Westby,43.66312,-90.87403
WI,Westfield,43.89679,-89.50202
WI,Weyauwega,44.32097,-88.94105
WI,Weyerhaeuser,45.42635,-91.42894
WI,Wheeler,45.07186,-91.88706
WI,White Lake,45.17146,-88.75549
WI,Whitehall,44.38268,-91.30295
WI,Whitelaw,44.15727,-87.8267
WI,Whitewater,42.82717,-88.74286
WI,Wild Rose,44.18343,-89.19525
WI,Willard,44.72738,-90.7499
WI,Williams Bay,42.57668,-88.54309
WI,Wilmot,42.51278,-88.18194
WI,Wilson,44.94658,-92.19654
WI,Wilton,43.83221,-90.51618
WI,Windsor,43.21412,-89.34147
WI,Winnebago,44.07583,-88.525
WI,Winneconne,44.1187,-88.72138
WI,Winter,45.84142,-90.94959
WI,Wisconsin Dells,43.65079,-89.76652
WI,Wisconsin Rapids,44.3758,-89.80623
WI,Withee,44.97573,-90.60486
WI,Wittenberg,44.82325,-89.16648
WI,Wonewoc,43.62848,-90.23936
WI,Woodford,42.64861,-89.8625
WI,Woodland,43.37028,-88.51861
WI,Woodman,43.0577,-90.82454
WI,Woodruff,45.91858,-89.69545
WI,Woodville,44.94081,-92.2848
WI,Woodworth,42.55806,-88.00111
WI,Wrightstown,44.33838,-88.12177
WI,Wyocena,43.49583,-89.30833
WI,Zachow,44.74028,-88.44472
WI,Zenda,42.51194,-88.48167
WV,Accoville,37.76861,-81.83722
WV,Adrian,38.91342,-80.28866
WV,Advent,38.6236,-81.57206
WV,Albright,39.57012,-79.63581
WV,Alderson,37.73015,-80.67131
WV,Alkol,38.16088,-81.98397
WV,Allen Junction,37.58917,-81.35083
WV,Alloy,38.1375,-81.27444
WV,Alma,39.42976,-80.81716
WV,Alum Bridge,39.04247,-80.6882
WV,Alum Creek,38.28581,-81.78626
WV,Amherstdale,37.79559,-81.75891
WV,Amigo,37.59211,-81.34914
WV,Amma,38.54552,-81.25318
WV,Anawalt,37.33583,-81.43667
WV,Anmoore,39.25667,-80.2925
WV,Ansted,38.13686,-81.09549
WV,Apple Grove,38.71307,-82.17256
WV,Arbovale,38.45457,-79.7934
WV,Arnett,37.85021,-81.43548
WV,Arnoldsburg,38.8227,-81.15514
WV,Arthurdale,39.495,-79.81528
WV,Artie,37.91814,-81.37877
WV,Asbury,37.84877,-80.56532
WV,Ashford,38.18229,-81.71132
WV,Ashton,38.6571,-82.10891
WV,Athens,37.4323,-80.99736
WV,Auburn,39.08638,-80.88366
WV,Augusta,39.29982,-78.59309
WV,Aurora,39.30472,-79.57109
WV,Avondale,37.4125,-81.78444
WV,Baisden,37.57149,-81.93276
WV,Baker,39.06559,-78.77483
WV,Bakerton,39.36278,-77.76333
WV,Ballard,37.49803,-80.76139
WV,Bancroft,38.50944,-81.84
WV,Barboursville,38.38927,-82.29597
WV,Barrackville,39.50361,-80.16694
WV,Bartley,37.34056,-81.73778
WV,Bartow,38.55127,-79.79524
WV,Baxter,39.53606,-80.14169
WV,Bayard,39.25417,-79.39806
WV,Beaver,37.75158,-81.0731
WV,Beckley,37.79321,-81.20608
WV,Beech Bottom,40.22639,-80.65167
WV,Beeson,37.49089,-81.20622
WV,Belington,39.02444,-79.94951
WV,Belle,38.22538,-81.50581
WV,Belleville,39.13142,-81.69232
WV,Belmont,39.36793,-81.27881
WV,Belva,38.24911,-81.15657
WV,Benwood,40.0133,-80.71603
WV,Berea,39.13045,-80.92232
WV,Bergoo,38.48639,-80.30083
WV,Berkeley Springs,39.58736,-78.21922
WV,Berwind,37.2475,-81.64111
WV,Bethany,40.202,-80.55463
WV,Beverly,38.82802,-79.86512
WV,Bickmore,38.36595,-81.10684
WV,Big Bend,38.97194,-81.13603
WV,Big Creek,38.00456,-82.01606
WV,Big Run,39.59414,-80.58372
WV,Big Sandy,37.46417,-81.69833
WV,Big Springs,38.99631,-81.06981
WV,Bim,37.89344,-81.68805
WV,Birch River,38.49142,-80.74587
WV,Blacksville,39.69582,-80.23265
WV,Blair,37.87833,-81.82806
WV,Bloomery,39.32861,-78.38156
WV,Bloomingrose,38.14119,-81.63674
WV,Blount,38.31212,-81.40519
WV,Blue Creek,38.45056,-81.4575
WV,Blue Jay,37.73694,-81.13806
WV,Bluefield,37.27979,-81.22902
WV,Bob White,37.95871,-81.72088
WV,Bolt,37.7673,-81.41561
WV,Bomont,38.40729,-81.21999
WV,Boomer,38.15056,-81.2875
WV,Borderland,37.71389,-82.30917
WV,Bowden,38.93486,-79.61935
WV,Bradley,37.86528,-81.19417
WV,Bradshaw,37.35,-81.80167
WV,Bramwell,37.33211,-81.32556
WV,Branchland,38.26944,-82.26837
WV,Brandywine,38.6357,-79.20963
WV,Breeden,37.91975,-82.25475
WV,Brenton,37.58436,-81.6495
WV,Bretz,39.54222,-79.80083
WV,Bridgeport,39.29537,-80.24269
WV,Brohard,39.03376,-81.17753
WV,Bruceton Mills,39.64539,-79.61594
WV,Bruno,37.69056,-81.86917
WV,Buckeye,38.18151,-80.13934
WV,Buckhannon,38.98407,-80.21782
WV,Bud,37.5375,-81.37944
WV,Buffalo,38.60924,-81.94997
WV,Bunker Hill,39.32755,-78.04872
WV,Burlington,39.38871,-78.91228
WV,Burnsville,38.85039,-80.65899
WV,Burton,39.66798,-80.40593
WV,Cabin Creek,38.18579,-81.51526
WV,Cabins,38.9512,-79.27833
WV,Cairo,39.23249,-81.15543
WV,Caldwell,37.77349,-80.3773
WV,Calvin,38.32768,-80.70163
WV,Camden,39.08927,-80.59153
WV,Camden On Gauley,38.37925,-80.59141
WV,Cameron,39.82272,-80.56688
WV,Camp Creek,37.48405,-81.11107
WV,Cannelton,38.19417,-81.29611
WV,Canvas,38.26244,-80.74464
WV,Capon Bridge,39.2802,-78.46441
WV,Capon Springs,39.13611,-78.48472
WV,Carolina,39.48028,-80.27361
WV,Cass,38.43366,-79.88528
WV,Cassville,39.66556,-80.06389
WV,Cedar Grove,38.21329,-81.40671
WV,Cedarville,38.83971,-80.84034
WV,Center Point,39.41247,-80.63523
WV,Ceredo,38.39639,-82.55889
WV,Chapmanville,37.93854,-82.05124
WV,Charles Town,39.27708,-77.85625
WV,Charleston,38.349,-81.63061
WV,Charlton Heights,38.12361,-81.23417
WV,Charmco,37.98948,-80.70775
WV,Chattaroy,37.70333,-82.28111
WV,Chauncey,37.76611,-81.98778
WV,Chester,40.59811,-80.55844
WV,Chloe,38.6712,-81.09013
WV,Circleville,38.62304,-79.53672
WV,Clarksburg,39.27842,-80.34868
WV,Clay,38.47635,-81.06959
WV,Clear Creek,37.89158,-81.32087
WV,Clear Fork,37.6463,-81.68927
WV,Clendenin,38.47769,-81.35604
WV,Cleveland,38.83922,-80.34285
WV,Clothier,37.79333,-81.98814
WV,Coal City,37.66611,-81.18444
WV,Coal Mountain,37.68849,-81.70786
WV,Coalton,38.91438,-79.97672
WV,Coalwood,37.38722,-81.65278
WV,Colcord,37.94917,-81.4437
WV,Colfax,39.43472,-80.13194
WV,Colliers,40.34839,-80.54934
WV,Comfort,38.13719,-81.59618
WV,Cool Ridge,37.65735,-81.10528
WV,Copen,38.83056,-80.72848
WV,Cora,37.83417,-82.02667
WV,Corinne,37.57278,-81.35667
WV,Costa,38.16469,-81.70802
WV,Cottageville,38.86328,-81.81861
WV,Covel,37.49083,-81.32278
WV,Cowen,38.41327,-80.53581
WV,Coxs Mills,39.0021,-80.87459
WV,Crab Orchard,37.72051,-81.2491
WV,Craigsville,38.32539,-80.64438
WV,Crawford,38.84007,-80.40075
WV,Crawley,37.93968,-80.6309
WV,Creston,38.9378,-81.2369
WV,Crum,37.93888,-82.46236
WV,Cucumber,37.27778,-81.62694
WV,Culloden,38.41983,-82.06896
WV,Cyclone,37.74466,-81.65046
WV,Dailey,38.79861,-79.89639
WV,Dallas,39.97834,-80.5508
WV,Danese,37.90362,-80.94711
WV,Daniels,37.73225,-81.13911
WV,Danville,38.03356,-81.85423
WV,Davin,37.7265,-81.80571
WV,Davis,39.08823,-79.45628
WV,Davisville,39.21263,-81.47986
WV,Davy,37.46834,-81.66789
WV,Dawes,38.14278,-81.45222
WV,Deep Water,38.12667,-81.26389
WV,Delbarton,37.70383,-82.13192
WV,Dellslow,39.60694,-79.89222
WV,Delray,39.17956,-78.63943
WV,Diana,38.57547,-80.43196
WV,Dille,38.4747,-80.85378
WV,Dingess,37.87034,-82.19511
WV,Dixie,38.26631,-81.18625
WV,Dorothy,37.96219,-81.49684
WV,Dothan,37.96722,-81.22222
WV,Drennen,38.25873,-81.00887
WV,Dry Creek,37.86069,-81.4814
WV,Drybranch,38.18,-81.46694
WV,Dryfork,38.95762,-79.4534
WV,Duck,38.56465,-80.97642
WV,Dunbar,38.36827,-81.74247
WV,Dunlow,38.02829,-82.38266
WV,Dunmore,38.3636,-79.85556
WV,Durbin,38.61631,-79.79346
WV,East Bank,38.21806,-81.44306
WV,East Lynn,38.19947,-82.32793
WV,Eccles,37.78306,-81.26611
WV,Eckman,37.40444,-81.46444
WV,Edgarton,37.58028,-82.10472
WV,Edmond,38.05444,-81.03263
WV,Eglon,39.29251,-79.51092
WV,Elbert,37.31806,-81.54417
WV,Eleanor,38.53667,-81.93167
WV,Elizabeth,39.05662,-81.39889
WV,Elk Garden,39.36309,-79.15387
WV,Elkhorn,37.38556,-81.41111
WV,Elkins,38.9253,-79.84712
WV,Elkview,38.43232,-81.48174
WV,Ellamore,38.93397,-80.09261
WV,Ellenboro,39.28236,-81.06038
WV,Elton,37.84683,-80.82521
WV,Enterprise,39.426,-80.3167
WV,Erbacon,38.54186,-80.57423
WV,Eskdale,38.10694,-81.44917
WV,Ethel,37.86639,-81.9125
WV,Evans,38.81128,-81.79086
WV,Exchange,38.80687,-80.76812
WV,Fairdale,37.78658,-81.40176
WV,Fairlea,37.78056,-80.45722
WV,Fairmont,39.47268,-80.14604
WV,Fairview,39.61033,-80.25292
WV,Falling Rock,38.47558,-81.38087
WV,Falling Waters,39.58647,-77.88515
WV,Fanrock,37.56272,-81.62363
WV,Farmington,39.50287,-80.25664
WV,Fayetteville,38.06277,-81.08097
WV,Fenwick,38.24466,-80.63497
WV,Fisher,39.04796,-78.98876
WV,Flat Top,37.55003,-81.12798
WV,Flatwoods,38.72447,-80.63848
WV,Flemington,39.27107,-80.12818
WV,Follansbee,40.32955,-80.58495
WV,Folsom,39.46934,-80.52581
WV,Forest Hill,37.56005,-80.81492
WV,Fort Ashby,39.49704,-78.7743
WV,Fort Gay,38.1335,-82.55412
WV,Foster,38.09082,-81.76588
WV,Four States,39.47972,-80.31
WV,Frametown,38.63683,-80.87742
WV,Frankford,37.90361,-80.36469
WV,Franklin,38.63999,-79.35378
WV,Fraziers Bottom,38.55168,-82.01107
WV,Freeman,37.33,-81.30806
WV,French Creek,38.85115,-80.27434
WV,Frenchton,38.87278,-80.35667
WV,Friendly,39.50244,-81.03454
WV,Gallagher,38.18941,-81.38623
WV,Gallipolis Ferry,38.76503,-82.1535
WV,Galloway,39.23167,-80.12222
WV,Gandeeville,38.70338,-81.42433
WV,Gap Mills,37.52798,-80.3905
WV,Gary,37.36361,-81.55028
WV,Gassaway,38.68619,-80.78634
WV,Gauley Bridge,38.1689,-81.19596
WV,Gay,38.79784,-81.5703
WV,Genoa,38.08891,-82.46692
WV,Gerrardstown,39.37804,-78.11412
WV,Ghent,37.62079,-81.10192
WV,Gilbert,37.59415,-81.86647
WV,Gilboa,38.2983,-80.95223
WV,Given,38.71305,-81.68254
WV,Glady,38.86693,-79.7342
WV,Glasgow,38.21528,-81.42472
WV,Glen,38.36899,-81.2234
WV,Glen Dale,39.95973,-80.73226
WV,Glen Daniel,37.7547,-81.40329
WV,Glen Easton,39.85312,-80.66607
WV,Glen Ferris,38.15306,-81.215
WV,Glen Fork,37.64469,-81.54021
WV,Glen Jean,37.92639,-81.15028
WV,Glen Rogers,37.72169,-81.42899
WV,Glen White,37.73028,-81.28
WV,Glengary,39.38389,-78.15583
WV,Glenville,38.93362,-80.82783
WV,Glenwood,38.54494,-82.14343
WV,Gordon,37.97819,-81.67132
WV,Gormania,39.2715,-79.34014
WV,Grafton,39.34139,-80.02851
WV,Grant Town,39.55806,-80.18194
WV,Grantsville,38.93244,-81.07629
WV,Granville,39.64583,-79.9875
WV,Grassy Meadows,37.84276,-80.73024
WV,Great Cacapon,39.58356,-78.33312
WV,Green Bank,38.40966,-79.80154
WV,Green Spring,39.50293,-78.62719
WV,Green Sulphur Springs,37.80855,-80.83992
WV,Greenville,37.52118,-80.67613
WV,Griffithsville,38.24699,-81.98203
WV,Gypsy,39.36861,-80.31806
WV,Hacker Valley,38.67958,-80.40234
WV,Halltown,39.31389,-77.79806
WV,Hambleton,39.11684,-79.64156
WV,Hamlin,38.28956,-82.1047
WV,Handley,38.18694,-81.36556
WV,Hanover,37.56303,-81.81362
WV,Hansford,38.12716,-81.39503
WV,Harman,38.92337,-79.5246
WV,Harper,37.79861,-81.26167
WV,Harpers Ferry,39.31528,-77.76945
WV,Harrisville,39.19961,-81.04597
WV,Hartford,38.98611,-81.99222
WV,Harts,38.00888,-82.15536
WV,Haywood,39.38111,-80.33611
WV,Heaters,38.75581,-80.64288
WV,Hedgesville,39.54703,-78.05602
WV,Helen,37.63472,-81.31417
WV,Helvetia,38.77126,-80.13817
WV,Hemphill,37.44472,-81.59556
WV,Henderson,38.82651,-82.13638
WV,Hendricks,39.07481,-79.6303
WV,Henlawson,37.90222,-81.98833
WV,Hensley,37.47389,-81.7
WV,Hepzibah,39.3325,-80.33556
WV,Herndon,37.52643,-81.34678
WV,Hernshaw,38.19421,-81.61299
WV,Hewett,37.9581,-81.85092
WV,Hiawatha,37.44,-81.24417
WV,Hico,38.10937,-80.96376
WV,High View,39.2225,-78.44255
WV,Hillsboro,38.12594,-80.24458
WV,Hilltop,37.94278,-81.15111
WV,Hinton,37.66398,-80.86778
WV,Holden,37.82417,-82.05972
WV,Hometown,38.53278,-81.86139
WV,Horner,38.97263,-80.36558
WV,Hugheston,38.20944,-81.37278
WV,Hundred,39.69174,-80.47455
WV,Huntington,38.38494,-82.50365
WV,Huntington,38.40973,-82.44235
WV,Hurricane,38.42574,-81.99433
WV,Huttonsville,38.67843,-79.97754
WV,Iaeger,37.44988,-81.81199
WV,Idamay,39.49694,-80.25722
WV,Ikes Fork,37.52194,-81.80444
WV,Independence,39.44637,-79.88216
WV,Indore,38.33967,-81.15749
WV,Institute,38.38361,-81.76556
WV,Inwood,39.37009,-78.02419
WV,Ireland,38.76769,-80.477
WV,Isaban,37.53,-81.88833
WV,Itmann,37.57333,-81.41833
WV,Ivydale,38.53048,-81.03351
WV,Jacksonburg,39.54155,-80.6437
WV,Jane Lew,39.10999,-80.43106
WV,Jeffrey,37.95702,-81.8003
WV,Jenkinjones,37.29333,-81.42333
WV,Jesse,37.66084,-81.56283
WV,Jolo,37.33243,-81.8316
WV,Josephine,37.62214,-81.21758
WV,Julian,38.12644,-81.86419
WV,Jumping Branch,37.63973,-80.99572
WV,Junior,38.97861,-79.94972
WV,Justice,37.58861,-81.83556
WV,Kanawha Falls,38.10793,-81.16275
WV,Kanawha Head,38.76183,-80.37273
WV,Kearneysville,39.32199,-77.95876
WV,Kegley,37.40838,-81.14012
WV,Kellysville,37.34472,-80.92806
WV,Kenna,38.62389,-81.65172
WV,Kenova,38.38603,-82.57365
WV,Kerens,39.02985,-79.77543
WV,Kermit,37.86425,-82.37407
WV,Keslers Cross Lanes,38.22576,-80.93336
WV,Keyser,39.43041,-78.98867
WV,Kiahsville,38.07774,-82.25621
WV,Kimball,37.42556,-81.50694
WV,Kimberly,38.12493,-81.32172
WV,Kincaid,38.03207,-81.26897
WV,Kingmont,39.44694,-80.17611
WV,Kingwood,39.48191,-79.70629
WV,Kistler,37.75611,-81.86028
WV,Kopperston,37.74833,-81.56972
WV,Kyle,37.40806,-81.42583
WV,Lahmansville,39.16423,-79.04332
WV,Lake,37.94619,-81.95115
WV,Lanark,37.8275,-81.14639
WV,Lansing,38.11079,-81.02772
WV,Lashmeet,37.442,-81.21385
WV,Lavalette,38.33046,-82.42871
WV,Layland,37.86578,-80.99245
WV,Le Roy,38.95755,-81.57245
WV,Left Hand,38.60629,-81.24667
WV,Leivasy,38.13502,-80.71721
WV,Lenore,37.79944,-82.26934
WV,Leon,38.75305,-81.90924
WV,Lerona,37.4925,-80.97957
WV,Lesage,38.47703,-82.29567
WV,Leslie,38.04444,-80.72306
WV,Lester,37.72652,-81.30954
WV,Letart,38.93108,-81.97513
WV,Levels,39.49764,-78.55078
WV,Lewisburg,37.80825,-80.44067
WV,Liberty,38.61998,-81.76781
WV,Lindside,37.48165,-80.62028
WV,Linn,38.95729,-80.73005
WV,Little Birch,38.58105,-80.70629
WV,Littleton,39.65921,-80.56948
WV,Lizemores,38.33661,-81.16326
WV,Lochgelly,38.01056,-81.14528
WV,Logan,37.84749,-82.00209
WV,London,38.19444,-81.36889
WV,Lookout,38.05282,-80.92006
WV,Looneyville,38.66411,-81.28219
WV,Lorado,37.80111,-81.74444
WV,Lorentz,39.01,-80.30167
WV,Lost City,38.89536,-78.82268
WV,Lost Creek,39.17253,-80.37767
WV,Lumberport,39.37811,-80.36764
WV,Lyburn,37.77427,-81.92929
WV,Lynco,37.69806,-81.67722
WV,Maben,37.65429,-81.39137
WV,Mabie,38.82216,-80.01306
WV,Mabscott,37.77083,-81.20861
WV,Mac Arthur,37.75167,-81.21833
WV,Macfarlan,39.08058,-81.17763
WV,Madison,38.04443,-81.79376
WV,Maidsville,39.70931,-80.08319
WV,Mallory,37.73056,-81.83806
WV,Mammoth,38.25832,-81.35089
WV,Man,37.72953,-81.86523
WV,Mannington,39.52203,-80.35524
WV,Marianna,37.61142,-81.57605
WV,Marlinton,38.2293,-80.06088
WV,Martinsburg,39.45996,-77.95892
WV,Mason,39.00644,-82.02822
WV,Masontown,39.57641,-79.80099
WV,Matewan,37.64954,-82.14569
WV,Matheny,37.66196,-81.59571
WV,Mathias,38.87444,-78.88141
WV,Matoaka,37.44178,-81.26802
WV,Maxwelton,37.90046,-80.42749
WV,Maybeury,37.36833,-81.36667
WV,Maysel,38.49392,-81.12265
WV,Maysville,39.07117,-79.1937
WV,Mc Graws,37.67639,-81.44056
WV,Mcmechen,39.98779,-80.73082
WV,Meadow Bridge,37.87805,-80.85214
WV,Meadow Creek,37.80482,-80.91742
WV,Meadowbrook,39.33537,-80.32567
WV,Metz,39.60776,-80.41681
WV,Miami,38.15222,-81.44806
WV,Middlebourne,39.50537,-80.88607
WV,Midkiff,38.14391,-82.15423
WV,Midway,37.71778,-81.21917
WV,Milam,38.81253,-79.07294
WV,Mill Creek,38.73249,-79.97857
WV,Millstone,38.86029,-81.08635
WV,Millville,39.29389,-77.78611
WV,Millwood,38.89621,-81.82483
WV,Milton,38.41398,-82.14578
WV,Minden,37.97583,-81.11972
WV,Mineral Wells,39.21,-81.5305
WV,Moatsville,39.21227,-79.92157
WV,Mohawk,37.48793,-81.91417
WV,Montana Mines,39.51861,-80.10861
WV,Montcalm,37.35167,-81.25167
WV,Monterville,38.55171,-80.12239
WV,Montgomery,38.14123,-81.28135
WV,Montrose,39.09636,-79.78958
WV,Moorefield,39.05681,-78.97793
WV,Morgantown,39.6368,-80.018
WV,Moundsville,39.91482,-80.73097
WV,Mount Alto,38.86394,-81.87837
WV,Mount Carbon,38.1601,-81.33337
WV,Mount Clare,39.21071,-80.28995
WV,Mount Gay,37.84139,-82.00889
WV,Mount Hope,37.91105,-81.17042
WV,Mount Lookout,38.18211,-80.91077
WV,Mount Nebo,38.19706,-80.8202
WV,Mount Olive,38.23778,-81.23361
WV,Mount Storm,39.26522,-79.22545
WV,Mount Zion,38.87745,-81.11947
WV,Mullens,37.58417,-81.38902
WV,Munday,39.02142,-81.20405
WV,Myra,38.21978,-82.1351
WV,Nallen,38.10829,-80.88578
WV,Naoma,37.91538,-81.52137
WV,Napier,38.77462,-80.5841
WV,Naugatuck,37.78972,-82.34917
WV,Nebo,38.62707,-81.02566
WV,Nellis,38.15207,-81.7399
WV,Nemours,37.30139,-81.30444
WV,Neola,37.96583,-80.13028
WV,Nettie,38.20904,-80.69527
WV,New Creek,39.36115,-79.04521
WV,New Cumberland,40.52278,-80.59011
WV,New Haven,38.985,-81.97333
WV,New Manchester,40.53139,-80.58028
WV,New Martinsville,39.6588,-80.85654
WV,New Milton,39.18992,-80.70762
WV,New Richmond,37.57,-81.48889
WV,Newburg,39.40272,-79.82804
WV,Newell,40.61397,-80.60113
WV,Newhall,37.26361,-81.61889
WV,Newton,38.60522,-81.16758
WV,Newtown,37.62778,-82.08583
WV,Nimitz,37.62858,-80.94462
WV,Nitro,38.41932,-81.82931
WV,Normantown,38.88017,-80.94194
WV,North Matewan,37.62639,-82.14833
WV,North Spring,37.51795,-81.79728
WV,Northfork,37.39526,-81.41584
WV,Norton,38.93167,-79.96583
WV,Oakvale,37.33417,-80.96278
WV,Oceana,37.70387,-81.62156
WV,Odd,37.593,-81.18718
WV,Old Fields,39.15024,-78.95094
WV,Omar,37.72237,-82.00493
WV,Ona,38.45285,-82.21809
WV,Onego,38.80172,-79.4507
WV,Orgas,38.07365,-81.57383
WV,Orlando,38.88535,-80.56012
WV,Orma,38.73598,-81.09614
WV,Osage,39.65667,-80.01167
WV,Ottawa,37.95861,-81.81667
WV,Paden City,39.60441,-80.92648
WV,Page,38.05278,-81.27
WV,Pageton,37.34917,-81.46556
WV,Palestine,38.97414,-81.42803
WV,Panther,37.48333,-81.89611
WV,Parkersburg,39.26443,-81.53541
WV,Parsons,39.10586,-79.67345
WV,Paw Paw,39.4923,-78.45857
WV,Pax,37.90972,-81.26444
WV,Paynesville,37.36527,-81.68449
WV,Peach Creek,37.87444,-81.985
WV,Pecks Mill,37.92978,-81.96538
WV,Pence Springs,37.67669,-80.70923
WV,Pennsboro,39.29206,-80.95848
WV,Pentress,39.71028,-80.16056
WV,Petersburg,38.9766,-79.1307
WV,Peterstown,37.41471,-80.7686
WV,Petroleum,39.17414,-81.24061
WV,Peytona,38.12495,-81.70184
WV,Philippi,39.15079,-80.03853
WV,Pickens,38.68424,-80.20978
WV,Piedmont,39.4799,-79.04886
WV,Pinch,38.40861,-81.48194
WV,Pine Grove,39.56507,-80.67721
WV,Pineville,37.58402,-81.53364
WV,Piney View,37.83611,-81.135
WV,Pipestem,37.53034,-80.94634
WV,Poca,38.4883,-81.80511
WV,Point Pleasant,38.86325,-82.11325
WV,Points,39.45721,-78.56415
WV,Pond Gap,38.29043,-81.28658
WV,Pool,38.146,-80.88591
WV,Porters Falls,39.57972,-80.77639
WV,Powellton,38.09917,-81.31792
WV,Pratt,38.21,-81.38417
WV,Premier,37.42222,-81.64389
WV,Prichard,38.23001,-82.5753
WV,Prince,37.85889,-81.05389
WV,Princeton,37.36682,-81.08639
WV,Princewick,37.64346,-81.23102
WV,Procious,38.47217,-81.22629
WV,Proctor,39.72068,-80.76178
WV,Prosperity,37.83639,-81.20194
WV,Pullman,39.19001,-80.93469
WV,Purgitsville,39.26806,-78.90595
WV,Pursglove,39.69954,-80.0618
WV,Quinwood,38.05194,-80.71729
WV,Rachel,39.52254,-80.29569
WV,Racine,38.14952,-81.65574
WV,Ragland,37.7025,-82.1275
WV,Rainelle,37.96611,-80.78206
WV,Raleigh,37.75667,-81.17444
WV,Ranger,38.15561,-82.19078
WV,Ranson,39.29953,-77.86057
WV,Ravencliff,37.69796,-81.49674
WV,Ravenswood,38.94675,-81.75238
WV,Rawl,37.64972,-82.21972
WV,Raysal,37.34306,-81.7825
WV,Reader,39.5836,-80.75158
WV,Red Creek,39.01963,-79.53009
WV,Red House,38.5463,-81.90447
WV,Red Jacket,37.64833,-82.14028
WV,Redstar,37.98487,-81.13442
WV,Reedsville,39.51823,-79.81006
WV,Reedy,38.83712,-81.41979
WV,Renick,37.99217,-80.36529
WV,Reynoldsville,39.28833,-80.435
WV,Rhodell,37.62859,-81.29475
WV,Richwood,38.22299,-80.54448
WV,Ridgeley,39.5818,-78.79201
WV,Ridgeview,38.14858,-81.77255
WV,Ridgeway,39.29722,-78.07194
WV,Rio,39.18066,-78.69355
WV,Ripley,38.80904,-81.70199
WV,Rippon,39.21667,-77.905
WV,Riverton,38.69787,-79.46553
WV,Rivesville,39.55684,-80.14174
WV,Robson,38.09726,-81.24876
WV,Rock,37.38889,-81.21877
WV,Rock Cave,38.78113,-80.31628
WV,Rock Creek,37.83667,-81.48367
WV,Rock View,37.61778,-81.53917
WV,Rockport,39.07977,-81.57133
WV,Roderfield,37.45028,-81.70583
WV,Romney,39.34237,-78.74808
WV,Ronceverte,37.74176,-80.46258
WV,Rosedale,38.7701,-80.90613
WV,Rosemont,39.26861,-80.16306
WV,Rowlesburg,39.22158,-79.64298
WV,Rupert,37.96388,-80.68997
WV,Sabine,37.67861,-81.50167
WV,Saint Albans,38.37743,-81.83046
WV,Saint Marys,39.38597,-81.1725
WV,Salem,39.29476,-80.58979
WV,Salt Rock,38.32654,-82.24704
WV,Sand Fork,38.895,-80.73056
WV,Sandstone,37.75988,-80.87156
WV,Sandyville,38.90928,-81.65431
WV,Sarah Ann,37.71111,-81.9875
WV,Saulsville,37.65557,-81.45771
WV,Saxon,37.78611,-81.43228
WV,Scarbro,37.94707,-81.24573
WV,Scott Depot,38.45006,-81.90048
WV,Secondcreek,37.66025,-80.41808
WV,Selbyville,38.71939,-80.31296
WV,Seneca Rocks,38.82961,-79.38658
WV,Seth,38.09706,-81.63926
WV,Shady Spring,37.6978,-81.1023
WV,Shanks,39.28486,-78.69953
WV,Sharples,37.92028,-81.82944
WV,Shenandoah Junction,39.37108,-77.88924
WV,Shepherdstown,39.43112,-77.81582
WV,Shinnston,39.38881,-80.2834
WV,Shirley,39.39806,-80.76528
WV,Shoals,38.32694,-82.47528
WV,Shock,38.75753,-80.96866
WV,Short Creek,40.18556,-80.67472
WV,Simon,37.61971,-81.75857
WV,Simpson,39.26667,-80.09361
WV,Sinks Grove,37.66208,-80.5169
WV,Sistersville,39.55837,-80.98183
WV,Skelton,37.81056,-81.1875
WV,Slab Fork,37.67961,-81.22793
WV,Slanesville,39.40263,-78.50597
WV,Slatyfork,38.38121,-80.04035
WV,Smithburg,39.28833,-80.73167
WV,Smithers,38.18111,-81.30722
WV,Smithfield,39.5134,-80.55824
WV,Smithville,39.06708,-81.06195
WV,Smoot,37.87717,-80.66804
WV,Snowshoe,38.39722,-80.14167
WV,Sod,38.26297,-81.86814
WV,Sophia,37.7075,-81.25083
WV,Southside,38.71199,-81.9966
WV,Spanishburg,37.46314,-81.10694
WV,Spelter,39.345,-80.31806
WV,Spencer,38.7897,-81.33026
WV,Sprague,37.793,-81.1841
WV,Spring Dale,37.86947,-80.815
WV,Springfield,39.463,-78.69502
WV,Spurlockville,38.07702,-81.99178
WV,Squire,37.23702,-81.58048
WV,Stanaford,37.81583,-81.1525
WV,Stephenson,37.57985,-81.33391
WV,Stollings,37.84194,-81.93333
WV,Sugar Grove,38.52011,-79.29033
WV,Sumerco,38.20529,-81.89432
WV,Summersville,38.30089,-80.83528
WV,Summit Point,39.23375,-77.95855
WV,Surveyor,37.748,-81.33919
WV,Sutton,38.67386,-80.68107
WV,Swiss,38.27906,-81.0807
WV,Switchback,37.37111,-81.38583
WV,Switzer,37.79306,-81.98778
WV,Sylvester,38.00908,-81.54915
WV,Tad,38.33333,-81.49444
WV,Talcott,37.64908,-80.74614
WV,Tallmansville,38.85641,-80.15799
WV,Teays,38.44167,-81.95306
WV,Terra Alta,39.44158,-79.55723
WV,Thomas,39.15052,-79.503
WV,Thornton,39.33288,-79.90964
WV,Thorpe,37.36861,-81.51667
WV,Thurmond,37.95544,-81.07143
WV,Tioga,38.37599,-80.66166
WV,Tornado,38.3357,-81.84755
WV,Triadelphia,40.06994,-80.59529
WV,Troy,39.08388,-80.75492
WV,Tunnelton,39.3625,-79.74782
WV,Turtle Creek,38.04272,-81.8535
WV,Twilight,37.92101,-81.6352
WV,Uneeda,38.03556,-81.78083
WV,Union,37.58017,-80.52477
WV,Upper Tract,38.79495,-79.25859
WV,Upperglade,38.41853,-80.49646
WV,Valley Bend,38.7849,-79.91604
WV,Valley Grove,40.09465,-80.55506
WV,Valley Head,38.53664,-80.04491
WV,Van,37.97115,-81.70217
WV,Varney,37.66917,-82.12222
WV,Verdunville,37.84444,-82.05528
WV,Verner,37.64554,-81.8648
WV,Victor,38.14019,-81.03222
WV,Vienna,39.32509,-81.54114
WV,Volga,39.06844,-80.14321
WV,Waiteville,37.46451,-80.46345
WV,Walker,39.18208,-81.38658
WV,Walkersville,38.85074,-80.48022
WV,Wallace,39.41167,-80.48647
WV,Wallback,38.57254,-81.09354
WV,Walton,38.60226,-81.39576
WV,Wana,39.70207,-80.30511
WV,War,37.33778,-81.71528
WV,Wardensville,39.05624,-78.61746
WV,Warriormine,37.29278,-81.69722
WV,Washington,39.23391,-81.64072
WV,Waverly,39.31568,-81.38194
WV,Wayne,38.22581,-82.43393
WV,Wayside,37.59366,-80.74581
WV,Webster Springs,38.47636,-80.3998
WV,Weirton,40.41367,-80.56831
WV,Welch,37.40003,-81.53441
WV,Wellsburg,40.25479,-80.59606
WV,West Columbia,38.92617,-82.09053
WV,West Hamlin,38.28857,-82.18435
WV,West Liberty,40.16972,-80.59389
WV,West Milford,39.20391,-80.36305
WV,West Union,39.27618,-80.79106
WV,Weston,39.0411,-80.47366
WV,Wharncliffe,37.54516,-81.9566
WV,Wharton,37.88722,-81.67028
WV,Wheeling,40.07274,-80.68513
WV,White Oak,37.68008,-81.05888
WV,White Sulphur Springs,37.81462,-80.27464
WV,Whitesville,37.97868,-81.53401
WV,Whitman,37.81333,-82.02472
WV,Whitmer,38.80829,-79.55775
WV,Widen,38.46611,-80.8575
WV,Wilcoe,37.38111,-81.56417
WV,Wiley Ford,39.61331,-78.77499
WV,Wileyville,39.66259,-80.64725
WV,Wilkinson,37.82778,-81.99778
WV,Williamsburg,37.94421,-80.51732
WV,Williamson,37.69025,-82.26416
WV,Williamstown,39.38243,-81.45661
WV,Wilsonburg,39.2925,-80.3963
WV,Wilsondale,37.9516,-82.38136
WV,Windsor Heights,40.19111,-80.66556
WV,Winfield,38.50718,-81.88997
WV,Winifrede,38.18525,-81.55875
WV,Winona,38.04639,-80.9925
WV,Wolfcreek,37.61879,-80.61125
WV,Wolfe,37.30722,-81.32889
WV,Woodville,38.15703,-81.91128
WV,Worthington,39.45221,-80.29047
WV,Wyatt,39.435,-80.35361
WV,Wyco,37.59889,-81.34306
WV,Wyoming,37.58222,-81.60194
WV,Yawkey,38.21925,-81.95683
WV,Yellow Spring,39.18304,-78.495
WV,Yolyn,37.86651,-81.8727
WY,Afton,42.71283,-110.94198
WY,Aladdin,44.74733,-104.19314
WY,Albin,41.43424,-104.15054
WY,Alcova,42.56838,-106.6102
WY,Alpine,43.17528,-111.03389
WY,Alta,43.75389,-111.03611
WY,Alva,44.69472,-104.44083
WY,Arapahoe,42.96794,-108.49413
WY,Arminto,43.12088,-107.34361
WY,Arvada,44.68988,-106.10919
WY,Auburn,42.80511,-110.99442
WY,Baggs,41.03119,-107.66873
WY,Bairoil,42.23272,-107.56329
WY,Banner,44.5908,-106.87331
WY,Basin,44.37877,-108.04379
WY,Bedford,42.93234,-110.95556
WY,Beulah,44.57357,-104.15309
WY,Big Horn,44.68333,-106.99167
WY,Big Piney,42.55206,-110.13295
WY,Bondurant,43.2238,-110.33529
WY,Bosler,41.56272,-105.81971
WY,Boulder,42.68815,-109.5401
WY,Buffalo,44.34847,-106.70726
WY,Buford,41.14211,-105.4697
WY,Burlington,44.44422,-108.43267
WY,Burns,41.2003,-104.31552
WY,Byron,44.79639,-108.50583
WY,Carpenter,41.04282,-104.27651
WY,Casper,42.84576,-106.31657
WY,Centennial,41.33915,-105.99451
WY,Cheyenne,41.14372,-104.79623
WY,Chugwater,41.74867,-104.81792
WY,Clearmont,44.66101,-106.45807
WY,Cody,44.52314,-109.07561
WY,Cokeville,42.05798,-110.91642
WY,Cora,43.13992,-109.91535
WY,Cowley,44.88333,-108.46889
WY,Crowheart,43.37157,-109.29604
WY,Daniel,42.91763,-110.13362
WY,Dayton,44.87796,-107.3026
WY,Deaver,44.92569,-108.59795
WY,Devils Tower,44.61707,-104.79364
WY,Diamondville,41.77944,-110.53778
WY,Dixon,41.04463,-107.56035
WY,Douglas,42.76256,-105.38548
WY,Dubois,43.54514,-109.64917
WY,Edgerton,43.41306,-106.24889
WY,Elk Mountain,41.6875,-106.41278
WY,Emblem,44.50583,-108.39111
WY,Encampment,41.20535,-106.78029
WY,Etna,43.13861,-111.016
WY,Evanston,41.26095,-110.96307
WY,Evansville,42.86138,-106.26389
WY,Fairview,42.68861,-110.98167
WY,Farson,42.05083,-109.43639
WY,Fort Bridger,41.28282,-110.34743
WY,Fort Laramie,42.21331,-104.52259
WY,Fort Washakie,43.00476,-108.89644
WY,Four Corners,44.10075,-104.1229
WY,Frannie,44.96972,-108.62028
WY,Freedom,43.01717,-111.02918
WY,Frontier,41.81417,-110.53639
WY,Ft Warren Afb,41.1511,-104.861
WY,Garrett,42.14202,-105.55053
WY,Gillette,44.28201,-105.49744
WY,Glendo,42.50035,-105.00001
WY,Glenrock,42.86749,-105.85791
WY,Granger,41.59361,-109.96806
WY,Granite Canon,41.00528,-105.24917
WY,Green River,41.51959,-109.47145
WY,Greybull,44.49188,-108.0795
WY,Grover,42.79647,-110.92439
WY,Guernsey,42.26551,-104.75116
WY,Hanna,41.87264,-106.52828
WY,Hartville,42.33339,-104.72956
WY,Hawk Springs,41.74148,-104.3295
WY,Hiland,42.8375,-106.38722
WY,Hillsdale,41.21278,-104.47694
WY,Horse Creek,41.415,-105.18167
WY,Hudson,42.90611,-108.58278
WY,Hulett,44.73522,-104.61737
WY,Huntley,41.93278,-104.14556
WY,Hyattville,44.25069,-107.60532
WY,Jackson,43.46073,-110.76628
WY,Jay Em,42.3574,-104.31144
WY,Jeffrey City,42.5402,-107.87242
WY,Jelm,41.14572,-105.92573
WY,Kaycee,43.72362,-106.56323
WY,Kelly,43.60936,-110.54419
WY,Kemmerer,41.78866,-110.52834
WY,Kinnear,43.13178,-108.61543
WY,Kirby,43.80444,-108.18083
WY,La Barge,42.24734,-110.21086
WY,Lagrange,41.64231,-104.19738
WY,Lance Creek,43.23164,-104.54496
WY,Lander,42.85968,-108.73829
WY,Laramie,41.31291,-105.58115
WY,Leiter,44.71806,-106.26861
WY,Linch,43.60639,-106.19556
WY,Lingle,42.13462,-104.33199
WY,Little America,41.54361,-109.85833
WY,Lonetree,41.04914,-110.17286
WY,Lost Springs,42.72984,-104.9209
WY,Lovell,44.83364,-108.41411
WY,Lusk,42.76595,-104.46508
WY,Lyman,41.32914,-110.29263
WY,Lysite,43.32842,-107.64878
WY,Manderson,44.31193,-107.95342
WY,Manville,42.77917,-104.61722
WY,Mc Kinnon,41.0409,-109.87454
WY,Medicine Bow,41.903,-106.20123
WY,Meeteetse,44.1962,-108.95005
WY,Meriden,41.54236,-104.28661
WY,Midwest,43.41083,-106.26682
WY,Mills,42.84056,-106.36528
WY,Moorcroft,44.29993,-104.9059
WY,Moose,43.7712,-110.85749
WY,Moran,43.88164,-110.32943
WY,Mountain View,41.26889,-110.33917
WY,Natrona,43.02972,-106.80861
WY,Newcastle,43.8511,-104.2262
WY,Opal,41.76917,-110.32528
WY,Osage,43.99898,-104.4226
WY,Otto,44.40564,-108.30467
WY,Parkman,44.96496,-107.32539
WY,Pavillion,43.19852,-108.60439
WY,Pine Bluffs,41.1788,-104.06659
WY,Pinedale,42.85433,-109.85609
WY,Point Of Rocks,41.68028,-108.785
WY,Powder River,43.03222,-106.98667
WY,Powell,44.75608,-108.77732
WY,Ralston,44.71611,-108.86389
WY,Ranchester,44.90479,-107.15983
WY,Rawlins,41.79513,-107.23488
WY,Recluse,44.78615,-105.776
WY,Reliance,41.66917,-109.19639
WY,Riverton,43.04579,-108.41133
WY,Robertson,41.18528,-110.4125
WY,Rock River,41.74607,-105.97463
WY,Rock Springs,41.60596,-109.23005
WY,Rozet,44.30582,-105.24587
WY,Saddlestring,44.34833,-106.69833
WY,Saint Stephens,42.98389,-108.41583
WY,Saratoga,41.44629,-106.79754
WY,Savery,41.03948,-107.42338
WY,Shawnee,42.83946,-105.03245
WY,Shell,44.56365,-107.82433
WY,Sheridan,44.78486,-106.96479
WY,Shirley Basin,42.22278,-106.52194
WY,Shoshoni,43.24571,-108.10067
WY,Sinclair,41.77974,-107.10908
WY,Smoot,42.61924,-110.92235
WY,Story,44.60717,-107.04923
WY,Sundance,44.40575,-104.3837
WY,Superior,41.76944,-108.97583
WY,Ten Sleep,43.99785,-107.41531
WY,Teton Village,43.58806,-110.82722
WY,Thayne,42.93303,-111.01135
WY,Thermopolis,43.66215,-108.2313
WY,Tie Siding,41.05279,-105.44622
WY,Torrington,42.06238,-104.19166
WY,Upton,44.08927,-104.63516
WY,Van Tassell,42.83,-104.31507
WY,Veteran,41.98209,-104.3709
WY,Walcott,41.76111,-106.84444
WY,Wamsutter,41.65828,-108.15167
WY,Wapiti,44.47967,-109.43263
WY,Weston,44.83569,-105.37324
WY,Wheatland,42.04947,-104.96785
WY,Wilson,43.49922,-110.8742
WY,Wolf,44.76823,-107.30343
WY,Worland,44.0138,-107.95626
WY,Wright,43.82935,-105.53233
WY,Wyarno,44.81333,-106.77333
WY,Yellowstone National Park,44.85391,-110.67437
WY,Yoder,41.91202,-104.35351
